{
"type": "FeatureCollection",
"name": "failures",
"xy_coordinate_resolution": 1e-07,
"features": [
{ "type": "Feature", "properties": { "linha_id": 0, "comp_m": 0.88, "ini_m": 4.52, "fim_m": 5.4, "faixa_id": 2, "classe": "0.50–1.50 m", "_coa_length_m": 0.88, "_coa_class": "0,50–1,50 m" }, "geometry": { "type": "MultiLineString", "coordinates": [ [ [ -48.6598214, -20.922302 ], [ -48.659828, -20.922307 ] ] ] } },
{ "type": "Feature", "properties": { "linha_id": 0, "comp_m": 0.56, "ini_m": 130.68, "fim_m": 131.24, "faixa_id": 2, "classe": "0.50–1.50 m", "_coa_length_m": 0.56, "_coa_class": "0,50–1,50 m" }, "geometry": { "type": "MultiLineString", "coordinates": [ [ [ -48.66077, -20.9230111 ], [ -48.6607742, -20.9230143 ] ] ] } },
{ "type": "Feature", "properties": { "linha_id": 3, "comp_m": 1.812, "ini_m": 479.56, "fim_m": 481.372, "faixa_id": 3, "classe": "1.50–3.00 m", "_coa_length_m": 1.812, "_coa_class": "1,50–3,00 m" }, "geometry": { "type": "MultiLineString", "coordinates": [ [ [ -48.6635765, -20.9251232 ], [ -48.663583, -20.9251287 ], [ -48.6635881, -20.9251353 ] ] ] } },
{ "type": "Feature", "properties": { "linha_id": 4, "comp_m": 0.64, "ini_m": 239.8, "fim_m": 240.44, "faixa_id": 2, "classe": "0.50–1.50 m", "_coa_length_m": 0.64, "_coa_class": "0,50–1,50 m" }, "geometry": { "type": "MultiLineString", "coordinates": [ [ [ -48.6615907, -20.9235892 ], [ -48.6615956, -20.9235926 ] ] ] } },
{ "type": "Feature", "properties": { "linha_id": 5, "comp_m": 1.76, "ini_m": 133.8, "fim_m": 135.56, "faixa_id": 3, "classe": "1.50–3.00 m", "_coa_length_m": 1.759, "_coa_class": "1,50–3,00 m" }, "geometry": { "type": "MultiLineString", "coordinates": [ [ [ -48.6608264, -20.923072 ], [ -48.6608401, -20.9230813 ] ] ] } },
{ "type": "Feature", "properties": { "linha_id": 5, "comp_m": 0.88, "ini_m": 144.52, "fim_m": 145.4, "faixa_id": 2, "classe": "0.50–1.50 m", "_coa_length_m": 0.88, "_coa_class": "0,50–1,50 m" }, "geometry": { "type": "MultiLineString", "coordinates": [ [ [ -48.6609092, -20.9231295 ], [ -48.6609118, -20.9231312 ], [ -48.6609159, -20.9231343 ] ] ] } },
{ "type": "Feature", "properties": { "linha_id": 6, "comp_m": 0.56, "ini_m": 85.64, "fim_m": 86.2, "faixa_id": 2, "classe": "0.50–1.50 m", "_coa_length_m": 0.56, "_coa_class": "0,50–1,50 m" }, "geometry": { "type": "MultiLineString", "coordinates": [ [ [ -48.6605507, -20.9229175 ], [ -48.6605549, -20.9229207 ] ] ] } },
{ "type": "Feature", "properties": { "linha_id": 8, "comp_m": 0.829, "ini_m": 476.12, "fim_m": 476.949, "faixa_id": 2, "classe": "0.50–1.50 m", "_coa_length_m": 0.828, "_coa_class": "0,50–1,50 m" }, "geometry": { "type": "MultiLineString", "coordinates": [ [ [ -48.6635753, -20.9251423 ], [ -48.6635754, -20.9251423 ], [ -48.6635797, -20.9251486 ] ] ] } },
{ "type": "Feature", "properties": { "linha_id": 11, "comp_m": 0.56, "ini_m": 67.64, "fim_m": 68.2, "faixa_id": 2, "classe": "0.50–1.50 m", "_coa_length_m": 0.56, "_coa_class": "0,50–1,50 m" }, "geometry": { "type": "MultiLineString", "coordinates": [ [ [ -48.660492, -20.9229278 ], [ -48.6604963, -20.9229308 ] ] ] } },
{ "type": "Feature", "properties": { "linha_id": 11, "comp_m": 0.952, "ini_m": 471.48, "fim_m": 472.432, "faixa_id": 2, "classe": "0.50–1.50 m", "_coa_length_m": 0.951, "_coa_class": "0,50–1,50 m" }, "geometry": { "type": "MultiLineString", "coordinates": [ [ [ -48.6635662, -20.9251527 ], [ -48.6635722, -20.9251591 ] ] ] } },
{ "type": "Feature", "properties": { "linha_id": 12, "comp_m": 1.032, "ini_m": 467.0, "fim_m": 468.032, "faixa_id": 2, "classe": "0.50–1.50 m", "_coa_length_m": 1.031, "_coa_class": "0,50–1,50 m" }, "geometry": { "type": "MultiLineString", "coordinates": [ [ [ -48.6635557, -20.9251622 ], [ -48.6635561, -20.9251625 ], [ -48.663562, -20.9251694 ] ] ] } },
{ "type": "Feature", "properties": { "linha_id": 13, "comp_m": 1.28, "ini_m": 63.8, "fim_m": 65.08, "faixa_id": 2, "classe": "0.50–1.50 m", "_coa_length_m": 1.28, "_coa_class": "0,50–1,50 m" }, "geometry": { "type": "MultiLineString", "coordinates": [ [ [ -48.6600504, -20.9223918 ], [ -48.6600599, -20.922399 ] ] ] } },
{ "type": "Feature", "properties": { "linha_id": 13, "comp_m": 1.04, "ini_m": 109.48, "fim_m": 110.52, "faixa_id": 2, "classe": "0.50–1.50 m", "_coa_length_m": 1.04, "_coa_class": "0,50–1,50 m" }, "geometry": { "type": "MultiLineString", "coordinates": [ [ [ -48.6603911, -20.9226517 ], [ -48.660399, -20.9226575 ] ] ] } },
{ "type": "Feature", "properties": { "linha_id": 13, "comp_m": 0.64, "ini_m": 186.6, "fim_m": 187.24, "faixa_id": 2, "classe": "0.50–1.50 m", "_coa_length_m": 0.64, "_coa_class": "0,50–1,50 m" }, "geometry": { "type": "MultiLineString", "coordinates": [ [ [ -48.6609785, -20.9230763 ], [ -48.6609834, -20.9230798 ] ] ] } },
{ "type": "Feature", "properties": { "linha_id": 13, "comp_m": 0.72, "ini_m": 315.0, "fim_m": 315.72, "faixa_id": 2, "classe": "0.50–1.50 m", "_coa_length_m": 0.72, "_coa_class": "0,50–1,50 m" }, "geometry": { "type": "MultiLineString", "coordinates": [ [ [ -48.6619583, -20.9237809 ], [ -48.6619629, -20.9237841 ], [ -48.6619638, -20.9237848 ] ] ] } },
{ "type": "Feature", "properties": { "linha_id": 14, "comp_m": 0.72, "ini_m": 60.52, "fim_m": 61.24, "faixa_id": 2, "classe": "0.50–1.50 m", "_coa_length_m": 0.72, "_coa_class": "0,50–1,50 m" }, "geometry": { "type": "MultiLineString", "coordinates": [ [ [ -48.659956, -20.9222984 ], [ -48.6599615, -20.9223024 ] ] ] } },
{ "type": "Feature", "properties": { "linha_id": 14, "comp_m": 0.56, "ini_m": 195.24, "fim_m": 195.8, "faixa_id": 2, "classe": "0.50–1.50 m", "_coa_length_m": 0.56, "_coa_class": "0,50–1,50 m" }, "geometry": { "type": "MultiLineString", "coordinates": [ [ [ -48.6609707, -20.9230534 ], [ -48.660975, -20.9230564 ] ] ] } },
{ "type": "Feature", "properties": { "linha_id": 15, "comp_m": 0.56, "ini_m": 83.96, "fim_m": 84.52, "faixa_id": 2, "classe": "0.50–1.50 m", "_coa_length_m": 0.56, "_coa_class": "0,50–1,50 m" }, "geometry": { "type": "MultiLineString", "coordinates": [ [ [ -48.6606526, -20.9230794 ], [ -48.6606569, -20.9230826 ] ] ] } },
{ "type": "Feature", "properties": { "linha_id": 16, "comp_m": 0.64, "ini_m": 69.16, "fim_m": 69.8, "faixa_id": 2, "classe": "0.50–1.50 m", "_coa_length_m": 0.64, "_coa_class": "0,50–1,50 m" }, "geometry": { "type": "MultiLineString", "coordinates": [ [ [ -48.6605655, -20.9230315 ], [ -48.6605704, -20.9230351 ] ] ] } },
{ "type": "Feature", "properties": { "linha_id": 16, "comp_m": 0.56, "ini_m": 96.36, "fim_m": 96.92, "faixa_id": 2, "classe": "0.50–1.50 m", "_coa_length_m": 0.56, "_coa_class": "0,50–1,50 m" }, "geometry": { "type": "MultiLineString", "coordinates": [ [ [ -48.6607707, -20.9231837 ], [ -48.660775, -20.9231867 ] ] ] } },
{ "type": "Feature", "properties": { "linha_id": 16, "comp_m": 0.683, "ini_m": 459.4, "fim_m": 460.083, "faixa_id": 2, "classe": "0.50–1.50 m", "_coa_length_m": 0.683, "_coa_class": "0,50–1,50 m" }, "geometry": { "type": "MultiLineString", "coordinates": [ [ [ -48.6635344, -20.9251837 ], [ -48.6635392, -20.9251879 ] ] ] } },
{ "type": "Feature", "properties": { "linha_id": 19, "comp_m": 0.8, "ini_m": 150.2, "fim_m": 151.0, "faixa_id": 2, "classe": "0.50–1.50 m", "_coa_length_m": 0.8, "_coa_class": "0,50–1,50 m" }, "geometry": { "type": "MultiLineString", "coordinates": [ [ [ -48.6612641, -20.9235908 ], [ -48.6612702, -20.9235952 ] ] ] } },
{ "type": "Feature", "properties": { "linha_id": 19, "comp_m": 3.76, "ini_m": 151.56, "fim_m": 155.32, "faixa_id": 4, "classe": "3.00–5.00 m", "_coa_length_m": 3.759, "_coa_class": "3,00–5,00 m" }, "geometry": { "type": "MultiLineString", "coordinates": [ [ [ -48.6612745, -20.9235982 ], [ -48.6613033, -20.9236188 ] ] ] } },
{ "type": "Feature", "properties": { "linha_id": 19, "comp_m": 0.56, "ini_m": 363.0, "fim_m": 363.56, "faixa_id": 2, "classe": "0.50–1.50 m", "_coa_length_m": 0.56, "_coa_class": "0,50–1,50 m" }, "geometry": { "type": "MultiLineString", "coordinates": [ [ [ -48.6628838, -20.9247634 ], [ -48.6628882, -20.9247663 ] ] ] } },
{ "type": "Feature", "properties": { "linha_id": 19, "comp_m": 0.801, "ini_m": 445.0, "fim_m": 445.801, "faixa_id": 2, "classe": "0.50–1.50 m", "_coa_length_m": 0.801, "_coa_class": "0,50–1,50 m" }, "geometry": { "type": "MultiLineString", "coordinates": [ [ [ -48.6635087, -20.9252141 ], [ -48.6635127, -20.9252203 ] ] ] } },
{ "type": "Feature", "properties": { "linha_id": 20, "comp_m": 4.76, "ini_m": 0.0, "fim_m": 4.76, "faixa_id": 4, "classe": "3.00–5.00 m", "_coa_length_m": 4.758, "_coa_class": "3,00–5,00 m" }, "geometry": { "type": "MultiLineString", "coordinates": [ [ [ -48.6594281, -20.9218309 ], [ -48.6594494, -20.9218546 ], [ -48.6594565, -20.9218644 ] ] ] } },
{ "type": "Feature", "properties": { "linha_id": 20, "comp_m": 0.56, "ini_m": 9.16, "fim_m": 9.72, "faixa_id": 2, "classe": "0.50–1.50 m", "_coa_length_m": 0.56, "_coa_class": "0,50–1,50 m" }, "geometry": { "type": "MultiLineString", "coordinates": [ [ [ -48.659485, -20.9218935 ], [ -48.659489, -20.9218969 ] ] ] } },
{ "type": "Feature", "properties": { "linha_id": 20, "comp_m": 0.64, "ini_m": 158.68, "fim_m": 159.32, "faixa_id": 2, "classe": "0.50–1.50 m", "_coa_length_m": 0.64, "_coa_class": "0,50–1,50 m" }, "geometry": { "type": "MultiLineString", "coordinates": [ [ [ -48.6605983, -20.9227463 ], [ -48.6606032, -20.9227499 ] ] ] } },
{ "type": "Feature", "properties": { "linha_id": 20, "comp_m": 2.56, "ini_m": 536.84, "fim_m": 539.4, "faixa_id": 3, "classe": "1.50–3.00 m", "_coa_length_m": 2.559, "_coa_class": "1,50–3,00 m" }, "geometry": { "type": "MultiLineString", "coordinates": [ [ [ -48.6634779, -20.9248285 ], [ -48.6634976, -20.9248423 ] ] ] } },
{ "type": "Feature", "properties": { "linha_id": 20, "comp_m": 0.887, "ini_m": 540.84, "fim_m": 541.727, "faixa_id": 2, "classe": "0.50–1.50 m", "_coa_length_m": 0.887, "_coa_class": "0,50–1,50 m" }, "geometry": { "type": "MultiLineString", "coordinates": [ [ [ -48.6635088, -20.92485 ], [ -48.6635158, -20.9248545 ] ] ] } },
{ "type": "Feature", "properties": { "linha_id": 21, "comp_m": 1.24, "ini_m": 0.0, "fim_m": 1.24, "faixa_id": 2, "classe": "0.50–1.50 m", "_coa_length_m": 1.24, "_coa_class": "0,50–1,50 m" }, "geometry": { "type": "MultiLineString", "coordinates": [ [ [ -48.659365, -20.9217854 ], [ -48.6593733, -20.9217935 ] ] ] } },
{ "type": "Feature", "properties": { "linha_id": 21, "comp_m": 0.64, "ini_m": 168.2, "fim_m": 168.84, "faixa_id": 2, "classe": "0.50–1.50 m", "_coa_length_m": 0.64, "_coa_class": "0,50–1,50 m" }, "geometry": { "type": "MultiLineString", "coordinates": [ [ [ -48.6605979, -20.9227635 ], [ -48.6606027, -20.922767 ] ] ] } },
{ "type": "Feature", "properties": { "linha_id": 21, "comp_m": 0.64, "ini_m": 183.08, "fim_m": 183.72, "faixa_id": 2, "classe": "0.50–1.50 m", "_coa_length_m": 0.64, "_coa_class": "0,50–1,50 m" }, "geometry": { "type": "MultiLineString", "coordinates": [ [ [ -48.6607105, -20.9228463 ], [ -48.6607151, -20.9228501 ] ] ] } },
{ "type": "Feature", "properties": { "linha_id": 22, "comp_m": 0.56, "ini_m": 50.6, "fim_m": 51.16, "faixa_id": 2, "classe": "0.50–1.50 m", "_coa_length_m": 0.56, "_coa_class": "0,50–1,50 m" }, "geometry": { "type": "MultiLineString", "coordinates": [ [ [ -48.6605057, -20.9230588 ], [ -48.66051, -20.9230619 ] ] ] } },
{ "type": "Feature", "properties": { "linha_id": 24, "comp_m": 0.96, "ini_m": 11.24, "fim_m": 12.2, "faixa_id": 2, "classe": "0.50–1.50 m", "_coa_length_m": 0.96, "_coa_class": "0,50–1,50 m" }, "geometry": { "type": "MultiLineString", "coordinates": [ [ [ -48.6602456, -20.9229042 ], [ -48.6602529, -20.9229095 ] ] ] } },
{ "type": "Feature", "properties": { "linha_id": 26, "comp_m": 0.56, "ini_m": 113.08, "fim_m": 113.64, "faixa_id": 2, "classe": "0.50–1.50 m", "_coa_length_m": 0.56, "_coa_class": "0,50–1,50 m" }, "geometry": { "type": "MultiLineString", "coordinates": [ [ [ -48.661097, -20.9235529 ], [ -48.6611012, -20.923556 ] ] ] } },
{ "type": "Feature", "properties": { "linha_id": 26, "comp_m": 2.48, "ini_m": 308.04, "fim_m": 310.52, "faixa_id": 3, "classe": "1.50–3.00 m", "_coa_length_m": 2.479, "_coa_class": "1,50–3,00 m" }, "geometry": { "type": "MultiLineString", "coordinates": [ [ [ -48.6625822, -20.9246258 ], [ -48.6625846, -20.9246278 ], [ -48.6626009, -20.9246395 ] ] ] } },
{ "type": "Feature", "properties": { "linha_id": 26, "comp_m": 0.56, "ini_m": 371.24, "fim_m": 371.8, "faixa_id": 2, "classe": "0.50–1.50 m", "_coa_length_m": 0.56, "_coa_class": "0,50–1,50 m" }, "geometry": { "type": "MultiLineString", "coordinates": [ [ [ -48.6630637, -20.9249734 ], [ -48.663068, -20.9249765 ] ] ] } },
{ "type": "Feature", "properties": { "linha_id": 27, "comp_m": 0.56, "ini_m": 2.04, "fim_m": 2.6, "faixa_id": 2, "classe": "0.50–1.50 m", "_coa_length_m": 0.56, "_coa_class": "0,50–1,50 m" }, "geometry": { "type": "MultiLineString", "coordinates": [ [ [ -48.660267, -20.9229702 ], [ -48.6602711, -20.9229734 ] ] ] } },
{ "type": "Feature", "properties": { "linha_id": 30, "comp_m": 0.8, "ini_m": 45.88, "fim_m": 46.68, "faixa_id": 2, "classe": "0.50–1.50 m", "_coa_length_m": 0.8, "_coa_class": "0,50–1,50 m" }, "geometry": { "type": "MultiLineString", "coordinates": [ [ [ -48.6606485, -20.9233001 ], [ -48.6606546, -20.9233045 ] ] ] } },
{ "type": "Feature", "properties": { "linha_id": 31, "comp_m": 0.551, "ini_m": 408.12, "fim_m": 408.671, "faixa_id": 2, "classe": "0.50–1.50 m", "_coa_length_m": 0.55, "_coa_class": "0,50–1,50 m" }, "geometry": { "type": "MultiLineString", "coordinates": [ [ [ -48.6634231, -20.9253277 ], [ -48.6634262, -20.9253318 ] ] ] } },
{ "type": "Feature", "properties": { "linha_id": 32, "comp_m": 0.64, "ini_m": 45.32, "fim_m": 45.96, "faixa_id": 2, "classe": "0.50–1.50 m", "_coa_length_m": 0.64, "_coa_class": "0,50–1,50 m" }, "geometry": { "type": "MultiLineString", "coordinates": [ [ [ -48.6606549, -20.9233375 ], [ -48.6606598, -20.923341 ] ] ] } },
{ "type": "Feature", "properties": { "linha_id": 34, "comp_m": 1.368, "ini_m": 397.08, "fim_m": 398.448, "faixa_id": 2, "classe": "0.50–1.50 m", "_coa_length_m": 1.367, "_coa_class": "0,50–1,50 m" }, "geometry": { "type": "MultiLineString", "coordinates": [ [ [ -48.6633945, -20.925353 ], [ -48.6633958, -20.9253541 ], [ -48.6634046, -20.925361 ] ] ] } },
{ "type": "Feature", "properties": { "linha_id": 35, "comp_m": 1.705, "ini_m": 391.48, "fim_m": 393.185, "faixa_id": 3, "classe": "1.50–3.00 m", "_coa_length_m": 1.704, "_coa_class": "1,50–3,00 m" }, "geometry": { "type": "MultiLineString", "coordinates": [ [ [ -48.6633688, -20.9253699 ], [ -48.6633776, -20.925377 ], [ -48.6633811, -20.9253799 ] ] ] } },
{ "type": "Feature", "properties": { "linha_id": 37, "comp_m": 0.64, "ini_m": 251.88, "fim_m": 252.52, "faixa_id": 2, "classe": "0.50–1.50 m", "_coa_length_m": 0.64, "_coa_class": "0,50–1,50 m" }, "geometry": { "type": "MultiLineString", "coordinates": [ [ [ -48.6623152, -20.9246211 ], [ -48.66232, -20.9246247 ] ] ] } },
{ "type": "Feature", "properties": { "linha_id": 39, "comp_m": 2.0, "ini_m": 31.32, "fim_m": 33.32, "faixa_id": 3, "classe": "1.50–3.00 m", "_coa_length_m": 1.999, "_coa_class": "1,50–3,00 m" }, "geometry": { "type": "MultiLineString", "coordinates": [ [ [ -48.6606472, -20.9234511 ], [ -48.6606628, -20.9234616 ] ] ] } },
{ "type": "Feature", "properties": { "linha_id": 39, "comp_m": 0.72, "ini_m": 36.12, "fim_m": 36.84, "faixa_id": 2, "classe": "0.50–1.50 m", "_coa_length_m": 0.72, "_coa_class": "0,50–1,50 m" }, "geometry": { "type": "MultiLineString", "coordinates": [ [ [ -48.6606843, -20.9234768 ], [ -48.6606898, -20.9234807 ] ] ] } },
{ "type": "Feature", "properties": { "linha_id": 39, "comp_m": 0.64, "ini_m": 83.8, "fim_m": 84.44, "faixa_id": 2, "classe": "0.50–1.50 m", "_coa_length_m": 0.64, "_coa_class": "0,50–1,50 m" }, "geometry": { "type": "MultiLineString", "coordinates": [ [ [ -48.6610474, -20.9237393 ], [ -48.6610523, -20.9237428 ] ] ] } },
{ "type": "Feature", "properties": { "linha_id": 39, "comp_m": 0.8, "ini_m": 256.04, "fim_m": 256.84, "faixa_id": 2, "classe": "0.50–1.50 m", "_coa_length_m": 0.8, "_coa_class": "0,50–1,50 m" }, "geometry": { "type": "MultiLineString", "coordinates": [ [ [ -48.6623596, -20.924687 ], [ -48.6623657, -20.9246915 ] ] ] } },
{ "type": "Feature", "properties": { "linha_id": 39, "comp_m": 3.12, "ini_m": 262.84, "fim_m": 265.96, "faixa_id": 4, "classe": "3.00–5.00 m", "_coa_length_m": 3.119, "_coa_class": "3,00–5,00 m" }, "geometry": { "type": "MultiLineString", "coordinates": [ [ [ -48.6624111, -20.9247248 ], [ -48.6624172, -20.9247293 ], [ -48.662435, -20.9247419 ] ] ] } },
{ "type": "Feature", "properties": { "linha_id": 41, "comp_m": 0.64, "ini_m": 48.12, "fim_m": 48.76, "faixa_id": 2, "classe": "0.50–1.50 m", "_coa_length_m": 0.64, "_coa_class": "0,50–1,50 m" }, "geometry": { "type": "MultiLineString", "coordinates": [ [ [ -48.6607806, -20.9235798 ], [ -48.6607855, -20.9235833 ] ] ] } },
{ "type": "Feature", "properties": { "linha_id": 41, "comp_m": 0.72, "ini_m": 239.88, "fim_m": 240.6, "faixa_id": 2, "classe": "0.50–1.50 m", "_coa_length_m": 0.72, "_coa_class": "0,50–1,50 m" }, "geometry": { "type": "MultiLineString", "coordinates": [ [ [ -48.6622418, -20.9246347 ], [ -48.6622473, -20.9246387 ] ] ] } },
{ "type": "Feature", "properties": { "linha_id": 42, "comp_m": 0.56, "ini_m": 1.56, "fim_m": 2.12, "faixa_id": 2, "classe": "0.50–1.50 m", "_coa_length_m": 0.56, "_coa_class": "0,50–1,50 m" }, "geometry": { "type": "MultiLineString", "coordinates": [ [ [ -48.6604393, -20.9233513 ], [ -48.660442, -20.9233537 ], [ -48.6604433, -20.9233547 ] ] ] } },
{ "type": "Feature", "properties": { "linha_id": 42, "comp_m": 0.56, "ini_m": 19.32, "fim_m": 19.88, "faixa_id": 2, "classe": "0.50–1.50 m", "_coa_length_m": 0.56, "_coa_class": "0,50–1,50 m" }, "geometry": { "type": "MultiLineString", "coordinates": [ [ [ -48.6605734, -20.9234505 ], [ -48.6605777, -20.9234536 ] ] ] } },
{ "type": "Feature", "properties": { "linha_id": 42, "comp_m": 1.44, "ini_m": 34.2, "fim_m": 35.64, "faixa_id": 2, "classe": "0.50–1.50 m", "_coa_length_m": 1.44, "_coa_class": "0,50–1,50 m" }, "geometry": { "type": "MultiLineString", "coordinates": [ [ [ -48.6606877, -20.9235313 ], [ -48.6606988, -20.923539 ] ] ] } },
{ "type": "Feature", "properties": { "linha_id": 42, "comp_m": 0.64, "ini_m": 238.52, "fim_m": 239.16, "faixa_id": 2, "classe": "0.50–1.50 m", "_coa_length_m": 0.64, "_coa_class": "0,50–1,50 m" }, "geometry": { "type": "MultiLineString", "coordinates": [ [ [ -48.6622457, -20.924654 ], [ -48.6622505, -20.9246575 ] ] ] } },
{ "type": "Feature", "properties": { "linha_id": 42, "comp_m": 1.783, "ini_m": 378.84, "fim_m": 380.623, "faixa_id": 3, "classe": "1.50–3.00 m", "_coa_length_m": 1.782, "_coa_class": "1,50–3,00 m" }, "geometry": { "type": "MultiLineString", "coordinates": [ [ [ -48.6633131, -20.9254281 ], [ -48.6633267, -20.9254378 ] ] ] } },
{ "type": "Feature", "properties": { "linha_id": 43, "comp_m": 1.04, "ini_m": 22.36, "fim_m": 23.4, "faixa_id": 2, "classe": "0.50–1.50 m", "_coa_length_m": 1.04, "_coa_class": "0,50–1,50 m" }, "geometry": { "type": "MultiLineString", "coordinates": [ [ [ -48.660585, -20.9234758 ], [ -48.6605928, -20.9234817 ] ] ] } },
{ "type": "Feature", "properties": { "linha_id": 43, "comp_m": 0.8, "ini_m": 24.92, "fim_m": 25.72, "faixa_id": 2, "classe": "0.50–1.50 m", "_coa_length_m": 0.8, "_coa_class": "0,50–1,50 m" }, "geometry": { "type": "MultiLineString", "coordinates": [ [ [ -48.6606041, -20.9234904 ], [ -48.6606101, -20.9234949 ] ] ] } },
{ "type": "Feature", "properties": { "linha_id": 43, "comp_m": 0.64, "ini_m": 38.28, "fim_m": 38.92, "faixa_id": 2, "classe": "0.50–1.50 m", "_coa_length_m": 0.64, "_coa_class": "0,50–1,50 m" }, "geometry": { "type": "MultiLineString", "coordinates": [ [ [ -48.6607073, -20.9235621 ], [ -48.6607123, -20.9235655 ] ] ] } },
{ "type": "Feature", "properties": { "linha_id": 43, "comp_m": 0.8, "ini_m": 54.28, "fim_m": 55.08, "faixa_id": 2, "classe": "0.50–1.50 m", "_coa_length_m": 0.8, "_coa_class": "0,50–1,50 m" }, "geometry": { "type": "MultiLineString", "coordinates": [ [ [ -48.66083, -20.9236492 ], [ -48.660836, -20.9236536 ] ] ] } },
{ "type": "Feature", "properties": { "linha_id": 43, "comp_m": 0.8, "ini_m": 63.8, "fim_m": 64.6, "faixa_id": 2, "classe": "0.50–1.50 m", "_coa_length_m": 0.8, "_coa_class": "0,50–1,50 m" }, "geometry": { "type": "MultiLineString", "coordinates": [ [ [ -48.6609022, -20.923702 ], [ -48.6609082, -20.9237064 ] ] ] } },
{ "type": "Feature", "properties": { "linha_id": 43, "comp_m": 0.96, "ini_m": 93.96, "fim_m": 94.92, "faixa_id": 2, "classe": "0.50–1.50 m", "_coa_length_m": 0.96, "_coa_class": "0,50–1,50 m" }, "geometry": { "type": "MultiLineString", "coordinates": [ [ [ -48.661131, -20.9238691 ], [ -48.6611383, -20.9238744 ] ] ] } },
{ "type": "Feature", "properties": { "linha_id": 43, "comp_m": 0.532, "ini_m": 380.76, "fim_m": 381.292, "faixa_id": 2, "classe": "0.50–1.50 m", "_coa_length_m": 0.532, "_coa_class": "0,50–1,50 m" }, "geometry": { "type": "MultiLineString", "coordinates": [ [ [ -48.663313, -20.92545 ], [ -48.6633147, -20.9254545 ] ] ] } },
{ "type": "Feature", "properties": { "linha_id": 44, "comp_m": 0.56, "ini_m": 3.96, "fim_m": 4.52, "faixa_id": 2, "classe": "0.50–1.50 m", "_coa_length_m": 0.56, "_coa_class": "0,50–1,50 m" }, "geometry": { "type": "MultiLineString", "coordinates": [ [ [ -48.6604502, -20.923396 ], [ -48.6604545, -20.9233991 ] ] ] } },
{ "type": "Feature", "properties": { "linha_id": 44, "comp_m": 2.0, "ini_m": 21.08, "fim_m": 23.08, "faixa_id": 3, "classe": "1.50–3.00 m", "_coa_length_m": 1.999, "_coa_class": "1,50–3,00 m" }, "geometry": { "type": "MultiLineString", "coordinates": [ [ [ -48.6605806, -20.9234902 ], [ -48.6605959, -20.9235012 ] ] ] } },
{ "type": "Feature", "properties": { "linha_id": 44, "comp_m": 1.12, "ini_m": 47.72, "fim_m": 48.84, "faixa_id": 2, "classe": "0.50–1.50 m", "_coa_length_m": 1.12, "_coa_class": "0,50–1,50 m" }, "geometry": { "type": "MultiLineString", "coordinates": [ [ [ -48.6607857, -20.9236342 ], [ -48.6607943, -20.9236403 ] ] ] } },
{ "type": "Feature", "properties": { "linha_id": 44, "comp_m": 0.56, "ini_m": 367.72, "fim_m": 368.28, "faixa_id": 2, "classe": "0.50–1.50 m", "_coa_length_m": 0.56, "_coa_class": "0,50–1,50 m" }, "geometry": { "type": "MultiLineString", "coordinates": [ [ [ -48.6632218, -20.9253973 ], [ -48.663226, -20.9254004 ] ] ] } },
{ "type": "Feature", "properties": { "linha_id": 44, "comp_m": 2.191, "ini_m": 376.76, "fim_m": 378.951, "faixa_id": 3, "classe": "1.50–3.00 m", "_coa_length_m": 2.19, "_coa_class": "1,50–3,00 m" }, "geometry": { "type": "MultiLineString", "coordinates": [ [ [ -48.6632902, -20.9254476 ], [ -48.6632918, -20.9254488 ], [ -48.6633054, -20.9254613 ] ] ] } },
{ "type": "Feature", "properties": { "linha_id": 45, "comp_m": 0.88, "ini_m": 22.84, "fim_m": 23.72, "faixa_id": 2, "classe": "0.50–1.50 m", "_coa_length_m": 0.88, "_coa_class": "0,50–1,50 m" }, "geometry": { "type": "MultiLineString", "coordinates": [ [ [ -48.6606047, -20.9235238 ], [ -48.6606115, -20.9235286 ] ] ] } },
{ "type": "Feature", "properties": { "linha_id": 45, "comp_m": 1.6, "ini_m": 26.68, "fim_m": 28.28, "faixa_id": 3, "classe": "1.50–3.00 m", "_coa_length_m": 1.599, "_coa_class": "1,50–3,00 m" }, "geometry": { "type": "MultiLineString", "coordinates": [ [ [ -48.6606342, -20.9235446 ], [ -48.6606465, -20.9235532 ] ] ] } },
{ "type": "Feature", "properties": { "linha_id": 45, "comp_m": 0.64, "ini_m": 39.24, "fim_m": 39.88, "faixa_id": 2, "classe": "0.50–1.50 m", "_coa_length_m": 0.64, "_coa_class": "0,50–1,50 m" }, "geometry": { "type": "MultiLineString", "coordinates": [ [ [ -48.6607309, -20.9236125 ], [ -48.6607358, -20.923616 ] ] ] } },
{ "type": "Feature", "properties": { "linha_id": 45, "comp_m": 0.88, "ini_m": 63.48, "fim_m": 64.36, "faixa_id": 2, "classe": "0.50–1.50 m", "_coa_length_m": 0.88, "_coa_class": "0,50–1,50 m" }, "geometry": { "type": "MultiLineString", "coordinates": [ [ [ -48.6609156, -20.9237459 ], [ -48.6609223, -20.9237507 ] ] ] } },
{ "type": "Feature", "properties": { "linha_id": 45, "comp_m": 0.72, "ini_m": 175.08, "fim_m": 175.8, "faixa_id": 2, "classe": "0.50–1.50 m", "_coa_length_m": 0.72, "_coa_class": "0,50–1,50 m" }, "geometry": { "type": "MultiLineString", "coordinates": [ [ [ -48.6617667, -20.924359 ], [ -48.6617722, -20.9243629 ] ] ] } },
{ "type": "Feature", "properties": { "linha_id": 45, "comp_m": 1.301, "ini_m": 375.56, "fim_m": 376.861, "faixa_id": 2, "classe": "0.50–1.50 m", "_coa_length_m": 1.301, "_coa_class": "0,50–1,50 m" }, "geometry": { "type": "MultiLineString", "coordinates": [ [ [ -48.6632917, -20.925465 ], [ -48.6633007, -20.9254731 ] ] ] } },
{ "type": "Feature", "properties": { "linha_id": 47, "comp_m": 0.64, "ini_m": 216.92, "fim_m": 217.56, "faixa_id": 2, "classe": "0.50–1.50 m", "_coa_length_m": 0.64, "_coa_class": "0,50–1,50 m" }, "geometry": { "type": "MultiLineString", "coordinates": [ [ [ -48.6620979, -20.9246324 ], [ -48.6621027, -20.924636 ] ] ] } },
{ "type": "Feature", "properties": { "linha_id": 48, "comp_m": 0.64, "ini_m": 48.76, "fim_m": 49.4, "faixa_id": 2, "classe": "0.50–1.50 m", "_coa_length_m": 0.64, "_coa_class": "0,50–1,50 m" }, "geometry": { "type": "MultiLineString", "coordinates": [ [ [ -48.6608166, -20.9237255 ], [ -48.6608215, -20.9237291 ] ] ] } },
{ "type": "Feature", "properties": { "linha_id": 48, "comp_m": 3.36, "ini_m": 216.92, "fim_m": 220.28, "faixa_id": 4, "classe": "3.00–5.00 m", "_coa_length_m": 3.359, "_coa_class": "3,00–5,00 m" }, "geometry": { "type": "MultiLineString", "coordinates": [ [ [ -48.6620985, -20.9246497 ], [ -48.6621239, -20.9246685 ] ] ] } },
{ "type": "Feature", "properties": { "linha_id": 48, "comp_m": 0.64, "ini_m": 224.2, "fim_m": 224.84, "faixa_id": 2, "classe": "0.50–1.50 m", "_coa_length_m": 0.64, "_coa_class": "0,50–1,50 m" }, "geometry": { "type": "MultiLineString", "coordinates": [ [ [ -48.6621534, -20.9246905 ], [ -48.6621582, -20.924694 ] ] ] } },
{ "type": "Feature", "properties": { "linha_id": 49, "comp_m": 1.36, "ini_m": 18.28, "fim_m": 19.64, "faixa_id": 2, "classe": "0.50–1.50 m", "_coa_length_m": 1.36, "_coa_class": "0,50–1,50 m" }, "geometry": { "type": "MultiLineString", "coordinates": [ [ [ -48.6605695, -20.9235658 ], [ -48.6605799, -20.9235733 ] ] ] } },
{ "type": "Feature", "properties": { "linha_id": 49, "comp_m": 2.56, "ini_m": 79.88, "fim_m": 82.44, "faixa_id": 3, "classe": "1.50–3.00 m", "_coa_length_m": 2.559, "_coa_class": "1,50–3,00 m" }, "geometry": { "type": "MultiLineString", "coordinates": [ [ [ -48.661039, -20.9239043 ], [ -48.6610506, -20.9239136 ], [ -48.6610579, -20.9239191 ] ] ] } },
{ "type": "Feature", "properties": { "linha_id": 49, "comp_m": 0.72, "ini_m": 227.16, "fim_m": 227.88, "faixa_id": 2, "classe": "0.50–1.50 m", "_coa_length_m": 0.72, "_coa_class": "0,50–1,50 m" }, "geometry": { "type": "MultiLineString", "coordinates": [ [ [ -48.6621614, -20.9247143 ], [ -48.6621668, -20.9247183 ] ] ] } },
{ "type": "Feature", "properties": { "linha_id": 49, "comp_m": 2.24, "ini_m": 244.68, "fim_m": 246.92, "faixa_id": 3, "classe": "1.50–3.00 m", "_coa_length_m": 2.239, "_coa_class": "1,50–3,00 m" }, "geometry": { "type": "MultiLineString", "coordinates": [ [ [ -48.6622942, -20.9248115 ], [ -48.6623113, -20.9248238 ] ] ] } },
{ "type": "Feature", "properties": { "linha_id": 49, "comp_m": 0.8, "ini_m": 368.92, "fim_m": 369.72, "faixa_id": 2, "classe": "0.50–1.50 m", "_coa_length_m": 0.8, "_coa_class": "0,50–1,50 m" }, "geometry": { "type": "MultiLineString", "coordinates": [ [ [ -48.6632388, -20.9254975 ], [ -48.6632447, -20.9255021 ] ] ] } },
{ "type": "Feature", "properties": { "linha_id": 50, "comp_m": 2.56, "ini_m": 36.2, "fim_m": 38.76, "faixa_id": 3, "classe": "1.50–3.00 m", "_coa_length_m": 2.559, "_coa_class": "1,50–3,00 m" }, "geometry": { "type": "MultiLineString", "coordinates": [ [ [ -48.660708, -20.9236811 ], [ -48.6607271, -20.9236955 ] ] ] } },
{ "type": "Feature", "properties": { "linha_id": 50, "comp_m": 0.72, "ini_m": 164.84, "fim_m": 165.56, "faixa_id": 2, "classe": "0.50–1.50 m", "_coa_length_m": 0.72, "_coa_class": "0,50–1,50 m" }, "geometry": { "type": "MultiLineString", "coordinates": [ [ [ -48.6616884, -20.9243885 ], [ -48.6616939, -20.9243924 ] ] ] } },
{ "type": "Feature", "properties": { "linha_id": 50, "comp_m": 0.64, "ini_m": 211.0, "fim_m": 211.64, "faixa_id": 2, "classe": "0.50–1.50 m", "_coa_length_m": 0.64, "_coa_class": "0,50–1,50 m" }, "geometry": { "type": "MultiLineString", "coordinates": [ [ [ -48.6620403, -20.9246421 ], [ -48.6620452, -20.9246457 ] ] ] } },
{ "type": "Feature", "properties": { "linha_id": 50, "comp_m": 0.96, "ini_m": 221.88, "fim_m": 222.84, "faixa_id": 2, "classe": "0.50–1.50 m", "_coa_length_m": 0.96, "_coa_class": "0,50–1,50 m" }, "geometry": { "type": "MultiLineString", "coordinates": [ [ [ -48.6621221, -20.9247033 ], [ -48.6621292, -20.9247089 ] ] ] } },
{ "type": "Feature", "properties": { "linha_id": 50, "comp_m": 0.64, "ini_m": 256.92, "fim_m": 257.56, "faixa_id": 2, "classe": "0.50–1.50 m", "_coa_length_m": 0.64, "_coa_class": "0,50–1,50 m" }, "geometry": { "type": "MultiLineString", "coordinates": [ [ [ -48.6623893, -20.9248958 ], [ -48.6623941, -20.9248993 ] ] ] } },
{ "type": "Feature", "properties": { "linha_id": 51, "comp_m": 0.8, "ini_m": 26.76, "fim_m": 27.56, "faixa_id": 2, "classe": "0.50–1.50 m", "_coa_length_m": 0.8, "_coa_class": "0,50–1,50 m" }, "geometry": { "type": "MultiLineString", "coordinates": [ [ [ -48.6606364, -20.9236476 ], [ -48.6606427, -20.9236518 ] ] ] } },
{ "type": "Feature", "properties": { "linha_id": 51, "comp_m": 0.8, "ini_m": 32.36, "fim_m": 33.16, "faixa_id": 2, "classe": "0.50–1.50 m", "_coa_length_m": 0.8, "_coa_class": "0,50–1,50 m" }, "geometry": { "type": "MultiLineString", "coordinates": [ [ [ -48.6606797, -20.9236776 ], [ -48.6606858, -20.923682 ] ] ] } },
{ "type": "Feature", "properties": { "linha_id": 51, "comp_m": 0.56, "ini_m": 52.84, "fim_m": 53.4, "faixa_id": 2, "classe": "0.50–1.50 m", "_coa_length_m": 0.56, "_coa_class": "0,50–1,50 m" }, "geometry": { "type": "MultiLineString", "coordinates": [ [ [ -48.6608352, -20.923791 ], [ -48.6608394, -20.9237942 ] ] ] } },
{ "type": "Feature", "properties": { "linha_id": 51, "comp_m": 0.96, "ini_m": 75.0, "fim_m": 75.96, "faixa_id": 2, "classe": "0.50–1.50 m", "_coa_length_m": 0.96, "_coa_class": "0,50–1,50 m" }, "geometry": { "type": "MultiLineString", "coordinates": [ [ [ -48.6610037, -20.9239133 ], [ -48.661011, -20.9239186 ] ] ] } },
{ "type": "Feature", "properties": { "linha_id": 51, "comp_m": 0.56, "ini_m": 81.72, "fim_m": 82.28, "faixa_id": 2, "classe": "0.50–1.50 m", "_coa_length_m": 0.56, "_coa_class": "0,50–1,50 m" }, "geometry": { "type": "MultiLineString", "coordinates": [ [ [ -48.6610547, -20.9239505 ], [ -48.661059, -20.9239536 ] ] ] } },
{ "type": "Feature", "properties": { "linha_id": 51, "comp_m": 0.72, "ini_m": 204.28, "fim_m": 205.0, "faixa_id": 2, "classe": "0.50–1.50 m", "_coa_length_m": 0.72, "_coa_class": "0,50–1,50 m" }, "geometry": { "type": "MultiLineString", "coordinates": [ [ [ -48.6619904, -20.9246223 ], [ -48.6619958, -20.9246263 ] ] ] } },
{ "type": "Feature", "properties": { "linha_id": 51, "comp_m": 0.72, "ini_m": 220.6, "fim_m": 221.32, "faixa_id": 2, "classe": "0.50–1.50 m", "_coa_length_m": 0.72, "_coa_class": "0,50–1,50 m" }, "geometry": { "type": "MultiLineString", "coordinates": [ [ [ -48.6621138, -20.9247132 ], [ -48.6621192, -20.9247173 ] ] ] } },
{ "type": "Feature", "properties": { "linha_id": 51, "comp_m": 1.92, "ini_m": 235.16, "fim_m": 237.08, "faixa_id": 3, "classe": "1.50–3.00 m", "_coa_length_m": 1.919, "_coa_class": "1,50–3,00 m" }, "geometry": { "type": "MultiLineString", "coordinates": [ [ [ -48.6622239, -20.9247944 ], [ -48.6622384, -20.9248051 ] ] ] } },
{ "type": "Feature", "properties": { "linha_id": 51, "comp_m": 0.96, "ini_m": 258.6, "fim_m": 259.56, "faixa_id": 2, "classe": "0.50–1.50 m", "_coa_length_m": 0.96, "_coa_class": "0,50–1,50 m" }, "geometry": { "type": "MultiLineString", "coordinates": [ [ [ -48.6624027, -20.9249231 ], [ -48.66241, -20.9249284 ] ] ] } },
{ "type": "Feature", "properties": { "linha_id": 52, "comp_m": 0.96, "ini_m": 31.16, "fim_m": 32.12, "faixa_id": 2, "classe": "0.50–1.50 m", "_coa_length_m": 0.96, "_coa_class": "0,50–1,50 m" }, "geometry": { "type": "MultiLineString", "coordinates": [ [ [ -48.6606714, -20.923689 ], [ -48.6606788, -20.9236942 ] ] ] } },
{ "type": "Feature", "properties": { "linha_id": 52, "comp_m": 0.96, "ini_m": 220.28, "fim_m": 221.24, "faixa_id": 2, "classe": "0.50–1.50 m", "_coa_length_m": 0.96, "_coa_class": "0,50–1,50 m" }, "geometry": { "type": "MultiLineString", "coordinates": [ [ [ -48.6621126, -20.9247293 ], [ -48.6621198, -20.9247347 ] ] ] } },
{ "type": "Feature", "properties": { "linha_id": 52, "comp_m": 1.12, "ini_m": 260.52, "fim_m": 261.64, "faixa_id": 2, "classe": "0.50–1.50 m", "_coa_length_m": 1.12, "_coa_class": "0,50–1,50 m" }, "geometry": { "type": "MultiLineString", "coordinates": [ [ [ -48.6624182, -20.9249519 ], [ -48.6624268, -20.924958 ] ] ] } },
{ "type": "Feature", "properties": { "linha_id": 53, "comp_m": 2.24, "ini_m": 30.04, "fim_m": 32.28, "faixa_id": 3, "classe": "1.50–3.00 m", "_coa_length_m": 2.239, "_coa_class": "1,50–3,00 m" }, "geometry": { "type": "MultiLineString", "coordinates": [ [ [ -48.6606626, -20.9236994 ], [ -48.6606798, -20.9237114 ] ] ] } },
{ "type": "Feature", "properties": { "linha_id": 53, "comp_m": 1.2, "ini_m": 220.92, "fim_m": 222.12, "faixa_id": 2, "classe": "0.50–1.50 m", "_coa_length_m": 1.2, "_coa_class": "0,50–1,50 m" }, "geometry": { "type": "MultiLineString", "coordinates": [ [ [ -48.6621169, -20.9247495 ], [ -48.662126, -20.9247562 ] ] ] } },
{ "type": "Feature", "properties": { "linha_id": 53, "comp_m": 1.12, "ini_m": 223.48, "fim_m": 224.6, "faixa_id": 2, "classe": "0.50–1.50 m", "_coa_length_m": 1.12, "_coa_class": "0,50–1,50 m" }, "geometry": { "type": "MultiLineString", "coordinates": [ [ [ -48.6621362, -20.9247638 ], [ -48.6621447, -20.9247701 ] ] ] } },
{ "type": "Feature", "properties": { "linha_id": 53, "comp_m": 0.56, "ini_m": 226.36, "fim_m": 226.92, "faixa_id": 2, "classe": "0.50–1.50 m", "_coa_length_m": 0.56, "_coa_class": "0,50–1,50 m" }, "geometry": { "type": "MultiLineString", "coordinates": [ [ [ -48.6621579, -20.92478 ], [ -48.6621622, -20.9247831 ] ] ] } },
{ "type": "Feature", "properties": { "linha_id": 53, "comp_m": 0.8, "ini_m": 294.2, "fim_m": 295.0, "faixa_id": 2, "classe": "0.50–1.50 m", "_coa_length_m": 0.8, "_coa_class": "0,50–1,50 m" }, "geometry": { "type": "MultiLineString", "coordinates": [ [ [ -48.662673, -20.9251555 ], [ -48.6626789, -20.92516 ] ] ] } },
{ "type": "Feature", "properties": { "linha_id": 53, "comp_m": 1.68, "ini_m": 313.32, "fim_m": 315.0, "faixa_id": 3, "classe": "1.50–3.00 m", "_coa_length_m": 1.679, "_coa_class": "1,50–3,00 m" }, "geometry": { "type": "MultiLineString", "coordinates": [ [ [ -48.6628192, -20.9252599 ], [ -48.6628318, -20.9252694 ] ] ] } },
{ "type": "Feature", "properties": { "linha_id": 53, "comp_m": 1.682, "ini_m": 364.68, "fim_m": 366.362, "faixa_id": 3, "classe": "1.50–3.00 m", "_coa_length_m": 1.682, "_coa_class": "1,50–3,00 m" }, "geometry": { "type": "MultiLineString", "coordinates": [ [ [ -48.6632095, -20.9255437 ], [ -48.6632222, -20.9255532 ] ] ] } },
{ "type": "Feature", "properties": { "linha_id": 54, "comp_m": 2.48, "ini_m": 20.36, "fim_m": 22.84, "faixa_id": 3, "classe": "1.50–3.00 m", "_coa_length_m": 2.479, "_coa_class": "1,50–3,00 m" }, "geometry": { "type": "MultiLineString", "coordinates": [ [ [ -48.6605892, -20.9236653 ], [ -48.6606081, -20.9236789 ] ] ] } },
{ "type": "Feature", "properties": { "linha_id": 54, "comp_m": 1.12, "ini_m": 112.28, "fim_m": 113.4, "faixa_id": 2, "classe": "0.50–1.50 m", "_coa_length_m": 1.12, "_coa_class": "0,50–1,50 m" }, "geometry": { "type": "MultiLineString", "coordinates": [ [ [ -48.6612905, -20.9241698 ], [ -48.6612991, -20.9241759 ] ] ] } },
{ "type": "Feature", "properties": { "linha_id": 54, "comp_m": 0.72, "ini_m": 316.2, "fim_m": 316.92, "faixa_id": 2, "classe": "0.50–1.50 m", "_coa_length_m": 0.72, "_coa_class": "0,50–1,50 m" }, "geometry": { "type": "MultiLineString", "coordinates": [ [ [ -48.6628428, -20.9252929 ], [ -48.6628482, -20.9252969 ] ] ] } },
{ "type": "Feature", "properties": { "linha_id": 55, "comp_m": 0.64, "ini_m": 19.4, "fim_m": 20.04, "faixa_id": 2, "classe": "0.50–1.50 m", "_coa_length_m": 0.64, "_coa_class": "0,50–1,50 m" }, "geometry": { "type": "MultiLineString", "coordinates": [ [ [ -48.6605806, -20.9236757 ], [ -48.6605856, -20.9236791 ] ] ] } },
{ "type": "Feature", "properties": { "linha_id": 55, "comp_m": 1.2, "ini_m": 27.24, "fim_m": 28.44, "faixa_id": 2, "classe": "0.50–1.50 m", "_coa_length_m": 1.2, "_coa_class": "0,50–1,50 m" }, "geometry": { "type": "MultiLineString", "coordinates": [ [ [ -48.6606408, -20.9237183 ], [ -48.6606499, -20.923725 ] ] ] } },
{ "type": "Feature", "properties": { "linha_id": 55, "comp_m": 1.12, "ini_m": 263.48, "fim_m": 264.6, "faixa_id": 2, "classe": "0.50–1.50 m", "_coa_length_m": 1.12, "_coa_class": "0,50–1,50 m" }, "geometry": { "type": "MultiLineString", "coordinates": [ [ [ -48.6624404, -20.9250184 ], [ -48.6624489, -20.9250247 ] ] ] } },
{ "type": "Feature", "properties": { "linha_id": 55, "comp_m": 0.64, "ini_m": 279.72, "fim_m": 280.36, "faixa_id": 2, "classe": "0.50–1.50 m", "_coa_length_m": 0.64, "_coa_class": "0,50–1,50 m" }, "geometry": { "type": "MultiLineString", "coordinates": [ [ [ -48.6625626, -20.9251096 ], [ -48.6625674, -20.9251132 ] ] ] } },
{ "type": "Feature", "properties": { "linha_id": 56, "comp_m": 0.64, "ini_m": 0.6, "fim_m": 1.24, "faixa_id": 2, "classe": "0.50–1.50 m", "_coa_length_m": 0.64, "_coa_class": "0,50–1,50 m" }, "geometry": { "type": "MultiLineString", "coordinates": [ [ [ -48.6604426, -20.9235964 ], [ -48.6604475, -20.9235998 ] ] ] } },
{ "type": "Feature", "properties": { "linha_id": 56, "comp_m": 0.72, "ini_m": 214.92, "fim_m": 215.64, "faixa_id": 2, "classe": "0.50–1.50 m", "_coa_length_m": 0.72, "_coa_class": "0,50–1,50 m" }, "geometry": { "type": "MultiLineString", "coordinates": [ [ [ -48.6620782, -20.9247721 ], [ -48.6620836, -20.9247762 ] ] ] } },
{ "type": "Feature", "properties": { "linha_id": 56, "comp_m": 0.935, "ini_m": 362.28, "fim_m": 363.215, "faixa_id": 2, "classe": "0.50–1.50 m", "_coa_length_m": 0.934, "_coa_class": "0,50–1,50 m" }, "geometry": { "type": "MultiLineString", "coordinates": [ [ [ -48.6631985, -20.9255857 ], [ -48.6631987, -20.9255859 ], [ -48.6632039, -20.9255925 ] ] ] } },
{ "type": "Feature", "properties": { "linha_id": 57, "comp_m": 0.56, "ini_m": 30.6, "fim_m": 31.16, "faixa_id": 2, "classe": "0.50–1.50 m", "_coa_length_m": 0.56, "_coa_class": "0,50–1,50 m" }, "geometry": { "type": "MultiLineString", "coordinates": [ [ [ -48.6606715, -20.9237754 ], [ -48.6606758, -20.9237784 ] ] ] } },
{ "type": "Feature", "properties": { "linha_id": 57, "comp_m": 0.72, "ini_m": 221.16, "fim_m": 221.88, "faixa_id": 2, "classe": "0.50–1.50 m", "_coa_length_m": 0.72, "_coa_class": "0,50–1,50 m" }, "geometry": { "type": "MultiLineString", "coordinates": [ [ [ -48.6621241, -20.9248225 ], [ -48.6621296, -20.9248265 ] ] ] } },
{ "type": "Feature", "properties": { "linha_id": 58, "comp_m": 0.72, "ini_m": 3.08, "fim_m": 3.8, "faixa_id": 2, "classe": "0.50–1.50 m", "_coa_length_m": 0.72, "_coa_class": "0,50–1,50 m" }, "geometry": { "type": "MultiLineString", "coordinates": [ [ [ -48.6604497, -20.9236363 ], [ -48.6604554, -20.92364 ] ] ] } },
{ "type": "Feature", "properties": { "linha_id": 58, "comp_m": 0.56, "ini_m": 6.68, "fim_m": 7.24, "faixa_id": 2, "classe": "0.50–1.50 m", "_coa_length_m": 0.56, "_coa_class": "0,50–1,50 m" }, "geometry": { "type": "MultiLineString", "coordinates": [ [ [ -48.6604779, -20.923655 ], [ -48.6604822, -20.9236581 ] ] ] } },
{ "type": "Feature", "properties": { "linha_id": 58, "comp_m": 2.08, "ini_m": 18.52, "fim_m": 20.6, "faixa_id": 3, "classe": "1.50–3.00 m", "_coa_length_m": 2.079, "_coa_class": "1,50–3,00 m" }, "geometry": { "type": "MultiLineString", "coordinates": [ [ [ -48.6605691, -20.923719 ], [ -48.6605723, -20.9237212 ], [ -48.6605849, -20.9237304 ] ] ] } },
{ "type": "Feature", "properties": { "linha_id": 58, "comp_m": 0.56, "ini_m": 34.52, "fim_m": 35.08, "faixa_id": 2, "classe": "0.50–1.50 m", "_coa_length_m": 0.56, "_coa_class": "0,50–1,50 m" }, "geometry": { "type": "MultiLineString", "coordinates": [ [ [ -48.6606906, -20.9238075 ], [ -48.6606948, -20.9238106 ] ] ] } },
{ "type": "Feature", "properties": { "linha_id": 58, "comp_m": 1.04, "ini_m": 194.52, "fim_m": 195.56, "faixa_id": 2, "classe": "0.50–1.50 m", "_coa_length_m": 1.04, "_coa_class": "0,50–1,50 m" }, "geometry": { "type": "MultiLineString", "coordinates": [ [ [ -48.6619116, -20.9246853 ], [ -48.6619195, -20.9246911 ] ] ] } },
{ "type": "Feature", "properties": { "linha_id": 58, "comp_m": 0.56, "ini_m": 321.64, "fim_m": 322.2, "faixa_id": 2, "classe": "0.50–1.50 m", "_coa_length_m": 0.56, "_coa_class": "0,50–1,50 m" }, "geometry": { "type": "MultiLineString", "coordinates": [ [ [ -48.6628787, -20.9253862 ], [ -48.662883, -20.9253893 ] ] ] } },
{ "type": "Feature", "properties": { "linha_id": 59, "comp_m": 1.12, "ini_m": 5.0, "fim_m": 6.12, "faixa_id": 2, "classe": "0.50–1.50 m", "_coa_length_m": 1.12, "_coa_class": "0,50–1,50 m" }, "geometry": { "type": "MultiLineString", "coordinates": [ [ [ -48.6604631, -20.923661 ], [ -48.6604679, -20.9236647 ], [ -48.6604715, -20.9236673 ] ] ] } },
{ "type": "Feature", "properties": { "linha_id": 59, "comp_m": 1.04, "ini_m": 35.0, "fim_m": 36.04, "faixa_id": 2, "classe": "0.50–1.50 m", "_coa_length_m": 1.04, "_coa_class": "0,50–1,50 m" }, "geometry": { "type": "MultiLineString", "coordinates": [ [ [ -48.660692, -20.9238256 ], [ -48.6606996, -20.9238317 ] ] ] } },
{ "type": "Feature", "properties": { "linha_id": 59, "comp_m": 0.64, "ini_m": 217.24, "fim_m": 217.88, "faixa_id": 2, "classe": "0.50–1.50 m", "_coa_length_m": 0.64, "_coa_class": "0,50–1,50 m" }, "geometry": { "type": "MultiLineString", "coordinates": [ [ [ -48.6620811, -20.9248274 ], [ -48.662086, -20.9248309 ] ] ] } },
{ "type": "Feature", "properties": { "linha_id": 59, "comp_m": 0.8, "ini_m": 231.16, "fim_m": 231.96, "faixa_id": 2, "classe": "0.50–1.50 m", "_coa_length_m": 0.8, "_coa_class": "0,50–1,50 m" }, "geometry": { "type": "MultiLineString", "coordinates": [ [ [ -48.6621869, -20.9249043 ], [ -48.6621928, -20.9249089 ] ] ] } },
{ "type": "Feature", "properties": { "linha_id": 60, "comp_m": 0.88, "ini_m": 2.12, "fim_m": 3.0, "faixa_id": 2, "classe": "0.50–1.50 m", "_coa_length_m": 0.88, "_coa_class": "0,50–1,50 m" }, "geometry": { "type": "MultiLineString", "coordinates": [ [ [ -48.6631359, -20.9256087 ], [ -48.6631294, -20.9256036 ] ] ] } },
{ "type": "Feature", "properties": { "linha_id": 60, "comp_m": 1.2, "ini_m": 5.32, "fim_m": 6.52, "faixa_id": 2, "classe": "0.50–1.50 m", "_coa_length_m": 1.2, "_coa_class": "0,50–1,50 m" }, "geometry": { "type": "MultiLineString", "coordinates": [ [ [ -48.6631123, -20.9255902 ], [ -48.6631035, -20.9255832 ] ] ] } },
{ "type": "Feature", "properties": { "linha_id": 60, "comp_m": 0.64, "ini_m": 137.96, "fim_m": 138.6, "faixa_id": 2, "classe": "0.50–1.50 m", "_coa_length_m": 0.64, "_coa_class": "0,50–1,50 m" }, "geometry": { "type": "MultiLineString", "coordinates": [ [ [ -48.6621021, -20.92486 ], [ -48.6620973, -20.9248564 ] ] ] } },
{ "type": "Feature", "properties": { "linha_id": 60, "comp_m": 0.72, "ini_m": 212.6, "fim_m": 213.32, "faixa_id": 2, "classe": "0.50–1.50 m", "_coa_length_m": 0.72, "_coa_class": "0,50–1,50 m" }, "geometry": { "type": "MultiLineString", "coordinates": [ [ [ -48.6615346, -20.9244479 ], [ -48.6615291, -20.924444 ] ] ] } },
{ "type": "Feature", "properties": { "linha_id": 61, "comp_m": 0.8, "ini_m": 42.92, "fim_m": 43.72, "faixa_id": 2, "classe": "0.50–1.50 m", "_coa_length_m": 0.8, "_coa_class": "0,50–1,50 m" }, "geometry": { "type": "MultiLineString", "coordinates": [ [ [ -48.6607522, -20.9239033 ], [ -48.6607583, -20.9239076 ] ] ] } },
{ "type": "Feature", "properties": { "linha_id": 61, "comp_m": 2.16, "ini_m": 86.28, "fim_m": 88.44, "faixa_id": 3, "classe": "1.50–3.00 m", "_coa_length_m": 2.159, "_coa_class": "1,50–3,00 m" }, "geometry": { "type": "MultiLineString", "coordinates": [ [ [ -48.6610825, -20.9241419 ], [ -48.6610992, -20.9241535 ] ] ] } },
{ "type": "Feature", "properties": { "linha_id": 61, "comp_m": 0.64, "ini_m": 219.72, "fim_m": 220.36, "faixa_id": 2, "classe": "0.50–1.50 m", "_coa_length_m": 0.64, "_coa_class": "0,50–1,50 m" }, "geometry": { "type": "MultiLineString", "coordinates": [ [ [ -48.6620995, -20.9248757 ], [ -48.6621043, -20.9248793 ] ] ] } },
{ "type": "Feature", "properties": { "linha_id": 62, "comp_m": 1.211, "ini_m": 355.32, "fim_m": 356.531, "faixa_id": 2, "classe": "0.50–1.50 m", "_coa_length_m": 1.21, "_coa_class": "0,50–1,50 m" }, "geometry": { "type": "MultiLineString", "coordinates": [ [ [ -48.66313, -20.9256398 ], [ -48.6631389, -20.9256469 ] ] ] } },
{ "type": "Feature", "properties": { "linha_id": 63, "comp_m": 0.927, "ini_m": 354.52, "fim_m": 355.447, "faixa_id": 2, "classe": "0.50–1.50 m", "_coa_length_m": 0.927, "_coa_class": "0,50–1,50 m" }, "geometry": { "type": "MultiLineString", "coordinates": [ [ [ -48.6631243, -20.9256514 ], [ -48.6631314, -20.9256565 ] ] ] } },
{ "type": "Feature", "properties": { "linha_id": 66, "comp_m": 0.8, "ini_m": 0.12, "fim_m": 0.92, "faixa_id": 2, "classe": "0.50–1.50 m", "_coa_length_m": 0.8, "_coa_class": "0,50–1,50 m" }, "geometry": { "type": "MultiLineString", "coordinates": [ [ [ -48.6604192, -20.9237544 ], [ -48.6604269, -20.9237554 ] ] ] } },
{ "type": "Feature", "properties": { "linha_id": 66, "comp_m": 0.72, "ini_m": 61.56, "fim_m": 62.28, "faixa_id": 2, "classe": "0.50–1.50 m", "_coa_length_m": 0.72, "_coa_class": "0,50–1,50 m" }, "geometry": { "type": "MultiLineString", "coordinates": [ [ [ -48.660889, -20.9240886 ], [ -48.6608945, -20.9240926 ] ] ] } },
{ "type": "Feature", "properties": { "linha_id": 66, "comp_m": 0.72, "ini_m": 194.68, "fim_m": 195.4, "faixa_id": 2, "classe": "0.50–1.50 m", "_coa_length_m": 0.72, "_coa_class": "0,50–1,50 m" }, "geometry": { "type": "MultiLineString", "coordinates": [ [ [ -48.6619045, -20.9248192 ], [ -48.6619099, -20.9248233 ] ] ] } },
{ "type": "Feature", "properties": { "linha_id": 67, "comp_m": 0.56, "ini_m": 18.28, "fim_m": 18.84, "faixa_id": 2, "classe": "0.50–1.50 m", "_coa_length_m": 0.56, "_coa_class": "0,50–1,50 m" }, "geometry": { "type": "MultiLineString", "coordinates": [ [ [ -48.6605659, -20.9238713 ], [ -48.6605702, -20.9238744 ] ] ] } },
{ "type": "Feature", "properties": { "linha_id": 67, "comp_m": 0.8, "ini_m": 104.76, "fim_m": 105.56, "faixa_id": 2, "classe": "0.50–1.50 m", "_coa_length_m": 0.8, "_coa_class": "0,50–1,50 m" }, "geometry": { "type": "MultiLineString", "coordinates": [ [ [ -48.6612247, -20.9243473 ], [ -48.6612309, -20.9243516 ] ] ] } },
{ "type": "Feature", "properties": { "linha_id": 67, "comp_m": 0.72, "ini_m": 228.68, "fim_m": 229.4, "faixa_id": 2, "classe": "0.50–1.50 m", "_coa_length_m": 0.72, "_coa_class": "0,50–1,50 m" }, "geometry": { "type": "MultiLineString", "coordinates": [ [ [ -48.662168, -20.92503 ], [ -48.6621735, -20.925034 ] ] ] } },
{ "type": "Feature", "properties": { "linha_id": 68, "comp_m": 1.52, "ini_m": 217.0, "fim_m": 218.52, "faixa_id": 3, "classe": "1.50–3.00 m", "_coa_length_m": 1.519, "_coa_class": "1,50–3,00 m" }, "geometry": { "type": "MultiLineString", "coordinates": [ [ [ -48.6620708, -20.9249765 ], [ -48.6620824, -20.9249848 ] ] ] } },
{ "type": "Feature", "properties": { "linha_id": 68, "comp_m": 0.96, "ini_m": 293.0, "fim_m": 293.96, "faixa_id": 2, "classe": "0.50–1.50 m", "_coa_length_m": 0.96, "_coa_class": "0,50–1,50 m" }, "geometry": { "type": "MultiLineString", "coordinates": [ [ [ -48.6626498, -20.9253947 ], [ -48.6626569, -20.9254002 ] ] ] } },
{ "type": "Feature", "properties": { "linha_id": 69, "comp_m": 0.96, "ini_m": 0.84, "fim_m": 1.8, "faixa_id": 2, "classe": "0.50–1.50 m", "_coa_length_m": 0.96, "_coa_class": "0,50–1,50 m" }, "geometry": { "type": "MultiLineString", "coordinates": [ [ [ -48.6604261, -20.923806 ], [ -48.660434, -20.9238106 ] ] ] } },
{ "type": "Feature", "properties": { "linha_id": 70, "comp_m": 1.04, "ini_m": 0.36, "fim_m": 1.4, "faixa_id": 2, "classe": "0.50–1.50 m", "_coa_length_m": 1.04, "_coa_class": "0,50–1,50 m" }, "geometry": { "type": "MultiLineString", "coordinates": [ [ [ -48.6604199, -20.9238171 ], [ -48.6604279, -20.9238228 ] ] ] } },
{ "type": "Feature", "properties": { "linha_id": 71, "comp_m": 0.72, "ini_m": 193.48, "fim_m": 194.2, "faixa_id": 2, "classe": "0.50–1.50 m", "_coa_length_m": 0.72, "_coa_class": "0,50–1,50 m" }, "geometry": { "type": "MultiLineString", "coordinates": [ [ [ -48.6619016, -20.9249029 ], [ -48.6619071, -20.924907 ] ] ] } },
{ "type": "Feature", "properties": { "linha_id": 73, "comp_m": 2.32, "ini_m": 65.8, "fim_m": 68.12, "faixa_id": 3, "classe": "1.50–3.00 m", "_coa_length_m": 2.319, "_coa_class": "1,50–3,00 m" }, "geometry": { "type": "MultiLineString", "coordinates": [ [ [ -48.6609317, -20.9242368 ], [ -48.6609496, -20.9242494 ] ] ] } },
{ "type": "Feature", "properties": { "linha_id": 74, "comp_m": 1.12, "ini_m": 0.84, "fim_m": 1.96, "faixa_id": 2, "classe": "0.50–1.50 m", "_coa_length_m": 1.12, "_coa_class": "0,50–1,50 m" }, "geometry": { "type": "MultiLineString", "coordinates": [ [ [ -48.6604206, -20.9238834 ], [ -48.6604291, -20.9238896 ] ] ] } },
{ "type": "Feature", "properties": { "linha_id": 74, "comp_m": 1.44, "ini_m": 3.8, "fim_m": 5.24, "faixa_id": 2, "classe": "0.50–1.50 m", "_coa_length_m": 1.44, "_coa_class": "0,50–1,50 m" }, "geometry": { "type": "MultiLineString", "coordinates": [ [ [ -48.6604431, -20.9238997 ], [ -48.6604541, -20.9239076 ] ] ] } },
{ "type": "Feature", "properties": { "linha_id": 74, "comp_m": 0.72, "ini_m": 97.8, "fim_m": 98.52, "faixa_id": 2, "classe": "0.50–1.50 m", "_coa_length_m": 0.72, "_coa_class": "0,50–1,50 m" }, "geometry": { "type": "MultiLineString", "coordinates": [ [ [ -48.6611594, -20.9244168 ], [ -48.6611649, -20.9244208 ] ] ] } },
{ "type": "Feature", "properties": { "linha_id": 74, "comp_m": 0.8, "ini_m": 115.08, "fim_m": 115.88, "faixa_id": 2, "classe": "0.50–1.50 m", "_coa_length_m": 0.8, "_coa_class": "0,50–1,50 m" }, "geometry": { "type": "MultiLineString", "coordinates": [ [ [ -48.6612911, -20.9245119 ], [ -48.6612972, -20.9245163 ] ] ] } },
{ "type": "Feature", "properties": { "linha_id": 74, "comp_m": 1.04, "ini_m": 341.16, "fim_m": 342.2, "faixa_id": 2, "classe": "0.50–1.50 m", "_coa_length_m": 1.04, "_coa_class": "0,50–1,50 m" }, "geometry": { "type": "MultiLineString", "coordinates": [ [ [ -48.6630118, -20.9257581 ], [ -48.6630193, -20.9257643 ] ] ] } },
{ "type": "Feature", "properties": { "linha_id": 75, "comp_m": 1.76, "ini_m": 329.32, "fim_m": 331.08, "faixa_id": 3, "classe": "1.50–3.00 m", "_coa_length_m": 1.759, "_coa_class": "1,50–3,00 m" }, "geometry": { "type": "MultiLineString", "coordinates": [ [ [ -48.6629453, -20.9257268 ], [ -48.6629587, -20.9257364 ] ] ] } },
{ "type": "Feature", "properties": { "linha_id": 82, "comp_m": 1.52, "ini_m": 195.96, "fim_m": 197.48, "faixa_id": 3, "classe": "1.50–3.00 m", "_coa_length_m": 1.519, "_coa_class": "1,50–3,00 m" }, "geometry": { "type": "MultiLineString", "coordinates": [ [ [ -48.6628983, -20.9258134 ], [ -48.6629099, -20.9258219 ] ] ] } },
{ "type": "Feature", "properties": { "linha_id": 83, "comp_m": 0.52, "ini_m": 0.0, "fim_m": 0.52, "faixa_id": 2, "classe": "0.50–1.50 m", "_coa_length_m": 0.52, "_coa_class": "0,50–1,50 m" }, "geometry": { "type": "MultiLineString", "coordinates": [ [ [ -48.6614377, -20.9247678 ], [ -48.6614415, -20.9247709 ] ] ] } },
{ "type": "Feature", "properties": { "linha_id": 83, "comp_m": 0.748, "ini_m": 198.44, "fim_m": 199.188, "faixa_id": 2, "classe": "0.50–1.50 m", "_coa_length_m": 0.748, "_coa_class": "0,50–1,50 m" }, "geometry": { "type": "MultiLineString", "coordinates": [ [ [ -48.6629442, -20.925866 ], [ -48.6629496, -20.9258705 ] ] ] } },
{ "type": "Feature", "properties": { "linha_id": 84, "comp_m": 0.88, "ini_m": 0.04, "fim_m": 0.92, "faixa_id": 2, "classe": "0.50–1.50 m", "_coa_length_m": 0.88, "_coa_class": "0,50–1,50 m" }, "geometry": { "type": "MultiLineString", "coordinates": [ [ [ -48.6614658, -20.9248078 ], [ -48.6614696, -20.9248096 ], [ -48.6614728, -20.9248122 ] ] ] } },
{ "type": "Feature", "properties": { "linha_id": 84, "comp_m": 0.8, "ini_m": 2.92, "fim_m": 3.72, "faixa_id": 2, "classe": "0.50–1.50 m", "_coa_length_m": 0.8, "_coa_class": "0,50–1,50 m" }, "geometry": { "type": "MultiLineString", "coordinates": [ [ [ -48.6614874, -20.924824 ], [ -48.6614932, -20.9248287 ] ] ] } },
{ "type": "Feature", "properties": { "linha_id": 84, "comp_m": 1.6, "ini_m": 5.24, "fim_m": 6.84, "faixa_id": 3, "classe": "1.50–3.00 m", "_coa_length_m": 1.599, "_coa_class": "1,50–3,00 m" }, "geometry": { "type": "MultiLineString", "coordinates": [ [ [ -48.6615046, -20.9248373 ], [ -48.6615168, -20.924846 ] ] ] } },
{ "type": "Feature", "properties": { "linha_id": 85, "comp_m": 1.12, "ini_m": 175.16, "fim_m": 176.28, "faixa_id": 2, "classe": "0.50–1.50 m", "_coa_length_m": 1.12, "_coa_class": "0,50–1,50 m" }, "geometry": { "type": "MultiLineString", "coordinates": [ [ [ -48.6628316, -20.9258157 ], [ -48.6628401, -20.9258219 ] ] ] } },
{ "type": "Feature", "properties": { "linha_id": 85, "comp_m": 2.64, "ini_m": 182.92, "fim_m": 185.56, "faixa_id": 3, "classe": "1.50–3.00 m", "_coa_length_m": 2.639, "_coa_class": "1,50–3,00 m" }, "geometry": { "type": "MultiLineString", "coordinates": [ [ [ -48.6628902, -20.925859 ], [ -48.6629101, -20.9258739 ] ] ] } },
{ "type": "Feature", "properties": { "linha_id": 86, "comp_m": 1.04, "ini_m": 65.64, "fim_m": 66.68, "faixa_id": 2, "classe": "0.50–1.50 m", "_coa_length_m": 1.04, "_coa_class": "0,50–1,50 m" }, "geometry": { "type": "MultiLineString", "coordinates": [ [ [ -48.6620263, -20.9252491 ], [ -48.6620342, -20.9252549 ] ] ] } },
{ "type": "Feature", "properties": { "linha_id": 86, "comp_m": 0.606, "ini_m": 181.24, "fim_m": 181.846, "faixa_id": 2, "classe": "0.50–1.50 m", "_coa_length_m": 0.605, "_coa_class": "0,50–1,50 m" }, "geometry": { "type": "MultiLineString", "coordinates": [ [ [ -48.6629058, -20.9258867 ], [ -48.6629105, -20.92589 ] ] ] } },
{ "type": "Feature", "properties": { "linha_id": 88, "comp_m": 0.68, "ini_m": 0.0, "fim_m": 0.68, "faixa_id": 2, "classe": "0.50–1.50 m", "_coa_length_m": 0.68, "_coa_class": "0,50–1,50 m" }, "geometry": { "type": "MultiLineString", "coordinates": [ [ [ -48.6615671, -20.9249484 ], [ -48.6615728, -20.9249515 ] ] ] } },
{ "type": "Feature", "properties": { "linha_id": 89, "comp_m": 0.6, "ini_m": 0.0, "fim_m": 0.6, "faixa_id": 2, "classe": "0.50–1.50 m", "_coa_length_m": 0.6, "_coa_class": "0,50–1,50 m" }, "geometry": { "type": "MultiLineString", "coordinates": [ [ [ -48.6615938, -20.9249853 ], [ -48.6615981, -20.9249889 ] ] ] } },
{ "type": "Feature", "properties": { "linha_id": 89, "comp_m": 0.712, "ini_m": 170.92, "fim_m": 171.632, "faixa_id": 2, "classe": "0.50–1.50 m", "_coa_length_m": 0.712, "_coa_class": "0,50–1,50 m" }, "geometry": { "type": "MultiLineString", "coordinates": [ [ [ -48.6628923, -20.9259263 ], [ -48.662898, -20.9259299 ] ] ] } },
{ "type": "Feature", "properties": { "linha_id": 91, "comp_m": 1.36, "ini_m": 3.88, "fim_m": 5.24, "faixa_id": 2, "classe": "0.50–1.50 m", "_coa_length_m": 1.36, "_coa_class": "0,50–1,50 m" }, "geometry": { "type": "MultiLineString", "coordinates": [ [ [ -48.6616504, -20.9250598 ], [ -48.66166, -20.9250681 ], [ -48.66166, -20.9250681 ] ] ] } },
{ "type": "Feature", "properties": { "linha_id": 91, "comp_m": 1.2, "ini_m": 156.44, "fim_m": 157.64, "faixa_id": 2, "classe": "0.50–1.50 m", "_coa_length_m": 1.2, "_coa_class": "0,50–1,50 m" }, "geometry": { "type": "MultiLineString", "coordinates": [ [ [ -48.6628102, -20.925902 ], [ -48.6628194, -20.9259086 ] ] ] } },
{ "type": "Feature", "properties": { "linha_id": 91, "comp_m": 1.36, "ini_m": 159.88, "fim_m": 161.24, "faixa_id": 2, "classe": "0.50–1.50 m", "_coa_length_m": 1.36, "_coa_class": "0,50–1,50 m" }, "geometry": { "type": "MultiLineString", "coordinates": [ [ [ -48.6628365, -20.9259209 ], [ -48.6628442, -20.9259264 ], [ -48.6628468, -20.9259285 ] ] ] } },
{ "type": "Feature", "properties": { "linha_id": 92, "comp_m": 0.746, "ini_m": 158.68, "fim_m": 159.426, "faixa_id": 2, "classe": "0.50–1.50 m", "_coa_length_m": 0.746, "_coa_class": "0,50–1,50 m" }, "geometry": { "type": "MultiLineString", "coordinates": [ [ [ -48.6628603, -20.9259578 ], [ -48.6628657, -20.9259622 ] ] ] } },
{ "type": "Feature", "properties": { "linha_id": 93, "comp_m": 1.706, "ini_m": 156.84, "fim_m": 158.546, "faixa_id": 3, "classe": "1.50–3.00 m", "_coa_length_m": 1.706, "_coa_class": "1,50–3,00 m" }, "geometry": { "type": "MultiLineString", "coordinates": [ [ [ -48.6628449, -20.9259638 ], [ -48.6628574, -20.9259738 ] ] ] } },
{ "type": "Feature", "properties": { "linha_id": 94, "comp_m": 0.72, "ini_m": 0.52, "fim_m": 1.24, "faixa_id": 2, "classe": "0.50–1.50 m", "_coa_length_m": 0.72, "_coa_class": "0,50–1,50 m" }, "geometry": { "type": "MultiLineString", "coordinates": [ [ [ -48.6616484, -20.9251124 ], [ -48.661652, -20.9251136 ], [ -48.6616546, -20.9251152 ] ] ] } },
{ "type": "Feature", "properties": { "linha_id": 95, "comp_m": 0.678, "ini_m": 154.2, "fim_m": 154.878, "faixa_id": 2, "classe": "0.50–1.50 m", "_coa_length_m": 0.678, "_coa_class": "0,50–1,50 m" }, "geometry": { "type": "MultiLineString", "coordinates": [ [ [ -48.6628322, -20.9259874 ], [ -48.6628374, -20.9259911 ] ] ] } },
{ "type": "Feature", "properties": { "linha_id": 97, "comp_m": 0.56, "ini_m": 77.16, "fim_m": 77.72, "faixa_id": 2, "classe": "0.50–1.50 m", "_coa_length_m": 0.56, "_coa_class": "0,50–1,50 m" }, "geometry": { "type": "MultiLineString", "coordinates": [ [ [ -48.6622615, -20.9256085 ], [ -48.6622658, -20.9256115 ] ] ] } },
{ "type": "Feature", "properties": { "linha_id": 110, "comp_m": 1.113, "ini_m": 124.2, "fim_m": 125.313, "faixa_id": 2, "classe": "0.50–1.50 m", "_coa_length_m": 1.112, "_coa_class": "0,50–1,50 m" }, "geometry": { "type": "MultiLineString", "coordinates": [ [ [ -48.6626961, -20.9261456 ], [ -48.6627046, -20.9261518 ] ] ] } },
{ "type": "Feature", "properties": { "linha_id": 113, "comp_m": 1.59, "ini_m": 118.44, "fim_m": 120.03, "faixa_id": 3, "classe": "1.50–3.00 m", "_coa_length_m": 1.589, "_coa_class": "1,50–3,00 m" }, "geometry": { "type": "MultiLineString", "coordinates": [ [ [ -48.6626698, -20.9261773 ], [ -48.6626819, -20.9261861 ] ] ] } },
{ "type": "Feature", "properties": { "linha_id": 114, "comp_m": 0.56, "ini_m": 27.08, "fim_m": 27.64, "faixa_id": 2, "classe": "0.50–1.50 m", "_coa_length_m": 0.56, "_coa_class": "0,50–1,50 m" }, "geometry": { "type": "MultiLineString", "coordinates": [ [ [ -48.6619838, -20.9257015 ], [ -48.661988, -20.9257047 ] ] ] } },
{ "type": "Feature", "properties": { "linha_id": 114, "comp_m": 0.76, "ini_m": 116.12, "fim_m": 116.88, "faixa_id": 2, "classe": "0.50–1.50 m", "_coa_length_m": 0.76, "_coa_class": "0,50–1,50 m" }, "geometry": { "type": "MultiLineString", "coordinates": [ [ [ -48.6626638, -20.9261895 ], [ -48.6626696, -20.9261936 ] ] ] } },
{ "type": "Feature", "properties": { "linha_id": 115, "comp_m": 1.68, "ini_m": 25.96, "fim_m": 27.64, "faixa_id": 3, "classe": "1.50–3.00 m", "_coa_length_m": 1.679, "_coa_class": "1,50–3,00 m" }, "geometry": { "type": "MultiLineString", "coordinates": [ [ [ -48.6619805, -20.9257156 ], [ -48.6619934, -20.9257248 ] ] ] } },
{ "type": "Feature", "properties": { "linha_id": 117, "comp_m": 1.5, "ini_m": 110.76, "fim_m": 112.26, "faixa_id": 3, "classe": "1.50–3.00 m", "_coa_length_m": 1.5, "_coa_class": "0,50–1,50 m" }, "geometry": { "type": "MultiLineString", "coordinates": [ [ [ -48.6626351, -20.92622 ], [ -48.6626467, -20.9262281 ] ] ] } },
{ "type": "Feature", "properties": { "linha_id": 118, "comp_m": 1.332, "ini_m": 109.48, "fim_m": 110.812, "faixa_id": 2, "classe": "0.50–1.50 m", "_coa_length_m": 1.331, "_coa_class": "0,50–1,50 m" }, "geometry": { "type": "MultiLineString", "coordinates": [ [ [ -48.6626247, -20.9262287 ], [ -48.6626353, -20.9262353 ] ] ] } },
{ "type": "Feature", "properties": { "linha_id": 124, "comp_m": 0.52, "ini_m": 0.0, "fim_m": 0.52, "faixa_id": 2, "classe": "0.50–1.50 m", "_coa_length_m": 0.52, "_coa_class": "0,50–1,50 m" }, "geometry": { "type": "MultiLineString", "coordinates": [ [ [ -48.6592701, -20.9217166 ], [ -48.6592714, -20.9217184 ], [ -48.6592732, -20.9217202 ] ] ] } },
{ "type": "Feature", "properties": { "linha_id": 124, "comp_m": 0.64, "ini_m": 95.08, "fim_m": 95.72, "faixa_id": 2, "classe": "0.50–1.50 m", "_coa_length_m": 0.64, "_coa_class": "0,50–1,50 m" }, "geometry": { "type": "MultiLineString", "coordinates": [ [ [ -48.6598418, -20.9223857 ], [ -48.6598454, -20.9223904 ] ] ] } },
{ "type": "Feature", "properties": { "linha_id": 124, "comp_m": 1.2, "ini_m": 119.32, "fim_m": 120.52, "faixa_id": 2, "classe": "0.50–1.50 m", "_coa_length_m": 1.2, "_coa_class": "0,50–1,50 m" }, "geometry": { "type": "MultiLineString", "coordinates": [ [ [ -48.6599671, -20.9225698 ], [ -48.6599686, -20.9225727 ], [ -48.659973, -20.9225792 ] ] ] } },
{ "type": "Feature", "properties": { "linha_id": 124, "comp_m": 0.64, "ini_m": 133.64, "fim_m": 134.28, "faixa_id": 2, "classe": "0.50–1.50 m", "_coa_length_m": 0.64, "_coa_class": "0,50–1,50 m" }, "geometry": { "type": "MultiLineString", "coordinates": [ [ [ -48.6600359, -20.9226818 ], [ -48.660039, -20.9226867 ] ] ] } },
{ "type": "Feature", "properties": { "linha_id": 124, "comp_m": 1.52, "ini_m": 173.72, "fim_m": 175.24, "faixa_id": 3, "classe": "1.50–3.00 m", "_coa_length_m": 1.519, "_coa_class": "1,50–3,00 m" }, "geometry": { "type": "MultiLineString", "coordinates": [ [ [ -48.6602307, -20.9229938 ], [ -48.6602376, -20.9230059 ] ] ] } },
{ "type": "Feature", "properties": { "linha_id": 125, "comp_m": 1.92, "ini_m": 1.24, "fim_m": 3.16, "faixa_id": 3, "classe": "1.50–3.00 m", "_coa_length_m": 1.919, "_coa_class": "1,50–3,00 m" }, "geometry": { "type": "MultiLineString", "coordinates": [ [ [ -48.6592028, -20.9217061 ], [ -48.6592078, -20.9217112 ], [ -48.6592119, -20.9217132 ], [ -48.6592169, -20.921717 ] ] ] } },
{ "type": "Feature", "properties": { "linha_id": 125, "comp_m": 0.88, "ini_m": 683.32, "fim_m": 684.2, "faixa_id": 2, "classe": "0.50–1.50 m", "_coa_length_m": 0.88, "_coa_class": "0,50–1,50 m" }, "geometry": { "type": "MultiLineString", "coordinates": [ [ [ -48.6625337, -20.9263343 ], [ -48.6625418, -20.9263365 ] ] ] } },
{ "type": "Feature", "properties": { "linha_id": 125, "comp_m": 0.565, "ini_m": 684.36, "fim_m": 684.925, "faixa_id": 2, "classe": "0.50–1.50 m", "_coa_length_m": 0.564, "_coa_class": "0,50–1,50 m" }, "geometry": { "type": "MultiLineString", "coordinates": [ [ [ -48.6625433, -20.9263369 ], [ -48.6625485, -20.9263383 ] ] ] } },
{ "type": "Feature", "properties": { "linha_id": 126, "comp_m": 1.48, "ini_m": 0.0, "fim_m": 1.48, "faixa_id": 2, "classe": "0.50–1.50 m", "_coa_length_m": 1.48, "_coa_class": "0,50–1,50 m" }, "geometry": { "type": "MultiLineString", "coordinates": [ [ [ -48.6592536, -20.921713 ], [ -48.6592605, -20.9217247 ] ] ] } },
{ "type": "Feature", "properties": { "linha_id": 126, "comp_m": 1.12, "ini_m": 333.32, "fim_m": 334.44, "faixa_id": 2, "classe": "0.50–1.50 m", "_coa_length_m": 1.12, "_coa_class": "0,50–1,50 m" }, "geometry": { "type": "MultiLineString", "coordinates": [ [ [ -48.6605124, -20.9243437 ], [ -48.6605213, -20.9243494 ] ] ] } },
{ "type": "Feature", "properties": { "linha_id": 126, "comp_m": 0.72, "ini_m": 338.84, "fim_m": 339.56, "faixa_id": 2, "classe": "0.50–1.50 m", "_coa_length_m": 0.72, "_coa_class": "0,50–1,50 m" }, "geometry": { "type": "MultiLineString", "coordinates": [ [ [ -48.6605583, -20.9243686 ], [ -48.6605644, -20.9243716 ] ] ] } },
{ "type": "Feature", "properties": { "linha_id": 127, "comp_m": 0.56, "ini_m": 24.04, "fim_m": 24.6, "faixa_id": 2, "classe": "0.50–1.50 m", "_coa_length_m": 0.56, "_coa_class": "0,50–1,50 m" }, "geometry": { "type": "MultiLineString", "coordinates": [ [ [ -48.6593773, -20.9218816 ], [ -48.6593808, -20.9218855 ] ] ] } },
{ "type": "Feature", "properties": { "linha_id": 127, "comp_m": 0.8, "ini_m": 113.24, "fim_m": 114.04, "faixa_id": 2, "classe": "0.50–1.50 m", "_coa_length_m": 0.8, "_coa_class": "0,50–1,50 m" }, "geometry": { "type": "MultiLineString", "coordinates": [ [ [ -48.6599014, -20.9225179 ], [ -48.6599054, -20.9225241 ] ] ] } },
{ "type": "Feature", "properties": { "linha_id": 127, "comp_m": 0.56, "ini_m": 204.36, "fim_m": 204.92, "faixa_id": 2, "classe": "0.50–1.50 m", "_coa_length_m": 0.56, "_coa_class": "0,50–1,50 m" }, "geometry": { "type": "MultiLineString", "coordinates": [ [ [ -48.660325, -20.9232367 ], [ -48.6603267, -20.9232415 ] ] ] } },
{ "type": "Feature", "properties": { "linha_id": 127, "comp_m": 2.96, "ini_m": 314.84, "fim_m": 317.8, "faixa_id": 3, "classe": "1.50–3.00 m", "_coa_length_m": 2.959, "_coa_class": "1,50–3,00 m" }, "geometry": { "type": "MultiLineString", "coordinates": [ [ [ -48.66037, -20.9242252 ], [ -48.6603724, -20.9242304 ], [ -48.6603839, -20.9242485 ] ] ] } },
{ "type": "Feature", "properties": { "linha_id": 127, "comp_m": 0.64, "ini_m": 320.84, "fim_m": 321.48, "faixa_id": 2, "classe": "0.50–1.50 m", "_coa_length_m": 0.64, "_coa_class": "0,50–1,50 m" }, "geometry": { "type": "MultiLineString", "coordinates": [ [ [ -48.6604008, -20.9242708 ], [ -48.6604048, -20.9242752 ] ] ] } },
{ "type": "Feature", "properties": { "linha_id": 127, "comp_m": 0.56, "ini_m": 402.04, "fim_m": 402.6, "faixa_id": 2, "classe": "0.50–1.50 m", "_coa_length_m": 0.56, "_coa_class": "0,50–1,50 m" }, "geometry": { "type": "MultiLineString", "coordinates": [ [ [ -48.6611042, -20.9245634 ], [ -48.6611089, -20.9245659 ] ] ] } },
{ "type": "Feature", "properties": { "linha_id": 128, "comp_m": 4.84, "ini_m": 0.0, "fim_m": 4.84, "faixa_id": 4, "classe": "3.00–5.00 m", "_coa_length_m": 4.838, "_coa_class": "3,00–5,00 m" }, "geometry": { "type": "MultiLineString", "coordinates": [ [ [ -48.6593411, -20.9217679 ], [ -48.6593454, -20.921772 ], [ -48.659343, -20.9217728 ], [ -48.6593654, -20.9218016 ] ] ] } },
{ "type": "Feature", "properties": { "linha_id": 128, "comp_m": 1.04, "ini_m": 66.84, "fim_m": 67.88, "faixa_id": 2, "classe": "0.50–1.50 m", "_coa_length_m": 1.04, "_coa_class": "0,50–1,50 m" }, "geometry": { "type": "MultiLineString", "coordinates": [ [ [ -48.6597413, -20.9222354 ], [ -48.6597474, -20.9222428 ] ] ] } },
{ "type": "Feature", "properties": { "linha_id": 128, "comp_m": 0.64, "ini_m": 109.24, "fim_m": 109.88, "faixa_id": 2, "classe": "0.50–1.50 m", "_coa_length_m": 0.64, "_coa_class": "0,50–1,50 m" }, "geometry": { "type": "MultiLineString", "coordinates": [ [ [ -48.6599708, -20.9225504 ], [ -48.6599739, -20.9225554 ] ] ] } },
{ "type": "Feature", "properties": { "linha_id": 128, "comp_m": 0.64, "ini_m": 175.32, "fim_m": 175.96, "faixa_id": 2, "classe": "0.50–1.50 m", "_coa_length_m": 0.64, "_coa_class": "0,50–1,50 m" }, "geometry": { "type": "MultiLineString", "coordinates": [ [ [ -48.6602902, -20.923065 ], [ -48.6602932, -20.9230701 ] ] ] } },
{ "type": "Feature", "properties": { "linha_id": 128, "comp_m": 0.96, "ini_m": 326.04, "fim_m": 327.0, "faixa_id": 2, "classe": "0.50–1.50 m", "_coa_length_m": 0.96, "_coa_class": "0,50–1,50 m" }, "geometry": { "type": "MultiLineString", "coordinates": [ [ [ -48.6605563, -20.9243389 ], [ -48.6605637, -20.9243432 ], [ -48.6605642, -20.9243435 ] ] ] } },
{ "type": "Feature", "properties": { "linha_id": 129, "comp_m": 0.56, "ini_m": 209.24, "fim_m": 209.8, "faixa_id": 2, "classe": "0.50–1.50 m", "_coa_length_m": 0.56, "_coa_class": "0,50–1,50 m" }, "geometry": { "type": "MultiLineString", "coordinates": [ [ [ -48.6603042, -20.9232583 ], [ -48.6603058, -20.9232632 ] ] ] } },
{ "type": "Feature", "properties": { "linha_id": 129, "comp_m": 0.8, "ini_m": 320.04, "fim_m": 320.84, "faixa_id": 2, "classe": "0.50–1.50 m", "_coa_length_m": 0.8, "_coa_class": "0,50–1,50 m" }, "geometry": { "type": "MultiLineString", "coordinates": [ [ [ -48.6603528, -20.9242483 ], [ -48.6603562, -20.9242548 ] ] ] } },
{ "type": "Feature", "properties": { "linha_id": 130, "comp_m": 1.36, "ini_m": 113.4, "fim_m": 114.76, "faixa_id": 2, "classe": "0.50–1.50 m", "_coa_length_m": 1.36, "_coa_class": "0,50–1,50 m" }, "geometry": { "type": "MultiLineString", "coordinates": [ [ [ -48.6598469, -20.9225111 ], [ -48.6598541, -20.9225213 ] ] ] } },
{ "type": "Feature", "properties": { "linha_id": 130, "comp_m": 0.56, "ini_m": 130.44, "fim_m": 131.0, "faixa_id": 2, "classe": "0.50–1.50 m", "_coa_length_m": 0.56, "_coa_class": "0,50–1,50 m" }, "geometry": { "type": "MultiLineString", "coordinates": [ [ [ -48.6599303, -20.9226434 ], [ -48.6599328, -20.9226478 ] ] ] } },
{ "type": "Feature", "properties": { "linha_id": 130, "comp_m": 0.8, "ini_m": 140.44, "fim_m": 141.24, "faixa_id": 2, "classe": "0.50–1.50 m", "_coa_length_m": 0.8, "_coa_class": "0,50–1,50 m" }, "geometry": { "type": "MultiLineString", "coordinates": [ [ [ -48.6599783, -20.9227215 ], [ -48.6599823, -20.9227277 ] ] ] } },
{ "type": "Feature", "properties": { "linha_id": 130, "comp_m": 0.64, "ini_m": 152.44, "fim_m": 153.08, "faixa_id": 2, "classe": "0.50–1.50 m", "_coa_length_m": 0.64, "_coa_class": "0,50–1,50 m" }, "geometry": { "type": "MultiLineString", "coordinates": [ [ [ -48.6600357, -20.9228155 ], [ -48.6600389, -20.9228205 ] ] ] } },
{ "type": "Feature", "properties": { "linha_id": 130, "comp_m": 1.52, "ini_m": 203.8, "fim_m": 205.32, "faixa_id": 3, "classe": "1.50–3.00 m", "_coa_length_m": 1.519, "_coa_class": "1,50–3,00 m" }, "geometry": { "type": "MultiLineString", "coordinates": [ [ [ -48.6602754, -20.9232203 ], [ -48.6602808, -20.9232331 ] ] ] } },
{ "type": "Feature", "properties": { "linha_id": 130, "comp_m": 1.04, "ini_m": 206.28, "fim_m": 207.32, "faixa_id": 2, "classe": "0.50–1.50 m", "_coa_length_m": 1.04, "_coa_class": "0,50–1,50 m" }, "geometry": { "type": "MultiLineString", "coordinates": [ [ [ -48.6602841, -20.9232412 ], [ -48.6602843, -20.9232414 ], [ -48.6602868, -20.9232502 ] ] ] } },
{ "type": "Feature", "properties": { "linha_id": 130, "comp_m": 3.28, "ini_m": 660.6, "fim_m": 663.88, "faixa_id": 4, "classe": "3.00–5.00 m", "_coa_length_m": 3.279, "_coa_class": "3,00–5,00 m" }, "geometry": { "type": "MultiLineString", "coordinates": [ [ [ -48.6622983, -20.9262905 ], [ -48.6622991, -20.9262906 ], [ -48.6623294, -20.9262953 ] ] ] } },
{ "type": "Feature", "properties": { "linha_id": 131, "comp_m": 0.56, "ini_m": 152.92, "fim_m": 153.48, "faixa_id": 2, "classe": "0.50–1.50 m", "_coa_length_m": 0.56, "_coa_class": "0,50–1,50 m" }, "geometry": { "type": "MultiLineString", "coordinates": [ [ [ -48.6617248, -20.9253875 ], [ -48.6617236, -20.9253826 ] ] ] } },
{ "type": "Feature", "properties": { "linha_id": 131, "comp_m": 0.8, "ini_m": 212.04, "fim_m": 212.84, "faixa_id": 2, "classe": "0.50–1.50 m", "_coa_length_m": 0.8, "_coa_class": "0,50–1,50 m" }, "geometry": { "type": "MultiLineString", "coordinates": [ [ [ -48.6615206, -20.9248945 ], [ -48.6615166, -20.9248884 ] ] ] } },
{ "type": "Feature", "properties": { "linha_id": 132, "comp_m": 1.48, "ini_m": 0.0, "fim_m": 1.48, "faixa_id": 2, "classe": "0.50–1.50 m", "_coa_length_m": 1.48, "_coa_class": "0,50–1,50 m" }, "geometry": { "type": "MultiLineString", "coordinates": [ [ [ -48.6591544, -20.9217142 ], [ -48.6591631, -20.9217248 ] ] ] } },
{ "type": "Feature", "properties": { "linha_id": 132, "comp_m": 0.72, "ini_m": 43.96, "fim_m": 44.68, "faixa_id": 2, "classe": "0.50–1.50 m", "_coa_length_m": 0.72, "_coa_class": "0,50–1,50 m" }, "geometry": { "type": "MultiLineString", "coordinates": [ [ [ -48.6594271, -20.9220172 ], [ -48.6594316, -20.9220221 ] ] ] } },
{ "type": "Feature", "properties": { "linha_id": 132, "comp_m": 1.28, "ini_m": 57.8, "fim_m": 59.08, "faixa_id": 2, "classe": "0.50–1.50 m", "_coa_length_m": 1.28, "_coa_class": "0,50–1,50 m" }, "geometry": { "type": "MultiLineString", "coordinates": [ [ [ -48.6595145, -20.9221114 ], [ -48.6595222, -20.9221204 ] ] ] } },
{ "type": "Feature", "properties": { "linha_id": 132, "comp_m": 0.64, "ini_m": 77.8, "fim_m": 78.44, "faixa_id": 2, "classe": "0.50–1.50 m", "_coa_length_m": 0.64, "_coa_class": "0,50–1,50 m" }, "geometry": { "type": "MultiLineString", "coordinates": [ [ [ -48.6596328, -20.9222537 ], [ -48.6596365, -20.9222583 ] ] ] } },
{ "type": "Feature", "properties": { "linha_id": 132, "comp_m": 0.72, "ini_m": 96.04, "fim_m": 96.76, "faixa_id": 2, "classe": "0.50–1.50 m", "_coa_length_m": 0.72, "_coa_class": "0,50–1,50 m" }, "geometry": { "type": "MultiLineString", "coordinates": [ [ [ -48.6597372, -20.922386 ], [ -48.6597413, -20.9223912 ] ] ] } },
{ "type": "Feature", "properties": { "linha_id": 132, "comp_m": 0.96, "ini_m": 119.64, "fim_m": 120.6, "faixa_id": 2, "classe": "0.50–1.50 m", "_coa_length_m": 0.96, "_coa_class": "0,50–1,50 m" }, "geometry": { "type": "MultiLineString", "coordinates": [ [ [ -48.6598652, -20.9225617 ], [ -48.6598697, -20.9225692 ] ] ] } },
{ "type": "Feature", "properties": { "linha_id": 132, "comp_m": 1.44, "ini_m": 122.04, "fim_m": 123.48, "faixa_id": 2, "classe": "0.50–1.50 m", "_coa_length_m": 1.44, "_coa_class": "0,50–1,50 m" }, "geometry": { "type": "MultiLineString", "coordinates": [ [ [ -48.6598764, -20.9225806 ], [ -48.6598831, -20.922592 ] ] ] } },
{ "type": "Feature", "properties": { "linha_id": 132, "comp_m": 0.96, "ini_m": 125.8, "fim_m": 126.76, "faixa_id": 2, "classe": "0.50–1.50 m", "_coa_length_m": 0.96, "_coa_class": "0,50–1,50 m" }, "geometry": { "type": "MultiLineString", "coordinates": [ [ [ -48.6598939, -20.9226103 ], [ -48.6598984, -20.9226179 ] ] ] } },
{ "type": "Feature", "properties": { "linha_id": 132, "comp_m": 0.72, "ini_m": 250.44, "fim_m": 251.16, "faixa_id": 2, "classe": "0.50–1.50 m", "_coa_length_m": 0.72, "_coa_class": "0,50–1,50 m" }, "geometry": { "type": "MultiLineString", "coordinates": [ [ [ -48.660309, -20.923639 ], [ -48.6603087, -20.9236455 ] ] ] } },
{ "type": "Feature", "properties": { "linha_id": 132, "comp_m": 0.56, "ini_m": 255.8, "fim_m": 256.36, "faixa_id": 2, "classe": "0.50–1.50 m", "_coa_length_m": 0.56, "_coa_class": "0,50–1,50 m" }, "geometry": { "type": "MultiLineString", "coordinates": [ [ [ -48.6603052, -20.9236872 ], [ -48.6603045, -20.9236922 ] ] ] } },
{ "type": "Feature", "properties": { "linha_id": 132, "comp_m": 1.52, "ini_m": 256.52, "fim_m": 258.04, "faixa_id": 3, "classe": "1.50–3.00 m", "_coa_length_m": 1.519, "_coa_class": "1,50–3,00 m" }, "geometry": { "type": "MultiLineString", "coordinates": [ [ [ -48.6603043, -20.9236937 ], [ -48.6603035, -20.9236997 ], [ -48.6603034, -20.9237073 ] ] ] } },
{ "type": "Feature", "properties": { "linha_id": 132, "comp_m": 1.36, "ini_m": 259.0, "fim_m": 260.36, "faixa_id": 2, "classe": "0.50–1.50 m", "_coa_length_m": 1.36, "_coa_class": "0,50–1,50 m" }, "geometry": { "type": "MultiLineString", "coordinates": [ [ [ -48.6603032, -20.923716 ], [ -48.660303, -20.9237283 ] ] ] } },
{ "type": "Feature", "properties": { "linha_id": 132, "comp_m": 0.72, "ini_m": 265.96, "fim_m": 266.68, "faixa_id": 2, "classe": "0.50–1.50 m", "_coa_length_m": 0.72, "_coa_class": "0,50–1,50 m" }, "geometry": { "type": "MultiLineString", "coordinates": [ [ [ -48.6603018, -20.9237788 ], [ -48.6603014, -20.9237853 ] ] ] } },
{ "type": "Feature", "properties": { "linha_id": 132, "comp_m": 0.72, "ini_m": 273.64, "fim_m": 274.36, "faixa_id": 2, "classe": "0.50–1.50 m", "_coa_length_m": 0.72, "_coa_class": "0,50–1,50 m" }, "geometry": { "type": "MultiLineString", "coordinates": [ [ [ -48.6602985, -20.9238481 ], [ -48.6602982, -20.9238546 ] ] ] } },
{ "type": "Feature", "properties": { "linha_id": 132, "comp_m": 0.72, "ini_m": 330.52, "fim_m": 331.24, "faixa_id": 2, "classe": "0.50–1.50 m", "_coa_length_m": 0.72, "_coa_class": "0,50–1,50 m" }, "geometry": { "type": "MultiLineString", "coordinates": [ [ [ -48.6603882, -20.924335 ], [ -48.660393, -20.9243397 ] ] ] } },
{ "type": "Feature", "properties": { "linha_id": 132, "comp_m": 0.96, "ini_m": 479.08, "fim_m": 480.04, "faixa_id": 2, "classe": "0.50–1.50 m", "_coa_length_m": 0.96, "_coa_class": "0,50–1,50 m" }, "geometry": { "type": "MultiLineString", "coordinates": [ [ [ -48.661504, -20.9250826 ], [ -48.6615081, -20.9250904 ] ] ] } },
{ "type": "Feature", "properties": { "linha_id": 132, "comp_m": 1.04, "ini_m": 537.4, "fim_m": 538.44, "faixa_id": 2, "classe": "0.50–1.50 m", "_coa_length_m": 1.04, "_coa_class": "0,50–1,50 m" }, "geometry": { "type": "MultiLineString", "coordinates": [ [ [ -48.661654, -20.925589 ], [ -48.6616558, -20.9255983 ] ] ] } },
{ "type": "Feature", "properties": { "linha_id": 132, "comp_m": 0.822, "ini_m": 685.08, "fim_m": 685.902, "faixa_id": 2, "classe": "0.50–1.50 m", "_coa_length_m": 0.822, "_coa_class": "0,50–1,50 m" }, "geometry": { "type": "MultiLineString", "coordinates": [ [ [ -48.6625005, -20.9263701 ], [ -48.6625071, -20.9263742 ] ] ] } },
{ "type": "Feature", "properties": { "linha_id": 133, "comp_m": 0.88, "ini_m": 43.08, "fim_m": 43.96, "faixa_id": 2, "classe": "0.50–1.50 m", "_coa_length_m": 0.88, "_coa_class": "0,50–1,50 m" }, "geometry": { "type": "MultiLineString", "coordinates": [ [ [ -48.6594081, -20.9220158 ], [ -48.6594137, -20.9220217 ] ] ] } },
{ "type": "Feature", "properties": { "linha_id": 133, "comp_m": 0.56, "ini_m": 62.36, "fim_m": 62.92, "faixa_id": 2, "classe": "0.50–1.50 m", "_coa_length_m": 0.56, "_coa_class": "0,50–1,50 m" }, "geometry": { "type": "MultiLineString", "coordinates": [ [ [ -48.6595272, -20.9221491 ], [ -48.6595305, -20.9221531 ] ] ] } },
{ "type": "Feature", "properties": { "linha_id": 133, "comp_m": 1.92, "ini_m": 67.08, "fim_m": 69.0, "faixa_id": 3, "classe": "1.50–3.00 m", "_coa_length_m": 1.919, "_coa_class": "1,50–3,00 m" }, "geometry": { "type": "MultiLineString", "coordinates": [ [ [ -48.6595553, -20.9221825 ], [ -48.6595668, -20.9221961 ] ] ] } },
{ "type": "Feature", "properties": { "linha_id": 133, "comp_m": 0.56, "ini_m": 116.36, "fim_m": 116.92, "faixa_id": 2, "classe": "0.50–1.50 m", "_coa_length_m": 0.56, "_coa_class": "0,50–1,50 m" }, "geometry": { "type": "MultiLineString", "coordinates": [ [ [ -48.6598339, -20.922542 ], [ -48.6598371, -20.9225461 ] ] ] } },
{ "type": "Feature", "properties": { "linha_id": 133, "comp_m": 1.2, "ini_m": 119.56, "fim_m": 120.76, "faixa_id": 2, "classe": "0.50–1.50 m", "_coa_length_m": 1.2, "_coa_class": "0,50–1,50 m" }, "geometry": { "type": "MultiLineString", "coordinates": [ [ [ -48.6598505, -20.9225663 ], [ -48.6598561, -20.9225757 ] ] ] } },
{ "type": "Feature", "properties": { "linha_id": 133, "comp_m": 1.04, "ini_m": 121.56, "fim_m": 122.6, "faixa_id": 2, "classe": "0.50–1.50 m", "_coa_length_m": 1.04, "_coa_class": "0,50–1,50 m" }, "geometry": { "type": "MultiLineString", "coordinates": [ [ [ -48.6598599, -20.922582 ], [ -48.6598648, -20.9225902 ] ] ] } },
{ "type": "Feature", "properties": { "linha_id": 133, "comp_m": 0.88, "ini_m": 151.48, "fim_m": 152.36, "faixa_id": 2, "classe": "0.50–1.50 m", "_coa_length_m": 0.88, "_coa_class": "0,50–1,50 m" }, "geometry": { "type": "MultiLineString", "coordinates": [ [ [ -48.6600033, -20.9228162 ], [ -48.6600075, -20.9228231 ] ] ] } },
{ "type": "Feature", "properties": { "linha_id": 133, "comp_m": 5.2, "ini_m": 214.6, "fim_m": 219.8, "faixa_id": 5, "classe": "≥ 5.00 m", "_coa_length_m": 5.198, "_coa_class": ">= 5,00 m" }, "geometry": { "type": "MultiLineString", "coordinates": [ [ [ -48.6602766, -20.9233224 ], [ -48.6602856, -20.9233632 ], [ -48.6602863, -20.9233684 ] ] ] } },
{ "type": "Feature", "properties": { "linha_id": 133, "comp_m": 2.24, "ini_m": 220.6, "fim_m": 222.84, "faixa_id": 3, "classe": "1.50–3.00 m", "_coa_length_m": 2.239, "_coa_class": "1,50–3,00 m" }, "geometry": { "type": "MultiLineString", "coordinates": [ [ [ -48.6602873, -20.9233756 ], [ -48.6602901, -20.9233957 ] ] ] } },
{ "type": "Feature", "properties": { "linha_id": 133, "comp_m": 1.68, "ini_m": 223.0, "fim_m": 224.68, "faixa_id": 3, "classe": "1.50–3.00 m", "_coa_length_m": 1.679, "_coa_class": "1,50–3,00 m" }, "geometry": { "type": "MultiLineString", "coordinates": [ [ [ -48.6602903, -20.9233971 ], [ -48.6602924, -20.9234121 ] ] ] } },
{ "type": "Feature", "properties": { "linha_id": 133, "comp_m": 0.72, "ini_m": 255.64, "fim_m": 256.36, "faixa_id": 2, "classe": "0.50–1.50 m", "_coa_length_m": 0.72, "_coa_class": "0,50–1,50 m" }, "geometry": { "type": "MultiLineString", "coordinates": [ [ [ -48.6602907, -20.9236913 ], [ -48.6602909, -20.9236978 ] ] ] } },
{ "type": "Feature", "properties": { "linha_id": 133, "comp_m": 0.56, "ini_m": 475.48, "fim_m": 476.04, "faixa_id": 2, "classe": "0.50–1.50 m", "_coa_length_m": 0.56, "_coa_class": "0,50–1,50 m" }, "geometry": { "type": "MultiLineString", "coordinates": [ [ [ -48.6614755, -20.9250588 ], [ -48.661478, -20.9250633 ] ] ] } },
{ "type": "Feature", "properties": { "linha_id": 133, "comp_m": 0.56, "ini_m": 508.12, "fim_m": 508.68, "faixa_id": 2, "classe": "0.50–1.50 m", "_coa_length_m": 0.56, "_coa_class": "0,50–1,50 m" }, "geometry": { "type": "MultiLineString", "coordinates": [ [ [ -48.6615768, -20.9253371 ], [ -48.6615781, -20.925342 ] ] ] } },
{ "type": "Feature", "properties": { "linha_id": 133, "comp_m": 2.08, "ini_m": 565.08, "fim_m": 567.16, "faixa_id": 3, "classe": "1.50–3.00 m", "_coa_length_m": 2.079, "_coa_class": "1,50–3,00 m" }, "geometry": { "type": "MultiLineString", "coordinates": [ [ [ -48.6616907, -20.9258398 ], [ -48.661695, -20.9258582 ] ] ] } },
{ "type": "Feature", "properties": { "linha_id": 133, "comp_m": 0.56, "ini_m": 637.56, "fim_m": 638.12, "faixa_id": 2, "classe": "0.50–1.50 m", "_coa_length_m": 0.56, "_coa_class": "0,50–1,50 m" }, "geometry": { "type": "MultiLineString", "coordinates": [ [ [ -48.6620416, -20.9263008 ], [ -48.6620469, -20.926301 ] ] ] } },
{ "type": "Feature", "properties": { "linha_id": 133, "comp_m": 7.12, "ini_m": 668.68, "fim_m": 675.8, "faixa_id": 5, "classe": "≥ 5.00 m", "_coa_length_m": 7.118, "_coa_class": ">= 5,00 m" }, "geometry": { "type": "MultiLineString", "coordinates": [ [ [ -48.6623392, -20.9263247 ], [ -48.6623609, -20.9263284 ], [ -48.6624043, -20.9263398 ], [ -48.6624055, -20.9263403 ] ] ] } },
{ "type": "Feature", "properties": { "linha_id": 133, "comp_m": 1.753, "ini_m": 685.72, "fim_m": 687.473, "faixa_id": 3, "classe": "1.50–3.00 m", "_coa_length_m": 1.752, "_coa_class": "1,50–3,00 m" }, "geometry": { "type": "MultiLineString", "coordinates": [ [ [ -48.6624919, -20.9263779 ], [ -48.6625014, -20.9263826 ], [ -48.6625016, -20.9263823 ], [ -48.6625065, -20.9263849 ] ] ] } },
{ "type": "Feature", "properties": { "linha_id": 134, "comp_m": 0.64, "ini_m": 97.64, "fim_m": 98.28, "faixa_id": 2, "classe": "0.50–1.50 m", "_coa_length_m": 0.64, "_coa_class": "0,50–1,50 m" }, "geometry": { "type": "MultiLineString", "coordinates": [ [ [ -48.6597192, -20.9224096 ], [ -48.6597228, -20.9224143 ] ] ] } },
{ "type": "Feature", "properties": { "linha_id": 134, "comp_m": 0.72, "ini_m": 117.96, "fim_m": 118.68, "faixa_id": 2, "classe": "0.50–1.50 m", "_coa_length_m": 0.72, "_coa_class": "0,50–1,50 m" }, "geometry": { "type": "MultiLineString", "coordinates": [ [ [ -48.659829, -20.9225613 ], [ -48.6598305, -20.9225634 ], [ -48.6598326, -20.9225669 ] ] ] } },
{ "type": "Feature", "properties": { "linha_id": 134, "comp_m": 1.12, "ini_m": 127.0, "fim_m": 128.12, "faixa_id": 2, "classe": "0.50–1.50 m", "_coa_length_m": 1.12, "_coa_class": "0,50–1,50 m" }, "geometry": { "type": "MultiLineString", "coordinates": [ [ [ -48.6598723, -20.922632 ], [ -48.6598777, -20.9226408 ] ] ] } },
{ "type": "Feature", "properties": { "linha_id": 134, "comp_m": 0.88, "ini_m": 129.8, "fim_m": 130.68, "faixa_id": 2, "classe": "0.50–1.50 m", "_coa_length_m": 0.88, "_coa_class": "0,50–1,50 m" }, "geometry": { "type": "MultiLineString", "coordinates": [ [ [ -48.6598857, -20.922654 ], [ -48.6598899, -20.9226609 ] ] ] } },
{ "type": "Feature", "properties": { "linha_id": 134, "comp_m": 2.96, "ini_m": 137.48, "fim_m": 140.44, "faixa_id": 3, "classe": "1.50–3.00 m", "_coa_length_m": 2.959, "_coa_class": "1,50–3,00 m" }, "geometry": { "type": "MultiLineString", "coordinates": [ [ [ -48.6599224, -20.9227141 ], [ -48.6599366, -20.9227373 ] ] ] } },
{ "type": "Feature", "properties": { "linha_id": 134, "comp_m": 0.8, "ini_m": 193.96, "fim_m": 194.76, "faixa_id": 2, "classe": "0.50–1.50 m", "_coa_length_m": 0.8, "_coa_class": "0,50–1,50 m" }, "geometry": { "type": "MultiLineString", "coordinates": [ [ [ -48.6601933, -20.923156 ], [ -48.6601966, -20.9231625 ] ] ] } },
{ "type": "Feature", "properties": { "linha_id": 134, "comp_m": 0.8, "ini_m": 197.16, "fim_m": 197.96, "faixa_id": 2, "classe": "0.50–1.50 m", "_coa_length_m": 0.8, "_coa_class": "0,50–1,50 m" }, "geometry": { "type": "MultiLineString", "coordinates": [ [ [ -48.6602064, -20.9231821 ], [ -48.6602097, -20.9231886 ] ] ] } },
{ "type": "Feature", "properties": { "linha_id": 134, "comp_m": 0.56, "ini_m": 246.6, "fim_m": 247.16, "faixa_id": 2, "classe": "0.50–1.50 m", "_coa_length_m": 0.56, "_coa_class": "0,50–1,50 m" }, "geometry": { "type": "MultiLineString", "coordinates": [ [ [ -48.6602802, -20.9236176 ], [ -48.6602799, -20.9236227 ] ] ] } },
{ "type": "Feature", "properties": { "linha_id": 134, "comp_m": 0.64, "ini_m": 251.08, "fim_m": 251.72, "faixa_id": 2, "classe": "0.50–1.50 m", "_coa_length_m": 0.64, "_coa_class": "0,50–1,50 m" }, "geometry": { "type": "MultiLineString", "coordinates": [ [ [ -48.6602781, -20.923658 ], [ -48.6602778, -20.9236638 ] ] ] } },
{ "type": "Feature", "properties": { "linha_id": 134, "comp_m": 0.88, "ini_m": 263.24, "fim_m": 264.12, "faixa_id": 2, "classe": "0.50–1.50 m", "_coa_length_m": 0.88, "_coa_class": "0,50–1,50 m" }, "geometry": { "type": "MultiLineString", "coordinates": [ [ [ -48.6602724, -20.9237677 ], [ -48.660272, -20.9237756 ] ] ] } },
{ "type": "Feature", "properties": { "linha_id": 134, "comp_m": 0.56, "ini_m": 366.36, "fim_m": 366.92, "faixa_id": 2, "classe": "0.50–1.50 m", "_coa_length_m": 0.56, "_coa_class": "0,50–1,50 m" }, "geometry": { "type": "MultiLineString", "coordinates": [ [ [ -48.6606571, -20.9245052 ], [ -48.6606624, -20.9245063 ] ] ] } },
{ "type": "Feature", "properties": { "linha_id": 134, "comp_m": 1.2, "ini_m": 642.12, "fim_m": 643.32, "faixa_id": 2, "classe": "0.50–1.50 m", "_coa_length_m": 1.2, "_coa_class": "0,50–1,50 m" }, "geometry": { "type": "MultiLineString", "coordinates": [ [ [ -48.6620708, -20.9263145 ], [ -48.6620823, -20.9263151 ] ] ] } },
{ "type": "Feature", "properties": { "linha_id": 135, "comp_m": 1.52, "ini_m": 17.0, "fim_m": 18.52, "faixa_id": 3, "classe": "1.50–3.00 m", "_coa_length_m": 1.519, "_coa_class": "1,50–3,00 m" }, "geometry": { "type": "MultiLineString", "coordinates": [ [ [ -48.6592244, -20.921858 ], [ -48.6592338, -20.9218684 ] ] ] } },
{ "type": "Feature", "properties": { "linha_id": 135, "comp_m": 0.96, "ini_m": 77.4, "fim_m": 78.36, "faixa_id": 2, "classe": "0.50–1.50 m", "_coa_length_m": 0.96, "_coa_class": "0,50–1,50 m" }, "geometry": { "type": "MultiLineString", "coordinates": [ [ [ -48.6595957, -20.9222769 ], [ -48.6595997, -20.9222818 ], [ -48.6596013, -20.9222838 ] ] ] } },
{ "type": "Feature", "properties": { "linha_id": 135, "comp_m": 0.8, "ini_m": 95.0, "fim_m": 95.8, "faixa_id": 2, "classe": "0.50–1.50 m", "_coa_length_m": 0.8, "_coa_class": "0,50–1,50 m" }, "geometry": { "type": "MultiLineString", "coordinates": [ [ [ -48.6596956, -20.9224051 ], [ -48.6597001, -20.9224109 ] ] ] } },
{ "type": "Feature", "properties": { "linha_id": 135, "comp_m": 1.6, "ini_m": 107.56, "fim_m": 109.16, "faixa_id": 3, "classe": "1.50–3.00 m", "_coa_length_m": 1.599, "_coa_class": "1,50–3,00 m" }, "geometry": { "type": "MultiLineString", "coordinates": [ [ [ -48.659766, -20.9224972 ], [ -48.6597744, -20.9225093 ] ] ] } },
{ "type": "Feature", "properties": { "linha_id": 135, "comp_m": 1.44, "ini_m": 111.08, "fim_m": 112.52, "faixa_id": 2, "classe": "0.50–1.50 m", "_coa_length_m": 1.44, "_coa_class": "0,50–1,50 m" }, "geometry": { "type": "MultiLineString", "coordinates": [ [ [ -48.6597845, -20.9225238 ], [ -48.659792, -20.9225347 ] ] ] } },
{ "type": "Feature", "properties": { "linha_id": 135, "comp_m": 1.28, "ini_m": 121.64, "fim_m": 122.92, "faixa_id": 2, "classe": "0.50–1.50 m", "_coa_length_m": 1.28, "_coa_class": "0,50–1,50 m" }, "geometry": { "type": "MultiLineString", "coordinates": [ [ [ -48.6598378, -20.9226049 ], [ -48.6598442, -20.9226148 ] ] ] } },
{ "type": "Feature", "properties": { "linha_id": 135, "comp_m": 0.72, "ini_m": 137.32, "fim_m": 138.04, "faixa_id": 2, "classe": "0.50–1.50 m", "_coa_length_m": 0.72, "_coa_class": "0,50–1,50 m" }, "geometry": { "type": "MultiLineString", "coordinates": [ [ [ -48.6599132, -20.9227275 ], [ -48.6599166, -20.9227332 ] ] ] } },
{ "type": "Feature", "properties": { "linha_id": 135, "comp_m": 1.28, "ini_m": 146.12, "fim_m": 147.4, "faixa_id": 2, "classe": "0.50–1.50 m", "_coa_length_m": 1.28, "_coa_class": "0,50–1,50 m" }, "geometry": { "type": "MultiLineString", "coordinates": [ [ [ -48.6599551, -20.9227965 ], [ -48.6599612, -20.9228065 ] ] ] } },
{ "type": "Feature", "properties": { "linha_id": 135, "comp_m": 0.56, "ini_m": 174.2, "fim_m": 174.76, "faixa_id": 2, "classe": "0.50–1.50 m", "_coa_length_m": 0.56, "_coa_class": "0,50–1,50 m" }, "geometry": { "type": "MultiLineString", "coordinates": [ [ [ -48.6600926, -20.9230146 ], [ -48.6600954, -20.9230189 ] ] ] } },
{ "type": "Feature", "properties": { "linha_id": 135, "comp_m": 0.88, "ini_m": 193.08, "fim_m": 193.96, "faixa_id": 2, "classe": "0.50–1.50 m", "_coa_length_m": 0.88, "_coa_class": "0,50–1,50 m" }, "geometry": { "type": "MultiLineString", "coordinates": [ [ [ -48.6601797, -20.923164 ], [ -48.6601832, -20.9231712 ] ] ] } },
{ "type": "Feature", "properties": { "linha_id": 135, "comp_m": 0.64, "ini_m": 217.64, "fim_m": 218.28, "faixa_id": 2, "classe": "0.50–1.50 m", "_coa_length_m": 0.64, "_coa_class": "0,50–1,50 m" }, "geometry": { "type": "MultiLineString", "coordinates": [ [ [ -48.660253, -20.9233736 ], [ -48.6602541, -20.9233793 ] ] ] } },
{ "type": "Feature", "properties": { "linha_id": 135, "comp_m": 0.56, "ini_m": 227.16, "fim_m": 227.72, "faixa_id": 2, "classe": "0.50–1.50 m", "_coa_length_m": 0.56, "_coa_class": "0,50–1,50 m" }, "geometry": { "type": "MultiLineString", "coordinates": [ [ [ -48.6602648, -20.9234588 ], [ -48.6602654, -20.9234639 ] ] ] } },
{ "type": "Feature", "properties": { "linha_id": 135, "comp_m": 0.56, "ini_m": 259.8, "fim_m": 260.36, "faixa_id": 2, "classe": "0.50–1.50 m", "_coa_length_m": 0.56, "_coa_class": "0,50–1,50 m" }, "geometry": { "type": "MultiLineString", "coordinates": [ [ [ -48.6602565, -20.9237532 ], [ -48.6602564, -20.9237582 ] ] ] } },
{ "type": "Feature", "properties": { "linha_id": 135, "comp_m": 0.56, "ini_m": 289.64, "fim_m": 290.2, "faixa_id": 2, "classe": "0.50–1.50 m", "_coa_length_m": 0.56, "_coa_class": "0,50–1,50 m" }, "geometry": { "type": "MultiLineString", "coordinates": [ [ [ -48.6602446, -20.9240223 ], [ -48.6602444, -20.9240274 ] ] ] } },
{ "type": "Feature", "properties": { "linha_id": 135, "comp_m": 1.76, "ini_m": 395.56, "fim_m": 397.32, "faixa_id": 3, "classe": "1.50–3.00 m", "_coa_length_m": 1.759, "_coa_class": "1,50–3,00 m" }, "geometry": { "type": "MultiLineString", "coordinates": [ [ [ -48.6609217, -20.9245878 ], [ -48.6609372, -20.9245942 ] ] ] } },
{ "type": "Feature", "properties": { "linha_id": 135, "comp_m": 0.8, "ini_m": 398.28, "fim_m": 399.08, "faixa_id": 2, "classe": "0.50–1.50 m", "_coa_length_m": 0.8, "_coa_class": "0,50–1,50 m" }, "geometry": { "type": "MultiLineString", "coordinates": [ [ [ -48.6609456, -20.9245976 ], [ -48.6609478, -20.9245985 ], [ -48.6609526, -20.9246007 ] ] ] } },
{ "type": "Feature", "properties": { "linha_id": 135, "comp_m": 0.64, "ini_m": 419.4, "fim_m": 420.04, "faixa_id": 2, "classe": "0.50–1.50 m", "_coa_length_m": 0.64, "_coa_class": "0,50–1,50 m" }, "geometry": { "type": "MultiLineString", "coordinates": [ [ [ -48.6611255, -20.9246857 ], [ -48.6611305, -20.924689 ] ] ] } },
{ "type": "Feature", "properties": { "linha_id": 135, "comp_m": 1.04, "ini_m": 450.28, "fim_m": 451.32, "faixa_id": 2, "classe": "0.50–1.50 m", "_coa_length_m": 1.04, "_coa_class": "0,50–1,50 m" }, "geometry": { "type": "MultiLineString", "coordinates": [ [ [ -48.661323, -20.9248909 ], [ -48.6613285, -20.9248988 ] ] ] } },
{ "type": "Feature", "properties": { "linha_id": 135, "comp_m": 0.8, "ini_m": 473.32, "fim_m": 474.12, "faixa_id": 2, "classe": "0.50–1.50 m", "_coa_length_m": 0.8, "_coa_class": "0,50–1,50 m" }, "geometry": { "type": "MultiLineString", "coordinates": [ [ [ -48.661444, -20.9250648 ], [ -48.6614476, -20.9250712 ] ] ] } },
{ "type": "Feature", "properties": { "linha_id": 135, "comp_m": 0.8, "ini_m": 531.88, "fim_m": 532.68, "faixa_id": 2, "classe": "0.50–1.50 m", "_coa_length_m": 0.8, "_coa_class": "0,50–1,50 m" }, "geometry": { "type": "MultiLineString", "coordinates": [ [ [ -48.661604, -20.9255701 ], [ -48.6616057, -20.9255771 ] ] ] } },
{ "type": "Feature", "properties": { "linha_id": 135, "comp_m": 1.36, "ini_m": 550.44, "fim_m": 551.8, "faixa_id": 2, "classe": "0.50–1.50 m", "_coa_length_m": 1.36, "_coa_class": "0,50–1,50 m" }, "geometry": { "type": "MultiLineString", "coordinates": [ [ [ -48.6616365, -20.9257348 ], [ -48.6616391, -20.9257455 ], [ -48.6616393, -20.9257468 ] ] ] } },
{ "type": "Feature", "properties": { "linha_id": 135, "comp_m": 0.72, "ini_m": 640.44, "fim_m": 641.16, "faixa_id": 2, "classe": "0.50–1.50 m", "_coa_length_m": 0.72, "_coa_class": "0,50–1,50 m" }, "geometry": { "type": "MultiLineString", "coordinates": [ [ [ -48.6620484, -20.9263273 ], [ -48.6620553, -20.9263276 ] ] ] } },
{ "type": "Feature", "properties": { "linha_id": 135, "comp_m": 1.36, "ini_m": 643.96, "fim_m": 645.32, "faixa_id": 2, "classe": "0.50–1.50 m", "_coa_length_m": 1.36, "_coa_class": "0,50–1,50 m" }, "geometry": { "type": "MultiLineString", "coordinates": [ [ [ -48.6620822, -20.9263288 ], [ -48.6620952, -20.9263294 ] ] ] } },
{ "type": "Feature", "properties": { "linha_id": 137, "comp_m": 0.96, "ini_m": 24.2, "fim_m": 25.16, "faixa_id": 2, "classe": "0.50–1.50 m", "_coa_length_m": 0.96, "_coa_class": "0,50–1,50 m" }, "geometry": { "type": "MultiLineString", "coordinates": [ [ [ -48.6592373, -20.921931 ], [ -48.6592431, -20.9219378 ] ] ] } },
{ "type": "Feature", "properties": { "linha_id": 137, "comp_m": 0.96, "ini_m": 143.48, "fim_m": 144.44, "faixa_id": 2, "classe": "0.50–1.50 m", "_coa_length_m": 0.96, "_coa_class": "0,50–1,50 m" }, "geometry": { "type": "MultiLineString", "coordinates": [ [ [ -48.6599147, -20.9227967 ], [ -48.6599192, -20.9228042 ] ] ] } },
{ "type": "Feature", "properties": { "linha_id": 137, "comp_m": 1.2, "ini_m": 183.24, "fim_m": 184.44, "faixa_id": 2, "classe": "0.50–1.50 m", "_coa_length_m": 1.2, "_coa_class": "0,50–1,50 m" }, "geometry": { "type": "MultiLineString", "coordinates": [ [ [ -48.6601055, -20.9231077 ], [ -48.6601113, -20.9231171 ] ] ] } },
{ "type": "Feature", "properties": { "linha_id": 137, "comp_m": 1.2, "ini_m": 200.92, "fim_m": 202.12, "faixa_id": 2, "classe": "0.50–1.50 m", "_coa_length_m": 1.2, "_coa_class": "0,50–1,50 m" }, "geometry": { "type": "MultiLineString", "coordinates": [ [ [ -48.660181, -20.9232504 ], [ -48.6601851, -20.9232605 ] ] ] } },
{ "type": "Feature", "properties": { "linha_id": 137, "comp_m": 0.64, "ini_m": 422.84, "fim_m": 423.48, "faixa_id": 2, "classe": "0.50–1.50 m", "_coa_length_m": 0.64, "_coa_class": "0,50–1,50 m" }, "geometry": { "type": "MultiLineString", "coordinates": [ [ [ -48.6611187, -20.9247206 ], [ -48.6611238, -20.9247238 ] ] ] } },
{ "type": "Feature", "properties": { "linha_id": 137, "comp_m": 2.16, "ini_m": 674.76, "fim_m": 676.92, "faixa_id": 3, "classe": "1.50–3.00 m", "_coa_length_m": 2.159, "_coa_class": "1,50–3,00 m" }, "geometry": { "type": "MultiLineString", "coordinates": [ [ [ -48.6623299, -20.9263865 ], [ -48.6623443, -20.9263894 ], [ -48.66235, -20.9263912 ] ] ] } },
{ "type": "Feature", "properties": { "linha_id": 138, "comp_m": 1.4, "ini_m": 0.0, "fim_m": 1.4, "faixa_id": 2, "classe": "0.50–1.50 m", "_coa_length_m": 1.4, "_coa_class": "0,50–1,50 m" }, "geometry": { "type": "MultiLineString", "coordinates": [ [ [ -48.659072, -20.921763 ], [ -48.6590805, -20.9217727 ] ] ] } },
{ "type": "Feature", "properties": { "linha_id": 138, "comp_m": 1.04, "ini_m": 11.24, "fim_m": 12.28, "faixa_id": 2, "classe": "0.50–1.50 m", "_coa_length_m": 1.04, "_coa_class": "0,50–1,50 m" }, "geometry": { "type": "MultiLineString", "coordinates": [ [ [ -48.6591403, -20.9218416 ], [ -48.6591466, -20.9218488 ] ] ] } },
{ "type": "Feature", "properties": { "linha_id": 138, "comp_m": 2.4, "ini_m": 62.36, "fim_m": 64.76, "faixa_id": 3, "classe": "1.50–3.00 m", "_coa_length_m": 2.399, "_coa_class": "1,50–3,00 m" }, "geometry": { "type": "MultiLineString", "coordinates": [ [ [ -48.6594536, -20.922197 ], [ -48.6594604, -20.9222052 ], [ -48.6594591, -20.9222052 ], [ -48.6594665, -20.9222102 ], [ -48.6594676, -20.9222114 ] ] ] } },
{ "type": "Feature", "properties": { "linha_id": 138, "comp_m": 0.64, "ini_m": 156.76, "fim_m": 157.4, "faixa_id": 2, "classe": "0.50–1.50 m", "_coa_length_m": 0.64, "_coa_class": "0,50–1,50 m" }, "geometry": { "type": "MultiLineString", "coordinates": [ [ [ -48.6599603, -20.9228991 ], [ -48.6599633, -20.9229041 ] ] ] } },
{ "type": "Feature", "properties": { "linha_id": 138, "comp_m": 0.72, "ini_m": 390.84, "fim_m": 391.56, "faixa_id": 2, "classe": "0.50–1.50 m", "_coa_length_m": 0.72, "_coa_class": "0,50–1,50 m" }, "geometry": { "type": "MultiLineString", "coordinates": [ [ [ -48.6608156, -20.9246062 ], [ -48.6608223, -20.9246079 ] ] ] } },
{ "type": "Feature", "properties": { "linha_id": 138, "comp_m": 0.56, "ini_m": 392.28, "fim_m": 392.84, "faixa_id": 2, "classe": "0.50–1.50 m", "_coa_length_m": 0.56, "_coa_class": "0,50–1,50 m" }, "geometry": { "type": "MultiLineString", "coordinates": [ [ [ -48.6608289, -20.9246098 ], [ -48.660834, -20.9246115 ] ] ] } },
{ "type": "Feature", "properties": { "linha_id": 138, "comp_m": 1.12, "ini_m": 418.76, "fim_m": 419.88, "faixa_id": 2, "classe": "0.50–1.50 m", "_coa_length_m": 1.12, "_coa_class": "0,50–1,50 m" }, "geometry": { "type": "MultiLineString", "coordinates": [ [ [ -48.661062, -20.9247054 ], [ -48.6610639, -20.9247063 ], [ -48.6610713, -20.9247105 ] ] ] } },
{ "type": "Feature", "properties": { "linha_id": 138, "comp_m": 0.72, "ini_m": 420.68, "fim_m": 421.4, "faixa_id": 2, "classe": "0.50–1.50 m", "_coa_length_m": 0.72, "_coa_class": "0,50–1,50 m" }, "geometry": { "type": "MultiLineString", "coordinates": [ [ [ -48.6610778, -20.9247142 ], [ -48.6610837, -20.9247176 ] ] ] } },
{ "type": "Feature", "properties": { "linha_id": 138, "comp_m": 1.04, "ini_m": 436.28, "fim_m": 437.32, "faixa_id": 2, "classe": "0.50–1.50 m", "_coa_length_m": 1.04, "_coa_class": "0,50–1,50 m" }, "geometry": { "type": "MultiLineString", "coordinates": [ [ [ -48.6611915, -20.9248049 ], [ -48.661198, -20.924812 ] ] ] } },
{ "type": "Feature", "properties": { "linha_id": 138, "comp_m": 1.12, "ini_m": 493.64, "fim_m": 494.76, "faixa_id": 2, "classe": "0.50–1.50 m", "_coa_length_m": 1.12, "_coa_class": "0,50–1,50 m" }, "geometry": { "type": "MultiLineString", "coordinates": [ [ [ -48.6614628, -20.9252505 ], [ -48.6614654, -20.9252603 ] ] ] } },
{ "type": "Feature", "properties": { "linha_id": 138, "comp_m": 0.8, "ini_m": 574.84, "fim_m": 575.64, "faixa_id": 2, "classe": "0.50–1.50 m", "_coa_length_m": 0.8, "_coa_class": "0,50–1,50 m" }, "geometry": { "type": "MultiLineString", "coordinates": [ [ [ -48.6616305, -20.9259662 ], [ -48.6616318, -20.9259733 ] ] ] } },
{ "type": "Feature", "properties": { "linha_id": 138, "comp_m": 0.72, "ini_m": 578.68, "fim_m": 579.4, "faixa_id": 2, "classe": "0.50–1.50 m", "_coa_length_m": 0.72, "_coa_class": "0,50–1,50 m" }, "geometry": { "type": "MultiLineString", "coordinates": [ [ [ -48.6616369, -20.9260004 ], [ -48.6616381, -20.9260068 ] ] ] } },
{ "type": "Feature", "properties": { "linha_id": 139, "comp_m": 0.76, "ini_m": 0.0, "fim_m": 0.76, "faixa_id": 2, "classe": "0.50–1.50 m", "_coa_length_m": 0.76, "_coa_class": "0,50–1,50 m" }, "geometry": { "type": "MultiLineString", "coordinates": [ [ [ -48.6590629, -20.9217739 ], [ -48.6590675, -20.9217792 ] ] ] } },
{ "type": "Feature", "properties": { "linha_id": 139, "comp_m": 0.72, "ini_m": 7.96, "fim_m": 8.68, "faixa_id": 2, "classe": "0.50–1.50 m", "_coa_length_m": 0.72, "_coa_class": "0,50–1,50 m" }, "geometry": { "type": "MultiLineString", "coordinates": [ [ [ -48.6591118, -20.9218291 ], [ -48.6591163, -20.9218341 ] ] ] } },
{ "type": "Feature", "properties": { "linha_id": 139, "comp_m": 2.08, "ini_m": 13.96, "fim_m": 16.04, "faixa_id": 3, "classe": "1.50–3.00 m", "_coa_length_m": 2.079, "_coa_class": "1,50–3,00 m" }, "geometry": { "type": "MultiLineString", "coordinates": [ [ [ -48.6591487, -20.9218707 ], [ -48.6591552, -20.921878 ], [ -48.6591614, -20.9218853 ] ] ] } },
{ "type": "Feature", "properties": { "linha_id": 139, "comp_m": 2.56, "ini_m": 53.08, "fim_m": 55.64, "faixa_id": 3, "classe": "1.50–3.00 m", "_coa_length_m": 2.559, "_coa_class": "1,50–3,00 m" }, "geometry": { "type": "MultiLineString", "coordinates": [ [ [ -48.6593895, -20.922142 ], [ -48.6594055, -20.9221595 ] ] ] } },
{ "type": "Feature", "properties": { "linha_id": 139, "comp_m": 1.2, "ini_m": 61.8, "fim_m": 63.0, "faixa_id": 2, "classe": "0.50–1.50 m", "_coa_length_m": 1.2, "_coa_class": "0,50–1,50 m" }, "geometry": { "type": "MultiLineString", "coordinates": [ [ [ -48.6594441, -20.9222017 ], [ -48.6594516, -20.9222099 ] ] ] } },
{ "type": "Feature", "properties": { "linha_id": 139, "comp_m": 1.28, "ini_m": 65.8, "fim_m": 67.08, "faixa_id": 2, "classe": "0.50–1.50 m", "_coa_length_m": 1.28, "_coa_class": "0,50–1,50 m" }, "geometry": { "type": "MultiLineString", "coordinates": [ [ [ -48.6594667, -20.922227 ], [ -48.6594746, -20.9222358 ] ] ] } },
{ "type": "Feature", "properties": { "linha_id": 139, "comp_m": 0.64, "ini_m": 69.96, "fim_m": 70.6, "faixa_id": 2, "classe": "0.50–1.50 m", "_coa_length_m": 0.64, "_coa_class": "0,50–1,50 m" }, "geometry": { "type": "MultiLineString", "coordinates": [ [ [ -48.6594922, -20.9222559 ], [ -48.659496, -20.9222604 ] ] ] } },
{ "type": "Feature", "properties": { "linha_id": 139, "comp_m": 1.76, "ini_m": 76.92, "fim_m": 78.68, "faixa_id": 3, "classe": "1.50–3.00 m", "_coa_length_m": 1.759, "_coa_class": "1,50–3,00 m" }, "geometry": { "type": "MultiLineString", "coordinates": [ [ [ -48.6595332, -20.9223055 ], [ -48.6595435, -20.9223181 ] ] ] } },
{ "type": "Feature", "properties": { "linha_id": 139, "comp_m": 4.32, "ini_m": 78.92, "fim_m": 83.24, "faixa_id": 4, "classe": "3.00–5.00 m", "_coa_length_m": 4.319, "_coa_class": "3,00–5,00 m" }, "geometry": { "type": "MultiLineString", "coordinates": [ [ [ -48.6595449, -20.9223198 ], [ -48.6595696, -20.9223512 ] ] ] } },
{ "type": "Feature", "properties": { "linha_id": 139, "comp_m": 1.44, "ini_m": 112.04, "fim_m": 113.48, "faixa_id": 2, "classe": "0.50–1.50 m", "_coa_length_m": 1.44, "_coa_class": "0,50–1,50 m" }, "geometry": { "type": "MultiLineString", "coordinates": [ [ [ -48.6597324, -20.9225615 ], [ -48.6597401, -20.9225723 ] ] ] } },
{ "type": "Feature", "properties": { "linha_id": 139, "comp_m": 0.56, "ini_m": 115.24, "fim_m": 115.8, "faixa_id": 2, "classe": "0.50–1.50 m", "_coa_length_m": 0.56, "_coa_class": "0,50–1,50 m" }, "geometry": { "type": "MultiLineString", "coordinates": [ [ [ -48.6597495, -20.9225855 ], [ -48.6597525, -20.9225897 ] ] ] } },
{ "type": "Feature", "properties": { "linha_id": 139, "comp_m": 1.36, "ini_m": 127.96, "fim_m": 129.32, "faixa_id": 2, "classe": "0.50–1.50 m", "_coa_length_m": 1.36, "_coa_class": "0,50–1,50 m" }, "geometry": { "type": "MultiLineString", "coordinates": [ [ [ -48.6598121, -20.9226841 ], [ -48.6598186, -20.9226947 ] ] ] } },
{ "type": "Feature", "properties": { "linha_id": 139, "comp_m": 0.56, "ini_m": 142.28, "fim_m": 142.84, "faixa_id": 2, "classe": "0.50–1.50 m", "_coa_length_m": 0.56, "_coa_class": "0,50–1,50 m" }, "geometry": { "type": "MultiLineString", "coordinates": [ [ [ -48.6598806, -20.9227962 ], [ -48.6598833, -20.9228006 ] ] ] } },
{ "type": "Feature", "properties": { "linha_id": 139, "comp_m": 1.36, "ini_m": 144.12, "fim_m": 145.48, "faixa_id": 2, "classe": "0.50–1.50 m", "_coa_length_m": 1.36, "_coa_class": "0,50–1,50 m" }, "geometry": { "type": "MultiLineString", "coordinates": [ [ [ -48.6598895, -20.9228106 ], [ -48.659896, -20.9228212 ] ] ] } },
{ "type": "Feature", "properties": { "linha_id": 139, "comp_m": 0.56, "ini_m": 157.16, "fim_m": 157.72, "faixa_id": 2, "classe": "0.50–1.50 m", "_coa_length_m": 0.56, "_coa_class": "0,50–1,50 m" }, "geometry": { "type": "MultiLineString", "coordinates": [ [ [ -48.6599519, -20.9229127 ], [ -48.6599546, -20.9229171 ] ] ] } },
{ "type": "Feature", "properties": { "linha_id": 139, "comp_m": 1.2, "ini_m": 160.04, "fim_m": 161.24, "faixa_id": 2, "classe": "0.50–1.50 m", "_coa_length_m": 1.2, "_coa_class": "0,50–1,50 m" }, "geometry": { "type": "MultiLineString", "coordinates": [ [ [ -48.6599657, -20.9229352 ], [ -48.6599714, -20.9229446 ] ] ] } },
{ "type": "Feature", "properties": { "linha_id": 139, "comp_m": 0.64, "ini_m": 186.28, "fim_m": 186.92, "faixa_id": 2, "classe": "0.50–1.50 m", "_coa_length_m": 0.64, "_coa_class": "0,50–1,50 m" }, "geometry": { "type": "MultiLineString", "coordinates": [ [ [ -48.6600913, -20.9231407 ], [ -48.6600943, -20.9231457 ] ] ] } },
{ "type": "Feature", "properties": { "linha_id": 139, "comp_m": 2.72, "ini_m": 202.28, "fim_m": 205.0, "faixa_id": 3, "classe": "1.50–3.00 m", "_coa_length_m": 2.719, "_coa_class": "1,50–3,00 m" }, "geometry": { "type": "MultiLineString", "coordinates": [ [ [ -48.6601577, -20.9232707 ], [ -48.6601657, -20.923294 ] ] ] } },
{ "type": "Feature", "properties": { "linha_id": 139, "comp_m": 0.8, "ini_m": 212.44, "fim_m": 213.24, "faixa_id": 2, "classe": "0.50–1.50 m", "_coa_length_m": 0.8, "_coa_class": "0,50–1,50 m" }, "geometry": { "type": "MultiLineString", "coordinates": [ [ [ -48.6601842, -20.9233589 ], [ -48.6601856, -20.923366 ] ] ] } },
{ "type": "Feature", "properties": { "linha_id": 139, "comp_m": 0.88, "ini_m": 217.64, "fim_m": 218.52, "faixa_id": 2, "classe": "0.50–1.50 m", "_coa_length_m": 0.88, "_coa_class": "0,50–1,50 m" }, "geometry": { "type": "MultiLineString", "coordinates": [ [ [ -48.6601907, -20.9234054 ], [ -48.6601914, -20.9234133 ] ] ] } },
{ "type": "Feature", "properties": { "linha_id": 139, "comp_m": 0.64, "ini_m": 254.68, "fim_m": 255.32, "faixa_id": 2, "classe": "0.50–1.50 m", "_coa_length_m": 0.64, "_coa_class": "0,50–1,50 m" }, "geometry": { "type": "MultiLineString", "coordinates": [ [ [ -48.6601903, -20.9237393 ], [ -48.6601899, -20.923745 ] ] ] } },
{ "type": "Feature", "properties": { "linha_id": 139, "comp_m": 0.88, "ini_m": 274.84, "fim_m": 275.72, "faixa_id": 2, "classe": "0.50–1.50 m", "_coa_length_m": 0.88, "_coa_class": "0,50–1,50 m" }, "geometry": { "type": "MultiLineString", "coordinates": [ [ [ -48.6601804, -20.923921 ], [ -48.6601801, -20.923929 ] ] ] } },
{ "type": "Feature", "properties": { "linha_id": 139, "comp_m": 2.4, "ini_m": 279.4, "fim_m": 281.8, "faixa_id": 3, "classe": "1.50–3.00 m", "_coa_length_m": 2.399, "_coa_class": "1,50–3,00 m" }, "geometry": { "type": "MultiLineString", "coordinates": [ [ [ -48.6601789, -20.9239622 ], [ -48.6601786, -20.9239679 ], [ -48.6601783, -20.9239838 ] ] ] } },
{ "type": "Feature", "properties": { "linha_id": 139, "comp_m": 0.96, "ini_m": 300.76, "fim_m": 301.72, "faixa_id": 2, "classe": "0.50–1.50 m", "_coa_length_m": 0.96, "_coa_class": "0,50–1,50 m" }, "geometry": { "type": "MultiLineString", "coordinates": [ [ [ -48.6601781, -20.9241549 ], [ -48.6601787, -20.9241636 ] ] ] } },
{ "type": "Feature", "properties": { "linha_id": 139, "comp_m": 0.56, "ini_m": 315.48, "fim_m": 316.04, "faixa_id": 2, "classe": "0.50–1.50 m", "_coa_length_m": 0.56, "_coa_class": "0,50–1,50 m" }, "geometry": { "type": "MultiLineString", "coordinates": [ [ [ -48.6602058, -20.9242845 ], [ -48.6602077, -20.9242893 ] ] ] } },
{ "type": "Feature", "properties": { "linha_id": 139, "comp_m": 0.88, "ini_m": 345.16, "fim_m": 346.04, "faixa_id": 2, "classe": "0.50–1.50 m", "_coa_length_m": 0.88, "_coa_class": "0,50–1,50 m" }, "geometry": { "type": "MultiLineString", "coordinates": [ [ [ -48.660394, -20.9244813 ], [ -48.6604011, -20.9244856 ] ] ] } },
{ "type": "Feature", "properties": { "linha_id": 139, "comp_m": 3.76, "ini_m": 365.88, "fim_m": 369.64, "faixa_id": 4, "classe": "3.00–5.00 m", "_coa_length_m": 3.759, "_coa_class": "3,00–5,00 m" }, "geometry": { "type": "MultiLineString", "coordinates": [ [ [ -48.6605712, -20.9245652 ], [ -48.6605769, -20.9245667 ], [ -48.6605783, -20.924567 ], [ -48.660606, -20.9245742 ] ] ] } },
{ "type": "Feature", "properties": { "linha_id": 139, "comp_m": 0.8, "ini_m": 386.52, "fim_m": 387.32, "faixa_id": 2, "classe": "0.50–1.50 m", "_coa_length_m": 0.8, "_coa_class": "0,50–1,50 m" }, "geometry": { "type": "MultiLineString", "coordinates": [ [ [ -48.6607644, -20.9246069 ], [ -48.6607718, -20.9246089 ] ] ] } },
{ "type": "Feature", "properties": { "linha_id": 139, "comp_m": 2.72, "ini_m": 395.96, "fim_m": 398.68, "faixa_id": 3, "classe": "1.50–3.00 m", "_coa_length_m": 2.719, "_coa_class": "1,50–3,00 m" }, "geometry": { "type": "MultiLineString", "coordinates": [ [ [ -48.6608513, -20.9246313 ], [ -48.6608757, -20.92464 ] ] ] } },
{ "type": "Feature", "properties": { "linha_id": 139, "comp_m": 3.04, "ini_m": 400.36, "fim_m": 403.4, "faixa_id": 4, "classe": "3.00–5.00 m", "_coa_length_m": 3.039, "_coa_class": "3,00–5,00 m" }, "geometry": { "type": "MultiLineString", "coordinates": [ [ [ -48.6608908, -20.9246454 ], [ -48.6608922, -20.9246459 ], [ -48.6609176, -20.9246562 ] ] ] } },
{ "type": "Feature", "properties": { "linha_id": 139, "comp_m": 1.2, "ini_m": 406.2, "fim_m": 407.4, "faixa_id": 2, "classe": "0.50–1.50 m", "_coa_length_m": 1.2, "_coa_class": "0,50–1,50 m" }, "geometry": { "type": "MultiLineString", "coordinates": [ [ [ -48.6609423, -20.9246663 ], [ -48.6609527, -20.9246709 ] ] ] } },
{ "type": "Feature", "properties": { "linha_id": 139, "comp_m": 7.44, "ini_m": 414.84, "fim_m": 422.28, "faixa_id": 5, "classe": "≥ 5.00 m", "_coa_length_m": 7.438, "_coa_class": ">= 5,00 m" }, "geometry": { "type": "MultiLineString", "coordinates": [ [ [ -48.6610174, -20.9246997 ], [ -48.6610222, -20.9247018 ], [ -48.6610621, -20.9247206 ], [ -48.6610803, -20.9247314 ] ] ] } },
{ "type": "Feature", "properties": { "linha_id": 139, "comp_m": 1.84, "ini_m": 425.88, "fim_m": 427.72, "faixa_id": 3, "classe": "1.50–3.00 m", "_coa_length_m": 1.839, "_coa_class": "1,50–3,00 m" }, "geometry": { "type": "MultiLineString", "coordinates": [ [ [ -48.6611089, -20.9247496 ], [ -48.6611227, -20.92476 ] ] ] } },
{ "type": "Feature", "properties": { "linha_id": 139, "comp_m": 0.72, "ini_m": 431.16, "fim_m": 431.88, "faixa_id": 2, "classe": "0.50–1.50 m", "_coa_length_m": 0.72, "_coa_class": "0,50–1,50 m" }, "geometry": { "type": "MultiLineString", "coordinates": [ [ [ -48.6611478, -20.9247802 ], [ -48.6611529, -20.9247845 ] ] ] } },
{ "type": "Feature", "properties": { "linha_id": 139, "comp_m": 1.76, "ini_m": 437.0, "fim_m": 438.76, "faixa_id": 3, "classe": "1.50–3.00 m", "_coa_length_m": 1.759, "_coa_class": "1,50–3,00 m" }, "geometry": { "type": "MultiLineString", "coordinates": [ [ [ -48.6611862, -20.9248186 ], [ -48.6611975, -20.9248304 ] ] ] } },
{ "type": "Feature", "properties": { "linha_id": 139, "comp_m": 1.28, "ini_m": 441.08, "fim_m": 442.36, "faixa_id": 2, "classe": "0.50–1.50 m", "_coa_length_m": 1.28, "_coa_class": "0,50–1,50 m" }, "geometry": { "type": "MultiLineString", "coordinates": [ [ [ -48.6612118, -20.9248465 ], [ -48.6612189, -20.9248559 ] ] ] } },
{ "type": "Feature", "properties": { "linha_id": 139, "comp_m": 1.92, "ini_m": 455.96, "fim_m": 457.88, "faixa_id": 3, "classe": "1.50–3.00 m", "_coa_length_m": 1.919, "_coa_class": "1,50–3,00 m" }, "geometry": { "type": "MultiLineString", "coordinates": [ [ [ -48.6612916, -20.9249579 ], [ -48.6613017, -20.9249724 ] ] ] } },
{ "type": "Feature", "properties": { "linha_id": 139, "comp_m": 1.04, "ini_m": 470.76, "fim_m": 471.8, "faixa_id": 2, "classe": "0.50–1.50 m", "_coa_length_m": 1.04, "_coa_class": "0,50–1,50 m" }, "geometry": { "type": "MultiLineString", "coordinates": [ [ [ -48.6613696, -20.9250696 ], [ -48.6613751, -20.9250775 ] ] ] } },
{ "type": "Feature", "properties": { "linha_id": 139, "comp_m": 1.6, "ini_m": 475.0, "fim_m": 476.6, "faixa_id": 3, "classe": "1.50–3.00 m", "_coa_length_m": 1.599, "_coa_class": "1,50–3,00 m" }, "geometry": { "type": "MultiLineString", "coordinates": [ [ [ -48.6613905, -20.9251025 ], [ -48.6613979, -20.9251152 ] ] ] } },
{ "type": "Feature", "properties": { "linha_id": 139, "comp_m": 2.64, "ini_m": 490.28, "fim_m": 492.92, "faixa_id": 3, "classe": "1.50–3.00 m", "_coa_length_m": 2.639, "_coa_class": "1,50–3,00 m" }, "geometry": { "type": "MultiLineString", "coordinates": [ [ [ -48.6614434, -20.9252307 ], [ -48.6614438, -20.9252319 ], [ -48.6614495, -20.9252538 ] ] ] } },
{ "type": "Feature", "properties": { "linha_id": 139, "comp_m": 0.8, "ini_m": 502.6, "fim_m": 503.4, "faixa_id": 2, "classe": "0.50–1.50 m", "_coa_length_m": 0.8, "_coa_class": "0,50–1,50 m" }, "geometry": { "type": "MultiLineString", "coordinates": [ [ [ -48.6614718, -20.9253387 ], [ -48.6614738, -20.9253456 ] ] ] } },
{ "type": "Feature", "properties": { "linha_id": 139, "comp_m": 1.44, "ini_m": 520.04, "fim_m": 521.48, "faixa_id": 2, "classe": "0.50–1.50 m", "_coa_length_m": 1.44, "_coa_class": "0,50–1,50 m" }, "geometry": { "type": "MultiLineString", "coordinates": [ [ [ -48.6615142, -20.925491 ], [ -48.6615172, -20.9255037 ] ] ] } },
{ "type": "Feature", "properties": { "linha_id": 139, "comp_m": 1.04, "ini_m": 526.36, "fim_m": 527.4, "faixa_id": 2, "classe": "0.50–1.50 m", "_coa_length_m": 1.04, "_coa_class": "0,50–1,50 m" }, "geometry": { "type": "MultiLineString", "coordinates": [ [ [ -48.6615274, -20.9255467 ], [ -48.6615292, -20.9255559 ] ] ] } },
{ "type": "Feature", "properties": { "linha_id": 139, "comp_m": 1.28, "ini_m": 532.92, "fim_m": 534.2, "faixa_id": 2, "classe": "0.50–1.50 m", "_coa_length_m": 1.28, "_coa_class": "0,50–1,50 m" }, "geometry": { "type": "MultiLineString", "coordinates": [ [ [ -48.661539, -20.9256049 ], [ -48.6615413, -20.9256163 ] ] ] } },
{ "type": "Feature", "properties": { "linha_id": 139, "comp_m": 3.68, "ini_m": 536.68, "fim_m": 540.36, "faixa_id": 4, "classe": "3.00–5.00 m", "_coa_length_m": 3.679, "_coa_class": "3,00–5,00 m" }, "geometry": { "type": "MultiLineString", "coordinates": [ [ [ -48.6615457, -20.9256383 ], [ -48.6615522, -20.925671 ] ] ] } },
{ "type": "Feature", "properties": { "linha_id": 139, "comp_m": 4.32, "ini_m": 542.04, "fim_m": 546.36, "faixa_id": 4, "classe": "3.00–5.00 m", "_coa_length_m": 4.319, "_coa_class": "3,00–5,00 m" }, "geometry": { "type": "MultiLineString", "coordinates": [ [ [ -48.6615552, -20.9256859 ], [ -48.6615628, -20.9257242 ] ] ] } },
{ "type": "Feature", "properties": { "linha_id": 139, "comp_m": 0.64, "ini_m": 566.52, "fim_m": 567.16, "faixa_id": 2, "classe": "0.50–1.50 m", "_coa_length_m": 0.64, "_coa_class": "0,50–1,50 m" }, "geometry": { "type": "MultiLineString", "coordinates": [ [ [ -48.661603, -20.9259023 ], [ -48.6616043, -20.9259079 ] ] ] } },
{ "type": "Feature", "properties": { "linha_id": 139, "comp_m": 0.88, "ini_m": 568.36, "fim_m": 569.24, "faixa_id": 2, "classe": "0.50–1.50 m", "_coa_length_m": 0.88, "_coa_class": "0,50–1,50 m" }, "geometry": { "type": "MultiLineString", "coordinates": [ [ [ -48.6616068, -20.9259185 ], [ -48.6616086, -20.9259263 ] ] ] } },
{ "type": "Feature", "properties": { "linha_id": 139, "comp_m": 0.56, "ini_m": 573.0, "fim_m": 573.56, "faixa_id": 2, "classe": "0.50–1.50 m", "_coa_length_m": 0.56, "_coa_class": "0,50–1,50 m" }, "geometry": { "type": "MultiLineString", "coordinates": [ [ [ -48.6616162, -20.9259594 ], [ -48.6616174, -20.9259644 ] ] ] } },
{ "type": "Feature", "properties": { "linha_id": 139, "comp_m": 2.4, "ini_m": 576.6, "fim_m": 579.0, "faixa_id": 3, "classe": "1.50–3.00 m", "_coa_length_m": 2.399, "_coa_class": "1,50–3,00 m" }, "geometry": { "type": "MultiLineString", "coordinates": [ [ [ -48.6616223, -20.9259914 ], [ -48.661625, -20.9260129 ] ] ] } },
{ "type": "Feature", "properties": { "linha_id": 139, "comp_m": 0.72, "ini_m": 581.8, "fim_m": 582.52, "faixa_id": 2, "classe": "0.50–1.50 m", "_coa_length_m": 0.72, "_coa_class": "0,50–1,50 m" }, "geometry": { "type": "MultiLineString", "coordinates": [ [ [ -48.6616281, -20.926038 ], [ -48.6616289, -20.9260445 ] ] ] } },
{ "type": "Feature", "properties": { "linha_id": 139, "comp_m": 1.68, "ini_m": 644.76, "fim_m": 646.44, "faixa_id": 3, "classe": "1.50–3.00 m", "_coa_length_m": 1.679, "_coa_class": "1,50–3,00 m" }, "geometry": { "type": "MultiLineString", "coordinates": [ [ [ -48.6620033, -20.9263982 ], [ -48.6620194, -20.9263977 ] ] ] } },
{ "type": "Feature", "properties": { "linha_id": 139, "comp_m": 1.92, "ini_m": 673.32, "fim_m": 675.24, "faixa_id": 3, "classe": "1.50–3.00 m", "_coa_length_m": 1.919, "_coa_class": "1,50–3,00 m" }, "geometry": { "type": "MultiLineString", "coordinates": [ [ [ -48.6622771, -20.9264065 ], [ -48.662295, -20.9264089 ], [ -48.6622954, -20.926409 ] ] ] } },
{ "type": "Feature", "properties": { "linha_id": 139, "comp_m": 0.8, "ini_m": 675.64, "fim_m": 676.44, "faixa_id": 2, "classe": "0.50–1.50 m", "_coa_length_m": 0.8, "_coa_class": "0,50–1,50 m" }, "geometry": { "type": "MultiLineString", "coordinates": [ [ [ -48.6622991, -20.9264097 ], [ -48.6623067, -20.9264111 ] ] ] } },
{ "type": "Feature", "properties": { "linha_id": 139, "comp_m": 0.72, "ini_m": 685.32, "fim_m": 686.04, "faixa_id": 2, "classe": "0.50–1.50 m", "_coa_length_m": 0.72, "_coa_class": "0,50–1,50 m" }, "geometry": { "type": "MultiLineString", "coordinates": [ [ [ -48.6623889, -20.9264317 ], [ -48.6623954, -20.9264342 ] ] ] } },
{ "type": "Feature", "properties": { "linha_id": 139, "comp_m": 2.08, "ini_m": 687.08, "fim_m": 689.16, "faixa_id": 3, "classe": "1.50–3.00 m", "_coa_length_m": 2.079, "_coa_class": "1,50–3,00 m" }, "geometry": { "type": "MultiLineString", "coordinates": [ [ [ -48.6624046, -20.9264377 ], [ -48.6624232, -20.9264447 ] ] ] } },
{ "type": "Feature", "properties": { "linha_id": 140, "comp_m": 0.92, "ini_m": 0.0, "fim_m": 0.92, "faixa_id": 2, "classe": "0.50–1.50 m", "_coa_length_m": 0.92, "_coa_class": "0,50–1,50 m" }, "geometry": { "type": "MultiLineString", "coordinates": [ [ [ -48.6590532, -20.921784 ], [ -48.6590571, -20.9217914 ] ] ] } },
{ "type": "Feature", "properties": { "linha_id": 140, "comp_m": 2.16, "ini_m": 29.88, "fim_m": 32.04, "faixa_id": 3, "classe": "1.50–3.00 m", "_coa_length_m": 2.159, "_coa_class": "1,50–3,00 m" }, "geometry": { "type": "MultiLineString", "coordinates": [ [ [ -48.659235, -20.9219922 ], [ -48.6592424, -20.9220009 ], [ -48.6592483, -20.9220072 ] ] ] } },
{ "type": "Feature", "properties": { "linha_id": 140, "comp_m": 1.04, "ini_m": 38.44, "fim_m": 39.48, "faixa_id": 2, "classe": "0.50–1.50 m", "_coa_length_m": 1.04, "_coa_class": "0,50–1,50 m" }, "geometry": { "type": "MultiLineString", "coordinates": [ [ [ -48.659289, -20.9220506 ], [ -48.6592956, -20.9220576 ] ] ] } },
{ "type": "Feature", "properties": { "linha_id": 140, "comp_m": 1.68, "ini_m": 44.36, "fim_m": 46.04, "faixa_id": 3, "classe": "1.50–3.00 m", "_coa_length_m": 1.679, "_coa_class": "1,50–3,00 m" }, "geometry": { "type": "MultiLineString", "coordinates": [ [ [ -48.6593266, -20.9220906 ], [ -48.6593373, -20.922102 ] ] ] } },
{ "type": "Feature", "properties": { "linha_id": 140, "comp_m": 0.88, "ini_m": 47.8, "fim_m": 48.68, "faixa_id": 2, "classe": "0.50–1.50 m", "_coa_length_m": 0.88, "_coa_class": "0,50–1,50 m" }, "geometry": { "type": "MultiLineString", "coordinates": [ [ [ -48.6593485, -20.9221139 ], [ -48.6593541, -20.9221199 ] ] ] } },
{ "type": "Feature", "properties": { "linha_id": 140, "comp_m": 1.68, "ini_m": 61.4, "fim_m": 63.08, "faixa_id": 3, "classe": "1.50–3.00 m", "_coa_length_m": 1.679, "_coa_class": "1,50–3,00 m" }, "geometry": { "type": "MultiLineString", "coordinates": [ [ [ -48.6594331, -20.9222075 ], [ -48.6594435, -20.9222191 ] ] ] } },
{ "type": "Feature", "properties": { "linha_id": 140, "comp_m": 0.64, "ini_m": 65.88, "fim_m": 66.52, "faixa_id": 2, "classe": "0.50–1.50 m", "_coa_length_m": 0.64, "_coa_class": "0,50–1,50 m" }, "geometry": { "type": "MultiLineString", "coordinates": [ [ [ -48.6594608, -20.9222385 ], [ -48.6594648, -20.9222429 ] ] ] } },
{ "type": "Feature", "properties": { "linha_id": 140, "comp_m": 0.96, "ini_m": 80.2, "fim_m": 81.16, "faixa_id": 2, "classe": "0.50–1.50 m", "_coa_length_m": 0.96, "_coa_class": "0,50–1,50 m" }, "geometry": { "type": "MultiLineString", "coordinates": [ [ [ -48.6595456, -20.9223403 ], [ -48.6595512, -20.9223472 ] ] ] } },
{ "type": "Feature", "properties": { "linha_id": 140, "comp_m": 0.72, "ini_m": 105.56, "fim_m": 106.28, "faixa_id": 2, "classe": "0.50–1.50 m", "_coa_length_m": 0.72, "_coa_class": "0,50–1,50 m" }, "geometry": { "type": "MultiLineString", "coordinates": [ [ [ -48.6596879, -20.9225261 ], [ -48.659692, -20.9225314 ] ] ] } },
{ "type": "Feature", "properties": { "linha_id": 140, "comp_m": 0.88, "ini_m": 127.24, "fim_m": 128.12, "faixa_id": 2, "classe": "0.50–1.50 m", "_coa_length_m": 0.88, "_coa_class": "0,50–1,50 m" }, "geometry": { "type": "MultiLineString", "coordinates": [ [ [ -48.6598007, -20.9226905 ], [ -48.6598049, -20.9226974 ] ] ] } },
{ "type": "Feature", "properties": { "linha_id": 140, "comp_m": 1.36, "ini_m": 134.68, "fim_m": 136.04, "faixa_id": 2, "classe": "0.50–1.50 m", "_coa_length_m": 1.36, "_coa_class": "0,50–1,50 m" }, "geometry": { "type": "MultiLineString", "coordinates": [ [ [ -48.6598362, -20.9227488 ], [ -48.6598427, -20.9227595 ] ] ] } },
{ "type": "Feature", "properties": { "linha_id": 140, "comp_m": 0.96, "ini_m": 144.04, "fim_m": 145.0, "faixa_id": 2, "classe": "0.50–1.50 m", "_coa_length_m": 0.96, "_coa_class": "0,50–1,50 m" }, "geometry": { "type": "MultiLineString", "coordinates": [ [ [ -48.6598809, -20.9228222 ], [ -48.6598854, -20.9228297 ] ] ] } },
{ "type": "Feature", "properties": { "linha_id": 140, "comp_m": 1.44, "ini_m": 183.32, "fim_m": 184.76, "faixa_id": 2, "classe": "0.50–1.50 m", "_coa_length_m": 1.44, "_coa_class": "0,50–1,50 m" }, "geometry": { "type": "MultiLineString", "coordinates": [ [ [ -48.6600682, -20.9231301 ], [ -48.6600751, -20.9231413 ] ] ] } },
{ "type": "Feature", "properties": { "linha_id": 140, "comp_m": 1.84, "ini_m": 188.76, "fim_m": 190.6, "faixa_id": 3, "classe": "1.50–3.00 m", "_coa_length_m": 1.839, "_coa_class": "1,50–3,00 m" }, "geometry": { "type": "MultiLineString", "coordinates": [ [ [ -48.6600942, -20.9231727 ], [ -48.660103, -20.9231871 ] ] ] } },
{ "type": "Feature", "properties": { "linha_id": 140, "comp_m": 2.8, "ini_m": 202.36, "fim_m": 205.16, "faixa_id": 3, "classe": "1.50–3.00 m", "_coa_length_m": 2.799, "_coa_class": "1,50–3,00 m" }, "geometry": { "type": "MultiLineString", "coordinates": [ [ [ -48.6601485, -20.9232841 ], [ -48.6601562, -20.9233071 ], [ -48.6601565, -20.9233083 ] ] ] } },
{ "type": "Feature", "properties": { "linha_id": 140, "comp_m": 2.88, "ini_m": 220.36, "fim_m": 223.24, "faixa_id": 3, "classe": "1.50–3.00 m", "_coa_length_m": 2.879, "_coa_class": "1,50–3,00 m" }, "geometry": { "type": "MultiLineString", "coordinates": [ [ [ -48.6601804, -20.9234432 ], [ -48.6601825, -20.9234692 ] ] ] } },
{ "type": "Feature", "properties": { "linha_id": 140, "comp_m": 0.56, "ini_m": 226.52, "fim_m": 227.08, "faixa_id": 2, "classe": "0.50–1.50 m", "_coa_length_m": 0.56, "_coa_class": "0,50–1,50 m" }, "geometry": { "type": "MultiLineString", "coordinates": [ [ [ -48.6601845, -20.9234987 ], [ -48.6601846, -20.9235038 ] ] ] } },
{ "type": "Feature", "properties": { "linha_id": 140, "comp_m": 1.2, "ini_m": 227.48, "fim_m": 228.68, "faixa_id": 2, "classe": "0.50–1.50 m", "_coa_length_m": 1.2, "_coa_class": "0,50–1,50 m" }, "geometry": { "type": "MultiLineString", "coordinates": [ [ [ -48.6601847, -20.9235074 ], [ -48.6601849, -20.9235182 ] ] ] } },
{ "type": "Feature", "properties": { "linha_id": 140, "comp_m": 0.8, "ini_m": 237.88, "fim_m": 238.68, "faixa_id": 2, "classe": "0.50–1.50 m", "_coa_length_m": 0.8, "_coa_class": "0,50–1,50 m" }, "geometry": { "type": "MultiLineString", "coordinates": [ [ [ -48.6601841, -20.9236013 ], [ -48.6601839, -20.9236085 ] ] ] } },
{ "type": "Feature", "properties": { "linha_id": 140, "comp_m": 2.0, "ini_m": 248.6, "fim_m": 250.6, "faixa_id": 3, "classe": "1.50–3.00 m", "_coa_length_m": 1.999, "_coa_class": "1,50–3,00 m" }, "geometry": { "type": "MultiLineString", "coordinates": [ [ [ -48.6601789, -20.9236979 ], [ -48.6601777, -20.923716 ] ] ] } },
{ "type": "Feature", "properties": { "linha_id": 140, "comp_m": 0.56, "ini_m": 252.2, "fim_m": 252.76, "faixa_id": 2, "classe": "0.50–1.50 m", "_coa_length_m": 0.56, "_coa_class": "0,50–1,50 m" }, "geometry": { "type": "MultiLineString", "coordinates": [ [ [ -48.6601767, -20.9237304 ], [ -48.6601764, -20.9237354 ] ] ] } },
{ "type": "Feature", "properties": { "linha_id": 140, "comp_m": 0.56, "ini_m": 268.84, "fim_m": 269.4, "faixa_id": 2, "classe": "0.50–1.50 m", "_coa_length_m": 0.56, "_coa_class": "0,50–1,50 m" }, "geometry": { "type": "MultiLineString", "coordinates": [ [ [ -48.6601678, -20.9238804 ], [ -48.6601677, -20.9238854 ] ] ] } },
{ "type": "Feature", "properties": { "linha_id": 140, "comp_m": 0.8, "ini_m": 319.0, "fim_m": 319.8, "faixa_id": 2, "classe": "0.50–1.50 m", "_coa_length_m": 0.8, "_coa_class": "0,50–1,50 m" }, "geometry": { "type": "MultiLineString", "coordinates": [ [ [ -48.6602113, -20.9243255 ], [ -48.6602118, -20.9243264 ], [ -48.6602157, -20.9243314 ] ] ] } },
{ "type": "Feature", "properties": { "linha_id": 140, "comp_m": 0.56, "ini_m": 366.2, "fim_m": 366.76, "faixa_id": 2, "classe": "0.50–1.50 m", "_coa_length_m": 0.56, "_coa_class": "0,50–1,50 m" }, "geometry": { "type": "MultiLineString", "coordinates": [ [ [ -48.6605659, -20.9245784 ], [ -48.6605711, -20.9245798 ] ] ] } },
{ "type": "Feature", "properties": { "linha_id": 140, "comp_m": 1.52, "ini_m": 375.32, "fim_m": 376.84, "faixa_id": 3, "classe": "1.50–3.00 m", "_coa_length_m": 1.519, "_coa_class": "1,50–3,00 m" }, "geometry": { "type": "MultiLineString", "coordinates": [ [ [ -48.6606511, -20.9245976 ], [ -48.6606654, -20.9246005 ] ] ] } },
{ "type": "Feature", "properties": { "linha_id": 140, "comp_m": 0.8, "ini_m": 381.4, "fim_m": 382.2, "faixa_id": 2, "classe": "0.50–1.50 m", "_coa_length_m": 0.8, "_coa_class": "0,50–1,50 m" }, "geometry": { "type": "MultiLineString", "coordinates": [ [ [ -48.6607083, -20.9246091 ], [ -48.6607158, -20.9246106 ] ] ] } },
{ "type": "Feature", "properties": { "linha_id": 140, "comp_m": 1.68, "ini_m": 391.08, "fim_m": 392.76, "faixa_id": 3, "classe": "1.50–3.00 m", "_coa_length_m": 1.679, "_coa_class": "1,50–3,00 m" }, "geometry": { "type": "MultiLineString", "coordinates": [ [ [ -48.6607987, -20.9246295 ], [ -48.6608142, -20.9246336 ] ] ] } },
{ "type": "Feature", "properties": { "linha_id": 140, "comp_m": 0.64, "ini_m": 402.76, "fim_m": 403.4, "faixa_id": 2, "classe": "0.50–1.50 m", "_coa_length_m": 0.64, "_coa_class": "0,50–1,50 m" }, "geometry": { "type": "MultiLineString", "coordinates": [ [ [ -48.6609042, -20.9246649 ], [ -48.6609098, -20.9246673 ] ] ] } },
{ "type": "Feature", "properties": { "linha_id": 140, "comp_m": 1.36, "ini_m": 416.92, "fim_m": 418.28, "faixa_id": 2, "classe": "0.50–1.50 m", "_coa_length_m": 1.36, "_coa_class": "0,50–1,50 m" }, "geometry": { "type": "MultiLineString", "coordinates": [ [ [ -48.6610276, -20.9247189 ], [ -48.6610392, -20.9247244 ] ] ] } },
{ "type": "Feature", "properties": { "linha_id": 140, "comp_m": 0.8, "ini_m": 433.48, "fim_m": 434.28, "faixa_id": 2, "classe": "0.50–1.50 m", "_coa_length_m": 0.8, "_coa_class": "0,50–1,50 m" }, "geometry": { "type": "MultiLineString", "coordinates": [ [ [ -48.6611556, -20.9248059 ], [ -48.661161, -20.9248111 ] ] ] } },
{ "type": "Feature", "properties": { "linha_id": 140, "comp_m": 0.56, "ini_m": 442.76, "fim_m": 443.32, "faixa_id": 2, "classe": "0.50–1.50 m", "_coa_length_m": 0.56, "_coa_class": "0,50–1,50 m" }, "geometry": { "type": "MultiLineString", "coordinates": [ [ [ -48.6612122, -20.9248707 ], [ -48.6612155, -20.9248746 ] ] ] } },
{ "type": "Feature", "properties": { "linha_id": 140, "comp_m": 2.72, "ini_m": 455.64, "fim_m": 458.36, "faixa_id": 3, "classe": "1.50–3.00 m", "_coa_length_m": 2.719, "_coa_class": "1,50–3,00 m" }, "geometry": { "type": "MultiLineString", "coordinates": [ [ [ -48.6612824, -20.9249664 ], [ -48.6612933, -20.9249814 ], [ -48.6612969, -20.9249868 ] ] ] } },
{ "type": "Feature", "properties": { "linha_id": 140, "comp_m": 0.72, "ini_m": 486.52, "fim_m": 487.24, "faixa_id": 2, "classe": "0.50–1.50 m", "_coa_length_m": 0.72, "_coa_class": "0,50–1,50 m" }, "geometry": { "type": "MultiLineString", "coordinates": [ [ [ -48.6614222, -20.9252109 ], [ -48.6614244, -20.925217 ] ] ] } },
{ "type": "Feature", "properties": { "linha_id": 140, "comp_m": 1.28, "ini_m": 509.32, "fim_m": 510.6, "faixa_id": 2, "classe": "0.50–1.50 m", "_coa_length_m": 1.28, "_coa_class": "0,50–1,50 m" }, "geometry": { "type": "MultiLineString", "coordinates": [ [ [ -48.6614778, -20.9254099 ], [ -48.6614811, -20.9254211 ] ] ] } },
{ "type": "Feature", "properties": { "linha_id": 140, "comp_m": 2.32, "ini_m": 517.4, "fim_m": 519.72, "faixa_id": 3, "classe": "1.50–3.00 m", "_coa_length_m": 2.319, "_coa_class": "1,50–3,00 m" }, "geometry": { "type": "MultiLineString", "coordinates": [ [ [ -48.6614982, -20.9254803 ], [ -48.6614987, -20.9254823 ], [ -48.6615032, -20.9255007 ] ] ] } },
{ "type": "Feature", "properties": { "linha_id": 140, "comp_m": 1.84, "ini_m": 524.92, "fim_m": 526.76, "faixa_id": 3, "classe": "1.50–3.00 m", "_coa_length_m": 1.839, "_coa_class": "1,50–3,00 m" }, "geometry": { "type": "MultiLineString", "coordinates": [ [ [ -48.6615142, -20.9255465 ], [ -48.6615181, -20.9255627 ] ] ] } },
{ "type": "Feature", "properties": { "linha_id": 140, "comp_m": 0.72, "ini_m": 530.68, "fim_m": 531.4, "faixa_id": 2, "classe": "0.50–1.50 m", "_coa_length_m": 0.72, "_coa_class": "0,50–1,50 m" }, "geometry": { "type": "MultiLineString", "coordinates": [ [ [ -48.6615249, -20.9255975 ], [ -48.6615262, -20.9256039 ] ] ] } },
{ "type": "Feature", "properties": { "linha_id": 140, "comp_m": 1.12, "ini_m": 534.36, "fim_m": 535.48, "faixa_id": 2, "classe": "0.50–1.50 m", "_coa_length_m": 1.12, "_coa_class": "0,50–1,50 m" }, "geometry": { "type": "MultiLineString", "coordinates": [ [ [ -48.6615313, -20.9256302 ], [ -48.6615332, -20.9256402 ] ] ] } },
{ "type": "Feature", "properties": { "linha_id": 140, "comp_m": 2.96, "ini_m": 558.76, "fim_m": 561.72, "faixa_id": 3, "classe": "1.50–3.00 m", "_coa_length_m": 2.959, "_coa_class": "1,50–3,00 m" }, "geometry": { "type": "MultiLineString", "coordinates": [ [ [ -48.6615758, -20.9258465 ], [ -48.6615819, -20.9258726 ] ] ] } },
{ "type": "Feature", "properties": { "linha_id": 140, "comp_m": 2.96, "ini_m": 564.36, "fim_m": 567.32, "faixa_id": 3, "classe": "1.50–3.00 m", "_coa_length_m": 2.959, "_coa_class": "1,50–3,00 m" }, "geometry": { "type": "MultiLineString", "coordinates": [ [ [ -48.6615877, -20.9258958 ], [ -48.6615914, -20.9259081 ], [ -48.6615943, -20.9259218 ] ] ] } },
{ "type": "Feature", "properties": { "linha_id": 140, "comp_m": 1.12, "ini_m": 572.76, "fim_m": 573.88, "faixa_id": 2, "classe": "0.50–1.50 m", "_coa_length_m": 1.12, "_coa_class": "0,50–1,50 m" }, "geometry": { "type": "MultiLineString", "coordinates": [ [ [ -48.6616033, -20.9259702 ], [ -48.6616049, -20.9259802 ] ] ] } },
{ "type": "Feature", "properties": { "linha_id": 140, "comp_m": 0.96, "ini_m": 659.72, "fim_m": 660.68, "faixa_id": 2, "classe": "0.50–1.50 m", "_coa_length_m": 0.96, "_coa_class": "0,50–1,50 m" }, "geometry": { "type": "MultiLineString", "coordinates": [ [ [ -48.6621375, -20.9264084 ], [ -48.6621467, -20.926409 ] ] ] } },
{ "type": "Feature", "properties": { "linha_id": 141, "comp_m": 2.8, "ini_m": 134.52, "fim_m": 137.32, "faixa_id": 3, "classe": "1.50–3.00 m", "_coa_length_m": 2.799, "_coa_class": "1,50–3,00 m" }, "geometry": { "type": "MultiLineString", "coordinates": [ [ [ -48.6615615, -20.9258493 ], [ -48.6615557, -20.9258246 ] ] ] } },
{ "type": "Feature", "properties": { "linha_id": 141, "comp_m": 2.16, "ini_m": 153.32, "fim_m": 155.48, "faixa_id": 3, "classe": "1.50–3.00 m", "_coa_length_m": 2.159, "_coa_class": "1,50–3,00 m" }, "geometry": { "type": "MultiLineString", "coordinates": [ [ [ -48.6615266, -20.9256827 ], [ -48.6615228, -20.9256636 ] ] ] } },
{ "type": "Feature", "properties": { "linha_id": 141, "comp_m": 1.76, "ini_m": 213.8, "fim_m": 215.56, "faixa_id": 3, "classe": "1.50–3.00 m", "_coa_length_m": 1.759, "_coa_class": "1,50–3,00 m" }, "geometry": { "type": "MultiLineString", "coordinates": [ [ [ -48.6613852, -20.9251538 ], [ -48.6613796, -20.9251418 ], [ -48.6613782, -20.9251393 ] ] ] } },
{ "type": "Feature", "properties": { "linha_id": 141, "comp_m": 0.64, "ini_m": 216.2, "fim_m": 216.84, "faixa_id": 2, "classe": "0.50–1.50 m", "_coa_length_m": 0.64, "_coa_class": "0,50–1,50 m" }, "geometry": { "type": "MultiLineString", "coordinates": [ [ [ -48.6613753, -20.9251342 ], [ -48.6613723, -20.9251291 ] ] ] } },
{ "type": "Feature", "properties": { "linha_id": 141, "comp_m": 0.56, "ini_m": 223.24, "fim_m": 223.8, "faixa_id": 2, "classe": "0.50–1.50 m", "_coa_length_m": 0.56, "_coa_class": "0,50–1,50 m" }, "geometry": { "type": "MultiLineString", "coordinates": [ [ [ -48.6613415, -20.9250791 ], [ -48.6613387, -20.9250748 ] ] ] } },
{ "type": "Feature", "properties": { "linha_id": 141, "comp_m": 0.56, "ini_m": 268.36, "fim_m": 268.92, "faixa_id": 2, "classe": "0.50–1.50 m", "_coa_length_m": 0.56, "_coa_class": "0,50–1,50 m" }, "geometry": { "type": "MultiLineString", "coordinates": [ [ [ -48.6610766, -20.9247599 ], [ -48.6610736, -20.9247578 ], [ -48.6610722, -20.9247571 ] ] ] } },
{ "type": "Feature", "properties": { "linha_id": 141, "comp_m": 0.56, "ini_m": 297.16, "fim_m": 297.72, "faixa_id": 2, "classe": "0.50–1.50 m", "_coa_length_m": 0.56, "_coa_class": "0,50–1,50 m" }, "geometry": { "type": "MultiLineString", "coordinates": [ [ [ -48.6608258, -20.9246508 ], [ -48.6608207, -20.9246494 ] ] ] } },
{ "type": "Feature", "properties": { "linha_id": 141, "comp_m": 0.64, "ini_m": 438.92, "fim_m": 439.56, "faixa_id": 2, "classe": "0.50–1.50 m", "_coa_length_m": 0.64, "_coa_class": "0,50–1,50 m" }, "geometry": { "type": "MultiLineString", "coordinates": [ [ [ -48.6601617, -20.9237525 ], [ -48.6601622, -20.9237467 ] ] ] } },
{ "type": "Feature", "properties": { "linha_id": 141, "comp_m": 2.24, "ini_m": 441.88, "fim_m": 444.12, "faixa_id": 3, "classe": "1.50–3.00 m", "_coa_length_m": 2.239, "_coa_class": "1,50–3,00 m" }, "geometry": { "type": "MultiLineString", "coordinates": [ [ [ -48.660164, -20.9237259 ], [ -48.6601641, -20.9237247 ], [ -48.6601653, -20.9237057 ] ] ] } },
{ "type": "Feature", "properties": { "linha_id": 141, "comp_m": 1.04, "ini_m": 446.44, "fim_m": 447.48, "faixa_id": 2, "classe": "0.50–1.50 m", "_coa_length_m": 1.04, "_coa_class": "0,50–1,50 m" }, "geometry": { "type": "MultiLineString", "coordinates": [ [ [ -48.6601666, -20.9236847 ], [ -48.6601671, -20.9236754 ] ] ] } },
{ "type": "Feature", "properties": { "linha_id": 141, "comp_m": 0.64, "ini_m": 468.28, "fim_m": 468.92, "faixa_id": 2, "classe": "0.50–1.50 m", "_coa_length_m": 0.64, "_coa_class": "0,50–1,50 m" }, "geometry": { "type": "MultiLineString", "coordinates": [ [ [ -48.6601713, -20.9234876 ], [ -48.6601714, -20.9234826 ], [ -48.6601713, -20.9234819 ] ] ] } },
{ "type": "Feature", "properties": { "linha_id": 141, "comp_m": 1.28, "ini_m": 492.92, "fim_m": 494.2, "faixa_id": 2, "classe": "0.50–1.50 m", "_coa_length_m": 1.28, "_coa_class": "0,50–1,50 m" }, "geometry": { "type": "MultiLineString", "coordinates": [ [ [ -48.6601275, -20.9232701 ], [ -48.6601227, -20.9232595 ] ] ] } },
{ "type": "Feature", "properties": { "linha_id": 141, "comp_m": 2.32, "ini_m": 562.2, "fim_m": 564.52, "faixa_id": 3, "classe": "1.50–3.00 m", "_coa_length_m": 2.319, "_coa_class": "1,50–3,00 m" }, "geometry": { "type": "MultiLineString", "coordinates": [ [ [ -48.6598049, -20.9227234 ], [ -48.6597938, -20.9227052 ] ] ] } },
{ "type": "Feature", "properties": { "linha_id": 141, "comp_m": 0.56, "ini_m": 583.32, "fim_m": 583.88, "faixa_id": 2, "classe": "0.50–1.50 m", "_coa_length_m": 0.56, "_coa_class": "0,50–1,50 m" }, "geometry": { "type": "MultiLineString", "coordinates": [ [ [ -48.6596976, -20.9225617 ], [ -48.6596944, -20.9225576 ] ] ] } },
{ "type": "Feature", "properties": { "linha_id": 141, "comp_m": 1.36, "ini_m": 585.72, "fim_m": 587.08, "faixa_id": 2, "classe": "0.50–1.50 m", "_coa_length_m": 1.36, "_coa_class": "0,50–1,50 m" }, "geometry": { "type": "MultiLineString", "coordinates": [ [ [ -48.6596841, -20.9225441 ], [ -48.6596765, -20.9225341 ] ] ] } },
{ "type": "Feature", "properties": { "linha_id": 141, "comp_m": 1.92, "ini_m": 590.28, "fim_m": 592.2, "faixa_id": 3, "classe": "1.50–3.00 m", "_coa_length_m": 1.919, "_coa_class": "1,50–3,00 m" }, "geometry": { "type": "MultiLineString", "coordinates": [ [ [ -48.6596586, -20.9225106 ], [ -48.6596478, -20.9224966 ] ] ] } },
{ "type": "Feature", "properties": { "linha_id": 141, "comp_m": 1.76, "ini_m": 598.04, "fim_m": 599.8, "faixa_id": 3, "classe": "1.50–3.00 m", "_coa_length_m": 1.759, "_coa_class": "1,50–3,00 m" }, "geometry": { "type": "MultiLineString", "coordinates": [ [ [ -48.6596151, -20.9224537 ], [ -48.6596052, -20.9224408 ] ] ] } },
{ "type": "Feature", "properties": { "linha_id": 141, "comp_m": 1.92, "ini_m": 601.64, "fim_m": 603.56, "faixa_id": 3, "classe": "1.50–3.00 m", "_coa_length_m": 1.919, "_coa_class": "1,50–3,00 m" }, "geometry": { "type": "MultiLineString", "coordinates": [ [ [ -48.6595949, -20.9224273 ], [ -48.6595842, -20.9224132 ] ] ] } },
{ "type": "Feature", "properties": { "linha_id": 141, "comp_m": 0.72, "ini_m": 604.12, "fim_m": 604.84, "faixa_id": 2, "classe": "0.50–1.50 m", "_coa_length_m": 0.72, "_coa_class": "0,50–1,50 m" }, "geometry": { "type": "MultiLineString", "coordinates": [ [ [ -48.659581, -20.9224091 ], [ -48.659577, -20.9224038 ] ] ] } },
{ "type": "Feature", "properties": { "linha_id": 141, "comp_m": 1.12, "ini_m": 615.96, "fim_m": 617.08, "faixa_id": 2, "classe": "0.50–1.50 m", "_coa_length_m": 1.12, "_coa_class": "0,50–1,50 m" }, "geometry": { "type": "MultiLineString", "coordinates": [ [ [ -48.6595129, -20.9223235 ], [ -48.6595064, -20.9223155 ] ] ] } },
{ "type": "Feature", "properties": { "linha_id": 141, "comp_m": 1.52, "ini_m": 617.96, "fim_m": 619.48, "faixa_id": 3, "classe": "1.50–3.00 m", "_coa_length_m": 1.519, "_coa_class": "1,50–3,00 m" }, "geometry": { "type": "MultiLineString", "coordinates": [ [ [ -48.6595012, -20.9223092 ], [ -48.6594923, -20.9222983 ] ] ] } },
{ "type": "Feature", "properties": { "linha_id": 141, "comp_m": 1.6, "ini_m": 620.04, "fim_m": 621.64, "faixa_id": 3, "classe": "1.50–3.00 m", "_coa_length_m": 1.599, "_coa_class": "1,50–3,00 m" }, "geometry": { "type": "MultiLineString", "coordinates": [ [ [ -48.6594891, -20.9222943 ], [ -48.6594797, -20.9222828 ] ] ] } },
{ "type": "Feature", "properties": { "linha_id": 141, "comp_m": 0.64, "ini_m": 625.72, "fim_m": 626.36, "faixa_id": 2, "classe": "0.50–1.50 m", "_coa_length_m": 0.64, "_coa_class": "0,50–1,50 m" }, "geometry": { "type": "MultiLineString", "coordinates": [ [ [ -48.6594551, -20.9222542 ], [ -48.6594512, -20.9222497 ] ] ] } },
{ "type": "Feature", "properties": { "linha_id": 141, "comp_m": 0.72, "ini_m": 627.48, "fim_m": 628.2, "faixa_id": 2, "classe": "0.50–1.50 m", "_coa_length_m": 0.72, "_coa_class": "0,50–1,50 m" }, "geometry": { "type": "MultiLineString", "coordinates": [ [ [ -48.6594444, -20.9222418 ], [ -48.65944, -20.9222368 ] ] ] } },
{ "type": "Feature", "properties": { "linha_id": 141, "comp_m": 1.84, "ini_m": 629.0, "fim_m": 630.84, "faixa_id": 3, "classe": "1.50–3.00 m", "_coa_length_m": 1.839, "_coa_class": "1,50–3,00 m" }, "geometry": { "type": "MultiLineString", "coordinates": [ [ [ -48.6594352, -20.9222312 ], [ -48.659424, -20.9222183 ] ] ] } },
{ "type": "Feature", "properties": { "linha_id": 141, "comp_m": 4.08, "ini_m": 631.48, "fim_m": 635.56, "faixa_id": 4, "classe": "3.00–5.00 m", "_coa_length_m": 4.079, "_coa_class": "3,00–5,00 m" }, "geometry": { "type": "MultiLineString", "coordinates": [ [ [ -48.6594201, -20.9222138 ], [ -48.6593954, -20.9221852 ] ] ] } },
{ "type": "Feature", "properties": { "linha_id": 141, "comp_m": 0.88, "ini_m": 636.36, "fim_m": 637.24, "faixa_id": 2, "classe": "0.50–1.50 m", "_coa_length_m": 0.88, "_coa_class": "0,50–1,50 m" }, "geometry": { "type": "MultiLineString", "coordinates": [ [ [ -48.6593905, -20.9221796 ], [ -48.6593852, -20.9221735 ] ] ] } },
{ "type": "Feature", "properties": { "linha_id": 141, "comp_m": 1.28, "ini_m": 645.16, "fim_m": 646.44, "faixa_id": 2, "classe": "0.50–1.50 m", "_coa_length_m": 1.28, "_coa_class": "0,50–1,50 m" }, "geometry": { "type": "MultiLineString", "coordinates": [ [ [ -48.6593351, -20.9221196 ], [ -48.6593269, -20.922111 ] ] ] } },
{ "type": "Feature", "properties": { "linha_id": 141, "comp_m": 1.36, "ini_m": 650.36, "fim_m": 651.72, "faixa_id": 2, "classe": "0.50–1.50 m", "_coa_length_m": 1.36, "_coa_class": "0,50–1,50 m" }, "geometry": { "type": "MultiLineString", "coordinates": [ [ [ -48.6593019, -20.9220845 ], [ -48.6592933, -20.9220753 ] ] ] } },
{ "type": "Feature", "properties": { "linha_id": 141, "comp_m": 3.2, "ini_m": 652.2, "fim_m": 655.4, "faixa_id": 4, "classe": "3.00–5.00 m", "_coa_length_m": 3.199, "_coa_class": "3,00–5,00 m" }, "geometry": { "type": "MultiLineString", "coordinates": [ [ [ -48.6592902, -20.9220721 ], [ -48.6592698, -20.9220505 ] ] ] } },
{ "type": "Feature", "properties": { "linha_id": 141, "comp_m": 4.64, "ini_m": 660.44, "fim_m": 665.08, "faixa_id": 4, "classe": "3.00–5.00 m", "_coa_length_m": 4.638, "_coa_class": "3,00–5,00 m" }, "geometry": { "type": "MultiLineString", "coordinates": [ [ [ -48.659238, -20.9220161 ], [ -48.6592097, -20.9219837 ] ] ] } },
{ "type": "Feature", "properties": { "linha_id": 141, "comp_m": 0.64, "ini_m": 681.48, "fim_m": 682.12, "faixa_id": 2, "classe": "0.50–1.50 m", "_coa_length_m": 0.64, "_coa_class": "0,50–1,50 m" }, "geometry": { "type": "MultiLineString", "coordinates": [ [ [ -48.6591118, -20.9218677 ], [ -48.659108, -20.9218632 ] ] ] } },
{ "type": "Feature", "properties": { "linha_id": 141, "comp_m": 1.258, "ini_m": 691.0, "fim_m": 692.258, "faixa_id": 2, "classe": "0.50–1.50 m", "_coa_length_m": 1.258, "_coa_class": "0,50–1,50 m" }, "geometry": { "type": "MultiLineString", "coordinates": [ [ [ -48.6590511, -20.9218036 ], [ -48.6590436, -20.9217947 ] ] ] } },
{ "type": "Feature", "properties": { "linha_id": 143, "comp_m": 1.2, "ini_m": 45.72, "fim_m": 46.92, "faixa_id": 2, "classe": "0.50–1.50 m", "_coa_length_m": 1.2, "_coa_class": "0,50–1,50 m" }, "geometry": { "type": "MultiLineString", "coordinates": [ [ [ -48.6593153, -20.9221194 ], [ -48.6593231, -20.9221274 ] ] ] } },
{ "type": "Feature", "properties": { "linha_id": 143, "comp_m": 1.84, "ini_m": 56.36, "fim_m": 58.2, "faixa_id": 3, "classe": "1.50–3.00 m", "_coa_length_m": 1.839, "_coa_class": "1,50–3,00 m" }, "geometry": { "type": "MultiLineString", "coordinates": [ [ [ -48.6593818, -20.9221923 ], [ -48.6593931, -20.9222051 ] ] ] } },
{ "type": "Feature", "properties": { "linha_id": 143, "comp_m": 1.04, "ini_m": 60.04, "fim_m": 61.08, "faixa_id": 2, "classe": "0.50–1.50 m", "_coa_length_m": 1.04, "_coa_class": "0,50–1,50 m" }, "geometry": { "type": "MultiLineString", "coordinates": [ [ [ -48.6594044, -20.9222179 ], [ -48.6594107, -20.9222252 ] ] ] } },
{ "type": "Feature", "properties": { "linha_id": 143, "comp_m": 1.28, "ini_m": 64.04, "fim_m": 65.32, "faixa_id": 2, "classe": "0.50–1.50 m", "_coa_length_m": 1.28, "_coa_class": "0,50–1,50 m" }, "geometry": { "type": "MultiLineString", "coordinates": [ [ [ -48.6594288, -20.9222458 ], [ -48.6594366, -20.9222547 ] ] ] } },
{ "type": "Feature", "properties": { "linha_id": 143, "comp_m": 2.96, "ini_m": 76.92, "fim_m": 79.88, "faixa_id": 3, "classe": "1.50–3.00 m", "_coa_length_m": 2.959, "_coa_class": "1,50–3,00 m" }, "geometry": { "type": "MultiLineString", "coordinates": [ [ [ -48.6595056, -20.922337 ], [ -48.6595229, -20.9223582 ] ] ] } },
{ "type": "Feature", "properties": { "linha_id": 143, "comp_m": 1.28, "ini_m": 84.76, "fim_m": 86.04, "faixa_id": 2, "classe": "0.50–1.50 m", "_coa_length_m": 1.28, "_coa_class": "0,50–1,50 m" }, "geometry": { "type": "MultiLineString", "coordinates": [ [ [ -48.6595512, -20.9223933 ], [ -48.6595584, -20.9224027 ] ] ] } },
{ "type": "Feature", "properties": { "linha_id": 143, "comp_m": 0.96, "ini_m": 88.6, "fim_m": 89.56, "faixa_id": 2, "classe": "0.50–1.50 m", "_coa_length_m": 0.96, "_coa_class": "0,50–1,50 m" }, "geometry": { "type": "MultiLineString", "coordinates": [ [ [ -48.6595728, -20.9224214 ], [ -48.6595782, -20.9224284 ] ] ] } },
{ "type": "Feature", "properties": { "linha_id": 143, "comp_m": 1.36, "ini_m": 90.2, "fim_m": 91.56, "faixa_id": 2, "classe": "0.50–1.50 m", "_coa_length_m": 1.36, "_coa_class": "0,50–1,50 m" }, "geometry": { "type": "MultiLineString", "coordinates": [ [ [ -48.6595818, -20.9224331 ], [ -48.6595895, -20.9224431 ] ] ] } },
{ "type": "Feature", "properties": { "linha_id": 143, "comp_m": 0.8, "ini_m": 108.92, "fim_m": 109.72, "faixa_id": 2, "classe": "0.50–1.50 m", "_coa_length_m": 0.8, "_coa_class": "0,50–1,50 m" }, "geometry": { "type": "MultiLineString", "coordinates": [ [ [ -48.6596867, -20.9225704 ], [ -48.6596911, -20.9225764 ] ] ] } },
{ "type": "Feature", "properties": { "linha_id": 143, "comp_m": 0.72, "ini_m": 127.0, "fim_m": 127.72, "faixa_id": 2, "classe": "0.50–1.50 m", "_coa_length_m": 0.72, "_coa_class": "0,50–1,50 m" }, "geometry": { "type": "MultiLineString", "coordinates": [ [ [ -48.6597788, -20.9227088 ], [ -48.6597822, -20.9227145 ] ] ] } },
{ "type": "Feature", "properties": { "linha_id": 143, "comp_m": 1.2, "ini_m": 128.52, "fim_m": 129.72, "faixa_id": 2, "classe": "0.50–1.50 m", "_coa_length_m": 1.2, "_coa_class": "0,50–1,50 m" }, "geometry": { "type": "MultiLineString", "coordinates": [ [ [ -48.659786, -20.9227207 ], [ -48.6597918, -20.9227301 ] ] ] } },
{ "type": "Feature", "properties": { "linha_id": 143, "comp_m": 0.96, "ini_m": 136.52, "fim_m": 137.48, "faixa_id": 2, "classe": "0.50–1.50 m", "_coa_length_m": 0.96, "_coa_class": "0,50–1,50 m" }, "geometry": { "type": "MultiLineString", "coordinates": [ [ [ -48.6598241, -20.9227835 ], [ -48.6598287, -20.922791 ] ] ] } },
{ "type": "Feature", "properties": { "linha_id": 143, "comp_m": 0.8, "ini_m": 184.36, "fim_m": 185.16, "faixa_id": 2, "classe": "0.50–1.50 m", "_coa_length_m": 0.8, "_coa_class": "0,50–1,50 m" }, "geometry": { "type": "MultiLineString", "coordinates": [ [ [ -48.6600534, -20.9231578 ], [ -48.6600572, -20.9231641 ] ] ] } },
{ "type": "Feature", "properties": { "linha_id": 143, "comp_m": 0.88, "ini_m": 187.0, "fim_m": 187.88, "faixa_id": 2, "classe": "0.50–1.50 m", "_coa_length_m": 0.88, "_coa_class": "0,50–1,50 m" }, "geometry": { "type": "MultiLineString", "coordinates": [ [ [ -48.6600657, -20.9231787 ], [ -48.6600696, -20.9231857 ] ] ] } },
{ "type": "Feature", "properties": { "linha_id": 143, "comp_m": 1.44, "ini_m": 191.4, "fim_m": 192.84, "faixa_id": 2, "classe": "0.50–1.50 m", "_coa_length_m": 1.44, "_coa_class": "0,50–1,50 m" }, "geometry": { "type": "MultiLineString", "coordinates": [ [ [ -48.6600854, -20.9232138 ], [ -48.6600919, -20.9232253 ] ] ] } },
{ "type": "Feature", "properties": { "linha_id": 143, "comp_m": 0.96, "ini_m": 193.48, "fim_m": 194.44, "faixa_id": 2, "classe": "0.50–1.50 m", "_coa_length_m": 0.96, "_coa_class": "0,50–1,50 m" }, "geometry": { "type": "MultiLineString", "coordinates": [ [ [ -48.6600948, -20.9232305 ], [ -48.6600991, -20.9232381 ] ] ] } },
{ "type": "Feature", "properties": { "linha_id": 143, "comp_m": 0.88, "ini_m": 195.48, "fim_m": 196.36, "faixa_id": 2, "classe": "0.50–1.50 m", "_coa_length_m": 0.88, "_coa_class": "0,50–1,50 m" }, "geometry": { "type": "MultiLineString", "coordinates": [ [ [ -48.6601029, -20.9232468 ], [ -48.660106, -20.9232542 ] ] ] } },
{ "type": "Feature", "properties": { "linha_id": 143, "comp_m": 2.16, "ini_m": 219.0, "fim_m": 221.16, "faixa_id": 3, "classe": "1.50–3.00 m", "_coa_length_m": 2.159, "_coa_class": "1,50–3,00 m" }, "geometry": { "type": "MultiLineString", "coordinates": [ [ [ -48.6601537, -20.9234526 ], [ -48.6601556, -20.923472 ] ] ] } },
{ "type": "Feature", "properties": { "linha_id": 143, "comp_m": 0.56, "ini_m": 233.0, "fim_m": 233.56, "faixa_id": 2, "classe": "0.50–1.50 m", "_coa_length_m": 0.56, "_coa_class": "0,50–1,50 m" }, "geometry": { "type": "MultiLineString", "coordinates": [ [ [ -48.6601564, -20.9235788 ], [ -48.6601563, -20.9235839 ] ] ] } },
{ "type": "Feature", "properties": { "linha_id": 143, "comp_m": 1.52, "ini_m": 234.2, "fim_m": 235.72, "faixa_id": 3, "classe": "1.50–3.00 m", "_coa_length_m": 1.519, "_coa_class": "1,50–3,00 m" }, "geometry": { "type": "MultiLineString", "coordinates": [ [ [ -48.6601562, -20.9235897 ], [ -48.660156, -20.9236034 ] ] ] } },
{ "type": "Feature", "properties": { "linha_id": 143, "comp_m": 1.04, "ini_m": 399.88, "fim_m": 400.92, "faixa_id": 2, "classe": "0.50–1.50 m", "_coa_length_m": 1.04, "_coa_class": "0,50–1,50 m" }, "geometry": { "type": "MultiLineString", "coordinates": [ [ [ -48.6608564, -20.9246762 ], [ -48.6608657, -20.9246796 ] ] ] } },
{ "type": "Feature", "properties": { "linha_id": 144, "comp_m": 0.88, "ini_m": 17.32, "fim_m": 18.2, "faixa_id": 2, "classe": "0.50–1.50 m", "_coa_length_m": 0.88, "_coa_class": "0,50–1,50 m" }, "geometry": { "type": "MultiLineString", "coordinates": [ [ [ -48.6591338, -20.9219366 ], [ -48.6591391, -20.9219428 ] ] ] } },
{ "type": "Feature", "properties": { "linha_id": 144, "comp_m": 1.12, "ini_m": 70.6, "fim_m": 71.72, "faixa_id": 2, "classe": "0.50–1.50 m", "_coa_length_m": 1.12, "_coa_class": "0,50–1,50 m" }, "geometry": { "type": "MultiLineString", "coordinates": [ [ [ -48.6594615, -20.9223062 ], [ -48.6594659, -20.9223113 ], [ -48.6594682, -20.9223141 ] ] ] } },
{ "type": "Feature", "properties": { "linha_id": 144, "comp_m": 1.04, "ini_m": 86.52, "fim_m": 87.56, "faixa_id": 2, "classe": "0.50–1.50 m", "_coa_length_m": 1.04, "_coa_class": "0,50–1,50 m" }, "geometry": { "type": "MultiLineString", "coordinates": [ [ [ -48.6595528, -20.9224215 ], [ -48.6595588, -20.922429 ] ] ] } },
{ "type": "Feature", "properties": { "linha_id": 144, "comp_m": 1.52, "ini_m": 133.24, "fim_m": 134.76, "faixa_id": 3, "classe": "1.50–3.00 m", "_coa_length_m": 1.519, "_coa_class": "1,50–3,00 m" }, "geometry": { "type": "MultiLineString", "coordinates": [ [ [ -48.6598004, -20.9227728 ], [ -48.6598077, -20.9227847 ] ] ] } },
{ "type": "Feature", "properties": { "linha_id": 144, "comp_m": 0.8, "ini_m": 143.72, "fim_m": 144.52, "faixa_id": 2, "classe": "0.50–1.50 m", "_coa_length_m": 0.8, "_coa_class": "0,50–1,50 m" }, "geometry": { "type": "MultiLineString", "coordinates": [ [ [ -48.6598506, -20.9228548 ], [ -48.6598544, -20.9228611 ] ] ] } },
{ "type": "Feature", "properties": { "linha_id": 144, "comp_m": 1.2, "ini_m": 147.8, "fim_m": 149.0, "faixa_id": 2, "classe": "0.50–1.50 m", "_coa_length_m": 1.2, "_coa_class": "0,50–1,50 m" }, "geometry": { "type": "MultiLineString", "coordinates": [ [ [ -48.6598701, -20.9228867 ], [ -48.6598759, -20.9228961 ] ] ] } },
{ "type": "Feature", "properties": { "linha_id": 144, "comp_m": 1.12, "ini_m": 185.48, "fim_m": 186.6, "faixa_id": 2, "classe": "0.50–1.50 m", "_coa_length_m": 1.12, "_coa_class": "0,50–1,50 m" }, "geometry": { "type": "MultiLineString", "coordinates": [ [ [ -48.6600509, -20.9231815 ], [ -48.660056, -20.9231904 ] ] ] } },
{ "type": "Feature", "properties": { "linha_id": 144, "comp_m": 0.96, "ini_m": 189.24, "fim_m": 190.2, "faixa_id": 2, "classe": "0.50–1.50 m", "_coa_length_m": 0.96, "_coa_class": "0,50–1,50 m" }, "geometry": { "type": "MultiLineString", "coordinates": [ [ [ -48.6600682, -20.9232113 ], [ -48.6600727, -20.9232189 ] ] ] } },
{ "type": "Feature", "properties": { "linha_id": 144, "comp_m": 1.68, "ini_m": 190.84, "fim_m": 192.52, "faixa_id": 3, "classe": "1.50–3.00 m", "_coa_length_m": 1.679, "_coa_class": "1,50–3,00 m" }, "geometry": { "type": "MultiLineString", "coordinates": [ [ [ -48.6600756, -20.923224 ], [ -48.6600782, -20.9232284 ], [ -48.6600823, -20.9232378 ] ] ] } },
{ "type": "Feature", "properties": { "linha_id": 144, "comp_m": 1.92, "ini_m": 222.76, "fim_m": 224.68, "faixa_id": 3, "classe": "1.50–3.00 m", "_coa_length_m": 1.919, "_coa_class": "1,50–3,00 m" }, "geometry": { "type": "MultiLineString", "coordinates": [ [ [ -48.6601409, -20.9235031 ], [ -48.6601409, -20.9235204 ] ] ] } },
{ "type": "Feature", "properties": { "linha_id": 144, "comp_m": 1.04, "ini_m": 315.96, "fim_m": 317.0, "faixa_id": 2, "classe": "0.50–1.50 m", "_coa_length_m": 1.04, "_coa_class": "0,50–1,50 m" }, "geometry": { "type": "MultiLineString", "coordinates": [ [ [ -48.6601673, -20.9243363 ], [ -48.6601724, -20.9243444 ] ] ] } },
{ "type": "Feature", "properties": { "linha_id": 144, "comp_m": 0.72, "ini_m": 319.0, "fim_m": 319.72, "faixa_id": 2, "classe": "0.50–1.50 m", "_coa_length_m": 0.72, "_coa_class": "0,50–1,50 m" }, "geometry": { "type": "MultiLineString", "coordinates": [ [ [ -48.6601821, -20.92436 ], [ -48.6601848, -20.9243645 ], [ -48.6601857, -20.9243656 ] ] ] } },
{ "type": "Feature", "properties": { "linha_id": 144, "comp_m": 0.56, "ini_m": 488.52, "fim_m": 489.08, "faixa_id": 2, "classe": "0.50–1.50 m", "_coa_length_m": 0.56, "_coa_class": "0,50–1,50 m" }, "geometry": { "type": "MultiLineString", "coordinates": [ [ [ -48.6613923, -20.9252657 ], [ -48.6613937, -20.9252706 ] ] ] } },
{ "type": "Feature", "properties": { "linha_id": 145, "comp_m": 1.88, "ini_m": 0.0, "fim_m": 1.88, "faixa_id": 3, "classe": "1.50–3.00 m", "_coa_length_m": 1.879, "_coa_class": "1,50–3,00 m" }, "geometry": { "type": "MultiLineString", "coordinates": [ [ [ -48.6590135, -20.9218251 ], [ -48.6590255, -20.9218378 ] ] ] } },
{ "type": "Feature", "properties": { "linha_id": 145, "comp_m": 0.56, "ini_m": 193.56, "fim_m": 194.12, "faixa_id": 2, "classe": "0.50–1.50 m", "_coa_length_m": 0.56, "_coa_class": "0,50–1,50 m" }, "geometry": { "type": "MultiLineString", "coordinates": [ [ [ -48.660073, -20.9232543 ], [ -48.6600751, -20.9232589 ] ] ] } },
{ "type": "Feature", "properties": { "linha_id": 145, "comp_m": 0.88, "ini_m": 332.04, "fim_m": 332.92, "faixa_id": 2, "classe": "0.50–1.50 m", "_coa_length_m": 0.88, "_coa_class": "0,50–1,50 m" }, "geometry": { "type": "MultiLineString", "coordinates": [ [ [ -48.6602503, -20.9244578 ], [ -48.6602565, -20.9244632 ] ] ] } },
{ "type": "Feature", "properties": { "linha_id": 145, "comp_m": 0.88, "ini_m": 377.32, "fim_m": 378.2, "faixa_id": 2, "classe": "0.50–1.50 m", "_coa_length_m": 0.88, "_coa_class": "0,50–1,50 m" }, "geometry": { "type": "MultiLineString", "coordinates": [ [ [ -48.6606277, -20.9246496 ], [ -48.660636, -20.9246511 ] ] ] } },
{ "type": "Feature", "properties": { "linha_id": 145, "comp_m": 0.96, "ini_m": 478.52, "fim_m": 479.48, "faixa_id": 2, "classe": "0.50–1.50 m", "_coa_length_m": 0.96, "_coa_class": "0,50–1,50 m" }, "geometry": { "type": "MultiLineString", "coordinates": [ [ [ -48.6613506, -20.9251878 ], [ -48.6613534, -20.9251961 ] ] ] } },
{ "type": "Feature", "properties": { "linha_id": 145, "comp_m": 1.28, "ini_m": 582.84, "fim_m": 584.12, "faixa_id": 2, "classe": "0.50–1.50 m", "_coa_length_m": 1.28, "_coa_class": "0,50–1,50 m" }, "geometry": { "type": "MultiLineString", "coordinates": [ [ [ -48.6615638, -20.9261069 ], [ -48.6615662, -20.9261183 ] ] ] } },
{ "type": "Feature", "properties": { "linha_id": 145, "comp_m": 0.88, "ini_m": 584.76, "fim_m": 585.64, "faixa_id": 2, "classe": "0.50–1.50 m", "_coa_length_m": 0.88, "_coa_class": "0,50–1,50 m" }, "geometry": { "type": "MultiLineString", "coordinates": [ [ [ -48.6615674, -20.9261239 ], [ -48.661569, -20.9261317 ] ] ] } },
{ "type": "Feature", "properties": { "linha_id": 145, "comp_m": 0.8, "ini_m": 593.48, "fim_m": 594.28, "faixa_id": 2, "classe": "0.50–1.50 m", "_coa_length_m": 0.8, "_coa_class": "0,50–1,50 m" }, "geometry": { "type": "MultiLineString", "coordinates": [ [ [ -48.661586, -20.9262007 ], [ -48.6615866, -20.9262028 ], [ -48.6615884, -20.9262075 ] ] ] } },
{ "type": "Feature", "properties": { "linha_id": 146, "comp_m": 0.56, "ini_m": 130.84, "fim_m": 131.4, "faixa_id": 2, "classe": "0.50–1.50 m", "_coa_length_m": 0.56, "_coa_class": "0,50–1,50 m" }, "geometry": { "type": "MultiLineString", "coordinates": [ [ [ -48.6597712, -20.9227814 ], [ -48.6597739, -20.9227858 ] ] ] } },
{ "type": "Feature", "properties": { "linha_id": 146, "comp_m": 1.04, "ini_m": 147.72, "fim_m": 148.76, "faixa_id": 2, "classe": "0.50–1.50 m", "_coa_length_m": 1.04, "_coa_class": "0,50–1,50 m" }, "geometry": { "type": "MultiLineString", "coordinates": [ [ [ -48.6598535, -20.9229127 ], [ -48.6598586, -20.9229209 ] ] ] } },
{ "type": "Feature", "properties": { "linha_id": 146, "comp_m": 0.56, "ini_m": 177.64, "fim_m": 178.2, "faixa_id": 2, "classe": "0.50–1.50 m", "_coa_length_m": 0.56, "_coa_class": "0,50–1,50 m" }, "geometry": { "type": "MultiLineString", "coordinates": [ [ [ -48.6599964, -20.9231472 ], [ -48.659999, -20.9231516 ] ] ] } },
{ "type": "Feature", "properties": { "linha_id": 146, "comp_m": 1.6, "ini_m": 184.84, "fim_m": 186.44, "faixa_id": 3, "classe": "1.50–3.00 m", "_coa_length_m": 1.599, "_coa_class": "1,50–3,00 m" }, "geometry": { "type": "MultiLineString", "coordinates": [ [ [ -48.6600296, -20.9232042 ], [ -48.660037, -20.9232169 ] ] ] } },
{ "type": "Feature", "properties": { "linha_id": 146, "comp_m": 0.56, "ini_m": 195.72, "fim_m": 196.28, "faixa_id": 2, "classe": "0.50–1.50 m", "_coa_length_m": 0.56, "_coa_class": "0,50–1,50 m" }, "geometry": { "type": "MultiLineString", "coordinates": [ [ [ -48.6600736, -20.9232931 ], [ -48.6600755, -20.9232978 ] ] ] } },
{ "type": "Feature", "properties": { "linha_id": 148, "comp_m": 0.64, "ini_m": 25.8, "fim_m": 26.44, "faixa_id": 2, "classe": "0.50–1.50 m", "_coa_length_m": 0.64, "_coa_class": "0,50–1,50 m" }, "geometry": { "type": "MultiLineString", "coordinates": [ [ [ -48.6619308, -20.9264874 ], [ -48.6619369, -20.9264879 ] ] ] } },
{ "type": "Feature", "properties": { "linha_id": 148, "comp_m": 0.64, "ini_m": 27.16, "fim_m": 27.8, "faixa_id": 2, "classe": "0.50–1.50 m", "_coa_length_m": 0.64, "_coa_class": "0,50–1,50 m" }, "geometry": { "type": "MultiLineString", "coordinates": [ [ [ -48.6619438, -20.9264883 ], [ -48.6619499, -20.9264887 ] ] ] } },
{ "type": "Feature", "properties": { "linha_id": 148, "comp_m": 1.2, "ini_m": 28.36, "fim_m": 29.56, "faixa_id": 2, "classe": "0.50–1.50 m", "_coa_length_m": 1.2, "_coa_class": "0,50–1,50 m" }, "geometry": { "type": "MultiLineString", "coordinates": [ [ [ -48.6619553, -20.9264891 ], [ -48.6619668, -20.9264897 ] ] ] } },
{ "type": "Feature", "properties": { "linha_id": 151, "comp_m": 1.04, "ini_m": 4.28, "fim_m": 5.32, "faixa_id": 2, "classe": "0.50–1.50 m", "_coa_length_m": 1.04, "_coa_class": "0,50–1,50 m" }, "geometry": { "type": "MultiLineString", "coordinates": [ [ [ -48.6623543, -20.92656 ], [ -48.6623548, -20.9265694 ] ] ] } },
{ "type": "Feature", "properties": { "linha_id": 152, "comp_m": 1.04, "ini_m": 2.52, "fim_m": 3.56, "faixa_id": 2, "classe": "0.50–1.50 m", "_coa_length_m": 1.04, "_coa_class": "0,50–1,50 m" }, "geometry": { "type": "MultiLineString", "coordinates": [ [ [ -48.6623386, -20.9265397 ], [ -48.6623392, -20.9265491 ] ] ] } },
{ "type": "Feature", "properties": { "linha_id": 155, "comp_m": 1.6, "ini_m": 5.72, "fim_m": 7.32, "faixa_id": 3, "classe": "1.50–3.00 m", "_coa_length_m": 1.599, "_coa_class": "1,50–3,00 m" }, "geometry": { "type": "MultiLineString", "coordinates": [ [ [ -48.6623103, -20.9265595 ], [ -48.6623113, -20.9265739 ] ] ] } },
{ "type": "Feature", "properties": { "linha_id": 155, "comp_m": 0.653, "ini_m": 11.96, "fim_m": 12.613, "faixa_id": 2, "classe": "0.50–1.50 m", "_coa_length_m": 0.653, "_coa_class": "0,50–1,50 m" }, "geometry": { "type": "MultiLineString", "coordinates": [ [ [ -48.6623137, -20.9266157 ], [ -48.6623135, -20.9266216 ] ] ] } },
{ "type": "Feature", "properties": { "linha_id": 166, "comp_m": 2.0, "ini_m": 25.56, "fim_m": 27.56, "faixa_id": 3, "classe": "1.50–3.00 m", "_coa_length_m": 1.999, "_coa_class": "1,50–3,00 m" }, "geometry": { "type": "MultiLineString", "coordinates": [ [ [ -48.6622129, -20.9267246 ], [ -48.6622133, -20.9267427 ] ] ] } },
{ "type": "Feature", "properties": { "linha_id": 170, "comp_m": 0.8, "ini_m": 5.32, "fim_m": 6.12, "faixa_id": 2, "classe": "0.50–1.50 m", "_coa_length_m": 0.8, "_coa_class": "0,50–1,50 m" }, "geometry": { "type": "MultiLineString", "coordinates": [ [ [ -48.6621636, -20.9265391 ], [ -48.6621641, -20.9265463 ] ] ] } },
{ "type": "Feature", "properties": { "linha_id": 170, "comp_m": 1.238, "ini_m": 32.2, "fim_m": 33.438, "faixa_id": 2, "classe": "0.50–1.50 m", "_coa_length_m": 1.237, "_coa_class": "0,50–1,50 m" }, "geometry": { "type": "MultiLineString", "coordinates": [ [ [ -48.6621731, -20.9267816 ], [ -48.662174, -20.9267927 ] ] ] } },
{ "type": "Feature", "properties": { "linha_id": 176, "comp_m": 1.455, "ini_m": 40.12, "fim_m": 41.575, "faixa_id": 2, "classe": "0.50–1.50 m", "_coa_length_m": 1.455, "_coa_class": "0,50–1,50 m" }, "geometry": { "type": "MultiLineString", "coordinates": [ [ [ -48.6621129, -20.9268541 ], [ -48.662113, -20.9268672 ] ] ] } },
{ "type": "Feature", "properties": { "linha_id": 178, "comp_m": 3.36, "ini_m": 12.52, "fim_m": 15.88, "faixa_id": 4, "classe": "3.00–5.00 m", "_coa_length_m": 3.359, "_coa_class": "3,00–5,00 m" }, "geometry": { "type": "MultiLineString", "coordinates": [ [ [ -48.662094, -20.9266055 ], [ -48.6620952, -20.9266358 ] ] ] } },
{ "type": "Feature", "properties": { "linha_id": 181, "comp_m": 0.72, "ini_m": 19.4, "fim_m": 20.12, "faixa_id": 2, "classe": "0.50–1.50 m", "_coa_length_m": 0.72, "_coa_class": "0,50–1,50 m" }, "geometry": { "type": "MultiLineString", "coordinates": [ [ [ -48.6620673, -20.9266807 ], [ -48.6620674, -20.9266872 ] ] ] } },
{ "type": "Feature", "properties": { "linha_id": 181, "comp_m": 1.344, "ini_m": 41.72, "fim_m": 43.064, "faixa_id": 2, "classe": "0.50–1.50 m", "_coa_length_m": 1.344, "_coa_class": "0,50–1,50 m" }, "geometry": { "type": "MultiLineString", "coordinates": [ [ [ -48.6620704, -20.9268822 ], [ -48.6620705, -20.9268943 ] ] ] } },
{ "type": "Feature", "properties": { "linha_id": 182, "comp_m": 0.56, "ini_m": 27.8, "fim_m": 28.36, "faixa_id": 2, "classe": "0.50–1.50 m", "_coa_length_m": 0.56, "_coa_class": "0,50–1,50 m" }, "geometry": { "type": "MultiLineString", "coordinates": [ [ [ -48.6620642, -20.9261674 ], [ -48.6620681, -20.9261709 ] ] ] } },
{ "type": "Feature", "properties": { "linha_id": 183, "comp_m": 0.8, "ini_m": 34.12, "fim_m": 34.92, "faixa_id": 2, "classe": "0.50–1.50 m", "_coa_length_m": 0.8, "_coa_class": "0,50–1,50 m" }, "geometry": { "type": "MultiLineString", "coordinates": [ [ [ -48.6620546, -20.9268134 ], [ -48.6620547, -20.9268206 ] ] ] } },
{ "type": "Feature", "properties": { "linha_id": 183, "comp_m": 1.05, "ini_m": 45.56, "fim_m": 46.61, "faixa_id": 2, "classe": "0.50–1.50 m", "_coa_length_m": 1.05, "_coa_class": "0,50–1,50 m" }, "geometry": { "type": "MultiLineString", "coordinates": [ [ [ -48.6620597, -20.9269165 ], [ -48.6620594, -20.926926 ] ] ] } },
{ "type": "Feature", "properties": { "linha_id": 185, "comp_m": 0.96, "ini_m": 11.16, "fim_m": 12.12, "faixa_id": 2, "classe": "0.50–1.50 m", "_coa_length_m": 0.96, "_coa_class": "0,50–1,50 m" }, "geometry": { "type": "MultiLineString", "coordinates": [ [ [ -48.6620214, -20.9266088 ], [ -48.6620219, -20.9266175 ] ] ] } },
{ "type": "Feature", "properties": { "linha_id": 185, "comp_m": 0.72, "ini_m": 25.0, "fim_m": 25.72, "faixa_id": 2, "classe": "0.50–1.50 m", "_coa_length_m": 0.72, "_coa_class": "0,50–1,50 m" }, "geometry": { "type": "MultiLineString", "coordinates": [ [ [ -48.6620241, -20.9267337 ], [ -48.6620242, -20.9267402 ] ] ] } },
{ "type": "Feature", "properties": { "linha_id": 188, "comp_m": 0.817, "ini_m": 19.88, "fim_m": 20.697, "faixa_id": 2, "classe": "0.50–1.50 m", "_coa_length_m": 0.817, "_coa_class": "0,50–1,50 m" }, "geometry": { "type": "MultiLineString", "coordinates": [ [ [ -48.6620112, -20.9261618 ], [ -48.6620174, -20.9261663 ] ] ] } },
{ "type": "Feature", "properties": { "linha_id": 189, "comp_m": 0.89, "ini_m": 52.6, "fim_m": 53.49, "faixa_id": 2, "classe": "0.50–1.50 m", "_coa_length_m": 0.89, "_coa_class": "0,50–1,50 m" }, "geometry": { "type": "MultiLineString", "coordinates": [ [ [ -48.6620024, -20.9269802 ], [ -48.6620028, -20.9269882 ] ] ] } },
{ "type": "Feature", "properties": { "linha_id": 192, "comp_m": 1.396, "ini_m": 55.96, "fim_m": 57.356, "faixa_id": 2, "classe": "0.50–1.50 m", "_coa_length_m": 1.395, "_coa_class": "0,50–1,50 m" }, "geometry": { "type": "MultiLineString", "coordinates": [ [ [ -48.6619727, -20.9269975 ], [ -48.6619731, -20.9270101 ] ] ] } },
{ "type": "Feature", "properties": { "linha_id": 193, "comp_m": 2.16, "ini_m": 36.12, "fim_m": 38.28, "faixa_id": 3, "classe": "1.50–3.00 m", "_coa_length_m": 2.159, "_coa_class": "1,50–3,00 m" }, "geometry": { "type": "MultiLineString", "coordinates": [ [ [ -48.6619549, -20.926818 ], [ -48.6619553, -20.9268375 ] ] ] } },
{ "type": "Feature", "properties": { "linha_id": 193, "comp_m": 1.04, "ini_m": 57.48, "fim_m": 58.52, "faixa_id": 2, "classe": "0.50–1.50 m", "_coa_length_m": 1.04, "_coa_class": "0,50–1,50 m" }, "geometry": { "type": "MultiLineString", "coordinates": [ [ [ -48.6619594, -20.9270108 ], [ -48.6619596, -20.9270202 ] ] ] } },
{ "type": "Feature", "properties": { "linha_id": 195, "comp_m": 4.552, "ini_m": 57.48, "fim_m": 62.032, "faixa_id": 4, "classe": "3.00–5.00 m", "_coa_length_m": 4.55, "_coa_class": "3,00–5,00 m" }, "geometry": { "type": "MultiLineString", "coordinates": [ [ [ -48.6619447, -20.9270103 ], [ -48.6619461, -20.927038 ], [ -48.6619453, -20.9270514 ] ] ] } },
{ "type": "Feature", "properties": { "linha_id": 198, "comp_m": 0.929, "ini_m": 64.68, "fim_m": 65.609, "faixa_id": 2, "classe": "0.50–1.50 m", "_coa_length_m": 0.928, "_coa_class": "0,50–1,50 m" }, "geometry": { "type": "MultiLineString", "coordinates": [ [ [ -48.6619169, -20.9270739 ], [ -48.6619171, -20.9270823 ] ] ] } },
{ "type": "Feature", "properties": { "linha_id": 200, "comp_m": 2.14, "ini_m": 67.64, "fim_m": 69.78, "faixa_id": 3, "classe": "1.50–3.00 m", "_coa_length_m": 2.139, "_coa_class": "1,50–3,00 m" }, "geometry": { "type": "MultiLineString", "coordinates": [ [ [ -48.6618895, -20.927092 ], [ -48.6618908, -20.9271105 ], [ -48.6618908, -20.9271112 ] ] ] } },
{ "type": "Feature", "properties": { "linha_id": 203, "comp_m": 1.36, "ini_m": 31.8, "fim_m": 33.16, "faixa_id": 2, "classe": "0.50–1.50 m", "_coa_length_m": 1.36, "_coa_class": "0,50–1,50 m" }, "geometry": { "type": "MultiLineString", "coordinates": [ [ [ -48.6618378, -20.9267546 ], [ -48.661838, -20.9267669 ] ] ] } },
{ "type": "Feature", "properties": { "linha_id": 203, "comp_m": 2.32, "ini_m": 72.28, "fim_m": 74.6, "faixa_id": 3, "classe": "1.50–3.00 m", "_coa_length_m": 2.319, "_coa_class": "1,50–3,00 m" }, "geometry": { "type": "MultiLineString", "coordinates": [ [ [ -48.6618432, -20.9271201 ], [ -48.6618427, -20.927141 ] ] ] } },
{ "type": "Feature", "properties": { "linha_id": 204, "comp_m": 0.88, "ini_m": 32.92, "fim_m": 33.8, "faixa_id": 2, "classe": "0.50–1.50 m", "_coa_length_m": 0.88, "_coa_class": "0,50–1,50 m" }, "geometry": { "type": "MultiLineString", "coordinates": [ [ [ -48.6618238, -20.9267688 ], [ -48.6618239, -20.9267768 ] ] ] } },
{ "type": "Feature", "properties": { "linha_id": 204, "comp_m": 1.6, "ini_m": 71.4, "fim_m": 73.0, "faixa_id": 3, "classe": "1.50–3.00 m", "_coa_length_m": 1.599, "_coa_class": "1,50–3,00 m" }, "geometry": { "type": "MultiLineString", "coordinates": [ [ [ -48.66183, -20.9271162 ], [ -48.6618298, -20.9271306 ] ] ] } },
{ "type": "Feature", "properties": { "linha_id": 204, "comp_m": 2.074, "ini_m": 75.48, "fim_m": 77.554, "faixa_id": 3, "classe": "1.50–3.00 m", "_coa_length_m": 2.073, "_coa_class": "1,50–3,00 m" }, "geometry": { "type": "MultiLineString", "coordinates": [ [ [ -48.6618306, -20.927153 ], [ -48.6618313, -20.9271605 ], [ -48.6618311, -20.9271689 ], [ -48.6618298, -20.9271714 ] ] ] } },
{ "type": "Feature", "properties": { "linha_id": 205, "comp_m": 1.92, "ini_m": 68.76, "fim_m": 70.68, "faixa_id": 3, "classe": "1.50–3.00 m", "_coa_length_m": 1.919, "_coa_class": "1,50–3,00 m" }, "geometry": { "type": "MultiLineString", "coordinates": [ [ [ -48.6618144, -20.9270771 ], [ -48.6618147, -20.9270944 ] ] ] } },
{ "type": "Feature", "properties": { "linha_id": 205, "comp_m": 0.72, "ini_m": 76.44, "fim_m": 77.16, "faixa_id": 2, "classe": "0.50–1.50 m", "_coa_length_m": 0.72, "_coa_class": "0,50–1,50 m" }, "geometry": { "type": "MultiLineString", "coordinates": [ [ [ -48.6618156, -20.9271464 ], [ -48.6618157, -20.9271529 ] ] ] } },
{ "type": "Feature", "properties": { "linha_id": 206, "comp_m": 1.04, "ini_m": 75.56, "fim_m": 76.6, "faixa_id": 2, "classe": "0.50–1.50 m", "_coa_length_m": 1.04, "_coa_class": "0,50–1,50 m" }, "geometry": { "type": "MultiLineString", "coordinates": [ [ [ -48.6618008, -20.9271403 ], [ -48.6618009, -20.9271497 ] ] ] } },
{ "type": "Feature", "properties": { "linha_id": 207, "comp_m": 0.56, "ini_m": 73.64, "fim_m": 74.2, "faixa_id": 2, "classe": "0.50–1.50 m", "_coa_length_m": 0.56, "_coa_class": "0,50–1,50 m" }, "geometry": { "type": "MultiLineString", "coordinates": [ [ [ -48.6617859, -20.9271141 ], [ -48.6617859, -20.9271192 ] ] ] } },
{ "type": "Feature", "properties": { "linha_id": 207, "comp_m": 0.72, "ini_m": 75.8, "fim_m": 76.52, "faixa_id": 2, "classe": "0.50–1.50 m", "_coa_length_m": 0.72, "_coa_class": "0,50–1,50 m" }, "geometry": { "type": "MultiLineString", "coordinates": [ [ [ -48.6617858, -20.9271336 ], [ -48.6617857, -20.9271401 ] ] ] } },
{ "type": "Feature", "properties": { "linha_id": 207, "comp_m": 0.602, "ini_m": 78.12, "fim_m": 78.722, "faixa_id": 2, "classe": "0.50–1.50 m", "_coa_length_m": 0.601, "_coa_class": "0,50–1,50 m" }, "geometry": { "type": "MultiLineString", "coordinates": [ [ [ -48.6617856, -20.9271546 ], [ -48.6617855, -20.92716 ] ] ] } },
{ "type": "Feature", "properties": { "linha_id": 208, "comp_m": 1.442, "ini_m": 78.12, "fim_m": 79.562, "faixa_id": 2, "classe": "0.50–1.50 m", "_coa_length_m": 1.441, "_coa_class": "0,50–1,50 m" }, "geometry": { "type": "MultiLineString", "coordinates": [ [ [ -48.6617707, -20.9271407 ], [ -48.6617708, -20.9271537 ] ] ] } },
{ "type": "Feature", "properties": { "linha_id": 209, "comp_m": 0.88, "ini_m": 70.2, "fim_m": 71.08, "faixa_id": 2, "classe": "0.50–1.50 m", "_coa_length_m": 0.88, "_coa_class": "0,50–1,50 m" }, "geometry": { "type": "MultiLineString", "coordinates": [ [ [ -48.6617561, -20.9270601 ], [ -48.661756, -20.927068 ] ] ] } },
{ "type": "Feature", "properties": { "linha_id": 211, "comp_m": 2.368, "ini_m": 77.72, "fim_m": 80.088, "faixa_id": 3, "classe": "1.50–3.00 m", "_coa_length_m": 2.367, "_coa_class": "1,50–3,00 m" }, "geometry": { "type": "MultiLineString", "coordinates": [ [ [ -48.6617271, -20.927107 ], [ -48.6617273, -20.9271284 ] ] ] } },
{ "type": "Feature", "properties": { "linha_id": 212, "comp_m": 1.345, "ini_m": 79.4, "fim_m": 80.745, "faixa_id": 2, "classe": "0.50–1.50 m", "_coa_length_m": 1.345, "_coa_class": "0,50–1,50 m" }, "geometry": { "type": "MultiLineString", "coordinates": [ [ [ -48.6617134, -20.9271197 ], [ -48.6617128, -20.9271318 ] ] ] } },
{ "type": "Feature", "properties": { "linha_id": 213, "comp_m": 0.623, "ini_m": 80.36, "fim_m": 80.983, "faixa_id": 2, "classe": "0.50–1.50 m", "_coa_length_m": 0.623, "_coa_class": "0,50–1,50 m" }, "geometry": { "type": "MultiLineString", "coordinates": [ [ [ -48.6616981, -20.9271247 ], [ -48.6616978, -20.9271303 ] ] ] } },
{ "type": "Feature", "properties": { "linha_id": 214, "comp_m": 0.8, "ini_m": 114.52, "fim_m": 115.32, "faixa_id": 2, "classe": "0.50–1.50 m", "_coa_length_m": 0.8, "_coa_class": "0,50–1,50 m" }, "geometry": { "type": "MultiLineString", "coordinates": [ [ [ -48.6596829, -20.9226647 ], [ -48.6596868, -20.922671 ] ] ] } },
{ "type": "Feature", "properties": { "linha_id": 214, "comp_m": 0.8, "ini_m": 116.36, "fim_m": 117.16, "faixa_id": 2, "classe": "0.50–1.50 m", "_coa_length_m": 0.8, "_coa_class": "0,50–1,50 m" }, "geometry": { "type": "MultiLineString", "coordinates": [ [ [ -48.6596919, -20.9226791 ], [ -48.6596958, -20.9226853 ] ] ] } },
{ "type": "Feature", "properties": { "linha_id": 214, "comp_m": 0.88, "ini_m": 169.32, "fim_m": 170.2, "faixa_id": 2, "classe": "0.50–1.50 m", "_coa_length_m": 0.88, "_coa_class": "0,50–1,50 m" }, "geometry": { "type": "MultiLineString", "coordinates": [ [ [ -48.6599479, -20.9230921 ], [ -48.6599521, -20.923099 ] ] ] } },
{ "type": "Feature", "properties": { "linha_id": 214, "comp_m": 0.88, "ini_m": 213.08, "fim_m": 213.96, "faixa_id": 2, "classe": "0.50–1.50 m", "_coa_length_m": 0.88, "_coa_class": "0,50–1,50 m" }, "geometry": { "type": "MultiLineString", "coordinates": [ [ [ -48.6600951, -20.9234574 ], [ -48.6600955, -20.9234654 ] ] ] } },
{ "type": "Feature", "properties": { "linha_id": 214, "comp_m": 0.64, "ini_m": 401.24, "fim_m": 401.88, "faixa_id": 2, "classe": "0.50–1.50 m", "_coa_length_m": 0.64, "_coa_class": "0,50–1,50 m" }, "geometry": { "type": "MultiLineString", "coordinates": [ [ [ -48.660837, -20.924728 ], [ -48.6608429, -20.9247298 ] ] ] } },
{ "type": "Feature", "properties": { "linha_id": 214, "comp_m": 0.72, "ini_m": 479.32, "fim_m": 480.04, "faixa_id": 2, "classe": "0.50–1.50 m", "_coa_length_m": 0.72, "_coa_class": "0,50–1,50 m" }, "geometry": { "type": "MultiLineString", "coordinates": [ [ [ -48.6613326, -20.9252219 ], [ -48.6613345, -20.9252282 ] ] ] } },
{ "type": "Feature", "properties": { "linha_id": 214, "comp_m": 1.04, "ini_m": 540.28, "fim_m": 541.32, "faixa_id": 2, "classe": "0.50–1.50 m", "_coa_length_m": 1.04, "_coa_class": "0,50–1,50 m" }, "geometry": { "type": "MultiLineString", "coordinates": [ [ [ -48.661466, -20.925756 ], [ -48.6614672, -20.9257631 ], [ -48.6614677, -20.9257652 ] ] ] } },
{ "type": "Feature", "properties": { "linha_id": 215, "comp_m": 1.08, "ini_m": 0.0, "fim_m": 1.08, "faixa_id": 2, "classe": "0.50–1.50 m", "_coa_length_m": 1.08, "_coa_class": "0,50–1,50 m" }, "geometry": { "type": "MultiLineString", "coordinates": [ [ [ -48.6616487, -20.9263661 ], [ -48.6616499, -20.9263758 ] ] ] } },
{ "type": "Feature", "properties": { "linha_id": 215, "comp_m": 0.8, "ini_m": 76.92, "fim_m": 77.72, "faixa_id": 2, "classe": "0.50–1.50 m", "_coa_length_m": 0.8, "_coa_class": "0,50–1,50 m" }, "geometry": { "type": "MultiLineString", "coordinates": [ [ [ -48.6616835, -20.9270593 ], [ -48.6616836, -20.9270665 ] ] ] } },
{ "type": "Feature", "properties": { "linha_id": 215, "comp_m": 2.071, "ini_m": 83.48, "fim_m": 85.551, "faixa_id": 3, "classe": "1.50–3.00 m", "_coa_length_m": 2.07, "_coa_class": "1,50–3,00 m" }, "geometry": { "type": "MultiLineString", "coordinates": [ [ [ -48.6616843, -20.9271185 ], [ -48.6616843, -20.9271199 ], [ -48.6616849, -20.9271286 ], [ -48.6616882, -20.9271366 ] ] ] } },
{ "type": "Feature", "properties": { "linha_id": 216, "comp_m": 1.827, "ini_m": 85.16, "fim_m": 86.987, "faixa_id": 3, "classe": "1.50–3.00 m", "_coa_length_m": 1.826, "_coa_class": "1,50–3,00 m" }, "geometry": { "type": "MultiLineString", "coordinates": [ [ [ -48.6616714, -20.9271163 ], [ -48.6616737, -20.9271326 ] ] ] } },
{ "type": "Feature", "properties": { "linha_id": 217, "comp_m": 1.12, "ini_m": 83.64, "fim_m": 84.76, "faixa_id": 2, "classe": "0.50–1.50 m", "_coa_length_m": 1.12, "_coa_class": "0,50–1,50 m" }, "geometry": { "type": "MultiLineString", "coordinates": [ [ [ -48.661654, -20.92709 ], [ -48.661654, -20.9271002 ] ] ] } },
{ "type": "Feature", "properties": { "linha_id": 217, "comp_m": 1.151, "ini_m": 87.08, "fim_m": 88.231, "faixa_id": 2, "classe": "0.50–1.50 m", "_coa_length_m": 1.151, "_coa_class": "0,50–1,50 m" }, "geometry": { "type": "MultiLineString", "coordinates": [ [ [ -48.6616566, -20.9271209 ], [ -48.6616566, -20.9271211 ], [ -48.6616598, -20.9271309 ] ] ] } },
{ "type": "Feature", "properties": { "linha_id": 218, "comp_m": 2.029, "ini_m": 87.16, "fim_m": 89.189, "faixa_id": 3, "classe": "1.50–3.00 m", "_coa_length_m": 2.028, "_coa_class": "1,50–3,00 m" }, "geometry": { "type": "MultiLineString", "coordinates": [ [ [ -48.6616379, -20.9270881 ], [ -48.6616362, -20.9271064 ] ] ] } },
{ "type": "Feature", "properties": { "linha_id": 221, "comp_m": 0.8, "ini_m": 88.28, "fim_m": 89.08, "faixa_id": 2, "classe": "0.50–1.50 m", "_coa_length_m": 0.8, "_coa_class": "0,50–1,50 m" }, "geometry": { "type": "MultiLineString", "coordinates": [ [ [ -48.6600065, -20.9239938 ], [ -48.6600046, -20.9240008 ] ] ] } },
{ "type": "Feature", "properties": { "linha_id": 221, "comp_m": 0.8, "ini_m": 205.72, "fim_m": 206.52, "faixa_id": 2, "classe": "0.50–1.50 m", "_coa_length_m": 0.8, "_coa_class": "0,50–1,50 m" }, "geometry": { "type": "MultiLineString", "coordinates": [ [ [ -48.6605385, -20.9247166 ], [ -48.6605455, -20.9247197 ] ] ] } },
{ "type": "Feature", "properties": { "linha_id": 221, "comp_m": 1.36, "ini_m": 218.92, "fim_m": 220.28, "faixa_id": 2, "classe": "0.50–1.50 m", "_coa_length_m": 1.36, "_coa_class": "0,50–1,50 m" }, "geometry": { "type": "MultiLineString", "coordinates": [ [ [ -48.6606509, -20.9247717 ], [ -48.6606621, -20.924778 ] ] ] } },
{ "type": "Feature", "properties": { "linha_id": 221, "comp_m": 3.526, "ini_m": 501.88, "fim_m": 505.406, "faixa_id": 4, "classe": "3.00–5.00 m", "_coa_length_m": 3.525, "_coa_class": "3,00–5,00 m" }, "geometry": { "type": "MultiLineString", "coordinates": [ [ [ -48.66161, -20.9270463 ], [ -48.6616085, -20.9270781 ] ] ] } },
{ "type": "Feature", "properties": { "linha_id": 222, "comp_m": 0.56, "ini_m": 28.36, "fim_m": 28.92, "faixa_id": 2, "classe": "0.50–1.50 m", "_coa_length_m": 0.56, "_coa_class": "0,50–1,50 m" }, "geometry": { "type": "MultiLineString", "coordinates": [ [ [ -48.6600189, -20.9233993 ], [ -48.6600193, -20.9234044 ] ] ] } },
{ "type": "Feature", "properties": { "linha_id": 222, "comp_m": 0.64, "ini_m": 30.12, "fim_m": 30.76, "faixa_id": 2, "classe": "0.50–1.50 m", "_coa_length_m": 0.64, "_coa_class": "0,50–1,50 m" }, "geometry": { "type": "MultiLineString", "coordinates": [ [ [ -48.66002, -20.9234152 ], [ -48.6600204, -20.923421 ] ] ] } },
{ "type": "Feature", "properties": { "linha_id": 222, "comp_m": 0.8, "ini_m": 71.0, "fim_m": 71.8, "faixa_id": 2, "classe": "0.50–1.50 m", "_coa_length_m": 0.8, "_coa_class": "0,50–1,50 m" }, "geometry": { "type": "MultiLineString", "coordinates": [ [ [ -48.660029, -20.923784 ], [ -48.6600284, -20.9237912 ] ] ] } },
{ "type": "Feature", "properties": { "linha_id": 222, "comp_m": 0.8, "ini_m": 207.48, "fim_m": 208.28, "faixa_id": 2, "classe": "0.50–1.50 m", "_coa_length_m": 0.8, "_coa_class": "0,50–1,50 m" }, "geometry": { "type": "MultiLineString", "coordinates": [ [ [ -48.6604775, -20.924704 ], [ -48.6604787, -20.9247045 ], [ -48.6604845, -20.9247072 ] ] ] } },
{ "type": "Feature", "properties": { "linha_id": 222, "comp_m": 0.56, "ini_m": 212.92, "fim_m": 213.48, "faixa_id": 2, "classe": "0.50–1.50 m", "_coa_length_m": 0.56, "_coa_class": "0,50–1,50 m" }, "geometry": { "type": "MultiLineString", "coordinates": [ [ [ -48.6605245, -20.9247256 ], [ -48.6605293, -20.9247278 ] ] ] } },
{ "type": "Feature", "properties": { "linha_id": 222, "comp_m": 1.44, "ini_m": 263.88, "fim_m": 265.32, "faixa_id": 2, "classe": "0.50–1.50 m", "_coa_length_m": 1.44, "_coa_class": "0,50–1,50 m" }, "geometry": { "type": "MultiLineString", "coordinates": [ [ [ -48.6609247, -20.9249862 ], [ -48.6609343, -20.9249955 ] ] ] } },
{ "type": "Feature", "properties": { "linha_id": 222, "comp_m": 1.433, "ini_m": 508.44, "fim_m": 509.873, "faixa_id": 2, "classe": "0.50–1.50 m", "_coa_length_m": 1.433, "_coa_class": "0,50–1,50 m" }, "geometry": { "type": "MultiLineString", "coordinates": [ [ [ -48.6615972, -20.9270482 ], [ -48.6615976, -20.9270612 ] ] ] } },
{ "type": "Feature", "properties": { "linha_id": 224, "comp_m": 1.04, "ini_m": 36.76, "fim_m": 37.8, "faixa_id": 2, "classe": "0.50–1.50 m", "_coa_length_m": 1.04, "_coa_class": "0,50–1,50 m" }, "geometry": { "type": "MultiLineString", "coordinates": [ [ [ -48.6600062, -20.9234257 ], [ -48.6600067, -20.9234351 ] ] ] } },
{ "type": "Feature", "properties": { "linha_id": 224, "comp_m": 0.56, "ini_m": 100.2, "fim_m": 100.76, "faixa_id": 2, "classe": "0.50–1.50 m", "_coa_length_m": 0.56, "_coa_class": "0,50–1,50 m" }, "geometry": { "type": "MultiLineString", "coordinates": [ [ [ -48.6599766, -20.9239948 ], [ -48.6599752, -20.9239996 ] ] ] } },
{ "type": "Feature", "properties": { "linha_id": 224, "comp_m": 0.72, "ini_m": 143.8, "fim_m": 144.52, "faixa_id": 2, "classe": "0.50–1.50 m", "_coa_length_m": 0.72, "_coa_class": "0,50–1,50 m" }, "geometry": { "type": "MultiLineString", "coordinates": [ [ [ -48.659917, -20.9243776 ], [ -48.6599191, -20.9243837 ], [ -48.6599191, -20.9243838 ] ] ] } },
{ "type": "Feature", "properties": { "linha_id": 224, "comp_m": 3.908, "ini_m": 511.08, "fim_m": 514.988, "faixa_id": 4, "classe": "3.00–5.00 m", "_coa_length_m": 3.907, "_coa_class": "3,00–5,00 m" }, "geometry": { "type": "MultiLineString", "coordinates": [ [ [ -48.6615816, -20.927022 ], [ -48.6615816, -20.9270225 ], [ -48.6615827, -20.9270487 ], [ -48.6615846, -20.927057 ] ] ] } },
{ "type": "Feature", "properties": { "linha_id": 225, "comp_m": 1.04, "ini_m": 40.68, "fim_m": 41.72, "faixa_id": 2, "classe": "0.50–1.50 m", "_coa_length_m": 1.04, "_coa_class": "0,50–1,50 m" }, "geometry": { "type": "MultiLineString", "coordinates": [ [ [ -48.6599919, -20.9234287 ], [ -48.6599928, -20.9234381 ] ] ] } },
{ "type": "Feature", "properties": { "linha_id": 225, "comp_m": 1.04, "ini_m": 86.52, "fim_m": 87.56, "faixa_id": 2, "classe": "0.50–1.50 m", "_coa_length_m": 1.04, "_coa_class": "0,50–1,50 m" }, "geometry": { "type": "MultiLineString", "coordinates": [ [ [ -48.6599951, -20.9238421 ], [ -48.6599939, -20.9238514 ] ] ] } },
{ "type": "Feature", "properties": { "linha_id": 225, "comp_m": 3.419, "ini_m": 515.08, "fim_m": 518.499, "faixa_id": 4, "classe": "3.00–5.00 m", "_coa_length_m": 3.418, "_coa_class": "3,00–5,00 m" }, "geometry": { "type": "MultiLineString", "coordinates": [ [ [ -48.6615684, -20.9270247 ], [ -48.661572, -20.9270554 ] ] ] } },
{ "type": "Feature", "properties": { "linha_id": 226, "comp_m": 0.96, "ini_m": 245.64, "fim_m": 246.6, "faixa_id": 2, "classe": "0.50–1.50 m", "_coa_length_m": 0.96, "_coa_class": "0,50–1,50 m" }, "geometry": { "type": "MultiLineString", "coordinates": [ [ [ -48.6605871, -20.9248006 ], [ -48.6605952, -20.9248048 ] ] ] } },
{ "type": "Feature", "properties": { "linha_id": 226, "comp_m": 2.48, "ini_m": 522.92, "fim_m": 525.4, "faixa_id": 3, "classe": "1.50–3.00 m", "_coa_length_m": 2.479, "_coa_class": "1,50–3,00 m" }, "geometry": { "type": "MultiLineString", "coordinates": [ [ [ -48.6615524, -20.9270143 ], [ -48.6615548, -20.9270365 ] ] ] } },
{ "type": "Feature", "properties": { "linha_id": 226, "comp_m": 2.88, "ini_m": 526.12, "fim_m": 529.0, "faixa_id": 3, "classe": "1.50–3.00 m", "_coa_length_m": 2.879, "_coa_class": "1,50–3,00 m" }, "geometry": { "type": "MultiLineString", "coordinates": [ [ [ -48.6615553, -20.927043 ], [ -48.6615554, -20.9270437 ], [ -48.6615554, -20.9270457 ], [ -48.6615554, -20.9270478 ], [ -48.6615555, -20.9270498 ], [ -48.6615556, -20.9270518 ], [ -48.6615559, -20.9270538 ], [ -48.6615563, -20.9270555 ], [ -48.6615612, -20.9270681 ] ] ] } },
{ "type": "Feature", "properties": { "linha_id": 227, "comp_m": 0.64, "ini_m": 48.84, "fim_m": 49.48, "faixa_id": 2, "classe": "0.50–1.50 m", "_coa_length_m": 0.64, "_coa_class": "0,50–1,50 m" }, "geometry": { "type": "MultiLineString", "coordinates": [ [ [ -48.6599536, -20.9233598 ], [ -48.6599545, -20.9233655 ] ] ] } },
{ "type": "Feature", "properties": { "linha_id": 227, "comp_m": 1.04, "ini_m": 49.96, "fim_m": 51.0, "faixa_id": 2, "classe": "0.50–1.50 m", "_coa_length_m": 1.04, "_coa_class": "0,50–1,50 m" }, "geometry": { "type": "MultiLineString", "coordinates": [ [ [ -48.6599551, -20.9233698 ], [ -48.6599565, -20.9233791 ] ] ] } },
{ "type": "Feature", "properties": { "linha_id": 227, "comp_m": 0.64, "ini_m": 319.0, "fim_m": 319.64, "faixa_id": 2, "classe": "0.50–1.50 m", "_coa_length_m": 0.64, "_coa_class": "0,50–1,50 m" }, "geometry": { "type": "MultiLineString", "coordinates": [ [ [ -48.661027, -20.925196 ], [ -48.6610305, -20.9252008 ] ] ] } },
{ "type": "Feature", "properties": { "linha_id": 227, "comp_m": 2.358, "ini_m": 530.04, "fim_m": 532.398, "faixa_id": 3, "classe": "1.50–3.00 m", "_coa_length_m": 2.357, "_coa_class": "1,50–3,00 m" }, "geometry": { "type": "MultiLineString", "coordinates": [ [ [ -48.6615349, -20.927006 ], [ -48.6615324, -20.927018 ], [ -48.6615322, -20.927027 ] ] ] } },
{ "type": "Feature", "properties": { "linha_id": 228, "comp_m": 0.8, "ini_m": 1.48, "fim_m": 2.28, "faixa_id": 2, "classe": "0.50–1.50 m", "_coa_length_m": 0.8, "_coa_class": "0,50–1,50 m" }, "geometry": { "type": "MultiLineString", "coordinates": [ [ [ -48.6597913, -20.9228625 ], [ -48.6597944, -20.9228691 ] ] ] } },
{ "type": "Feature", "properties": { "linha_id": 228, "comp_m": 0.64, "ini_m": 13.4, "fim_m": 14.04, "faixa_id": 2, "classe": "0.50–1.50 m", "_coa_length_m": 0.64, "_coa_class": "0,50–1,50 m" }, "geometry": { "type": "MultiLineString", "coordinates": [ [ [ -48.6598335, -20.9229624 ], [ -48.6598356, -20.9229679 ] ] ] } },
{ "type": "Feature", "properties": { "linha_id": 228, "comp_m": 1.36, "ini_m": 60.84, "fim_m": 62.2, "faixa_id": 2, "classe": "0.50–1.50 m", "_coa_length_m": 1.36, "_coa_class": "0,50–1,50 m" }, "geometry": { "type": "MultiLineString", "coordinates": [ [ [ -48.6599434, -20.9233773 ], [ -48.6599451, -20.9233895 ] ] ] } },
{ "type": "Feature", "properties": { "linha_id": 228, "comp_m": 0.88, "ini_m": 70.92, "fim_m": 71.8, "faixa_id": 2, "classe": "0.50–1.50 m", "_coa_length_m": 0.88, "_coa_class": "0,50–1,50 m" }, "geometry": { "type": "MultiLineString", "coordinates": [ [ [ -48.6599518, -20.923468 ], [ -48.6599521, -20.9234724 ], [ -48.6599522, -20.9234759 ] ] ] } },
{ "type": "Feature", "properties": { "linha_id": 228, "comp_m": 0.72, "ini_m": 178.2, "fim_m": 178.92, "faixa_id": 2, "classe": "0.50–1.50 m", "_coa_length_m": 0.72, "_coa_class": "0,50–1,50 m" }, "geometry": { "type": "MultiLineString", "coordinates": [ [ [ -48.6598525, -20.9244217 ], [ -48.6598533, -20.9244237 ], [ -48.6598558, -20.9244274 ] ] ] } },
{ "type": "Feature", "properties": { "linha_id": 228, "comp_m": 4.194, "ini_m": 536.28, "fim_m": 540.474, "faixa_id": 4, "classe": "3.00–5.00 m", "_coa_length_m": 4.192, "_coa_class": "3,00–5,00 m" }, "geometry": { "type": "MultiLineString", "coordinates": [ [ [ -48.6615234, -20.9269704 ], [ -48.6615216, -20.9269911 ], [ -48.661518, -20.9270079 ] ] ] } },
{ "type": "Feature", "properties": { "linha_id": 229, "comp_m": 0.72, "ini_m": 37.0, "fim_m": 37.72, "faixa_id": 2, "classe": "0.50–1.50 m", "_coa_length_m": 0.72, "_coa_class": "0,50–1,50 m" }, "geometry": { "type": "MultiLineString", "coordinates": [ [ [ -48.6598223, -20.9229745 ], [ -48.6598247, -20.9229806 ] ] ] } },
{ "type": "Feature", "properties": { "linha_id": 229, "comp_m": 0.56, "ini_m": 43.4, "fim_m": 43.96, "faixa_id": 2, "classe": "0.50–1.50 m", "_coa_length_m": 0.56, "_coa_class": "0,50–1,50 m" }, "geometry": { "type": "MultiLineString", "coordinates": [ [ [ -48.6598422, -20.9230292 ], [ -48.6598438, -20.923034 ] ] ] } },
{ "type": "Feature", "properties": { "linha_id": 229, "comp_m": 1.2, "ini_m": 131.8, "fim_m": 133.0, "faixa_id": 2, "classe": "0.50–1.50 m", "_coa_length_m": 1.2, "_coa_class": "0,50–1,50 m" }, "geometry": { "type": "MultiLineString", "coordinates": [ [ [ -48.65994, -20.9238166 ], [ -48.6599395, -20.9238236 ], [ -48.6599388, -20.9238274 ] ] ] } },
{ "type": "Feature", "properties": { "linha_id": 229, "comp_m": 1.04, "ini_m": 230.6, "fim_m": 231.64, "faixa_id": 2, "classe": "0.50–1.50 m", "_coa_length_m": 1.04, "_coa_class": "0,50–1,50 m" }, "geometry": { "type": "MultiLineString", "coordinates": [ [ [ -48.660041, -20.9246129 ], [ -48.6600489, -20.9246186 ] ] ] } },
{ "type": "Feature", "properties": { "linha_id": 229, "comp_m": 0.72, "ini_m": 232.68, "fim_m": 233.4, "faixa_id": 2, "classe": "0.50–1.50 m", "_coa_length_m": 0.72, "_coa_class": "0,50–1,50 m" }, "geometry": { "type": "MultiLineString", "coordinates": [ [ [ -48.6600569, -20.9246243 ], [ -48.6600624, -20.9246282 ] ] ] } },
{ "type": "Feature", "properties": { "linha_id": 229, "comp_m": 0.96, "ini_m": 243.4, "fim_m": 244.36, "faixa_id": 2, "classe": "0.50–1.50 m", "_coa_length_m": 0.96, "_coa_class": "0,50–1,50 m" }, "geometry": { "type": "MultiLineString", "coordinates": [ [ [ -48.6601504, -20.9246636 ], [ -48.6601591, -20.9246665 ] ] ] } },
{ "type": "Feature", "properties": { "linha_id": 229, "comp_m": 0.8, "ini_m": 262.36, "fim_m": 263.16, "faixa_id": 2, "classe": "0.50–1.50 m", "_coa_length_m": 0.8, "_coa_class": "0,50–1,50 m" }, "geometry": { "type": "MultiLineString", "coordinates": [ [ [ -48.6603208, -20.9247242 ], [ -48.6603278, -20.9247271 ] ] ] } },
{ "type": "Feature", "properties": { "linha_id": 229, "comp_m": 2.862, "ini_m": 557.56, "fim_m": 560.422, "faixa_id": 3, "classe": "1.50–3.00 m", "_coa_length_m": 2.861, "_coa_class": "1,50–3,00 m" }, "geometry": { "type": "MultiLineString", "coordinates": [ [ [ -48.6615096, -20.926962 ], [ -48.6615067, -20.9269877 ] ] ] } },
{ "type": "Feature", "properties": { "linha_id": 230, "comp_m": 1.098, "ini_m": 566.28, "fim_m": 567.378, "faixa_id": 2, "classe": "0.50–1.50 m", "_coa_length_m": 1.098, "_coa_class": "0,50–1,50 m" }, "geometry": { "type": "MultiLineString", "coordinates": [ [ [ -48.661493, -20.9269679 ], [ -48.661493, -20.926969 ], [ -48.6614941, -20.9269778 ] ] ] } },
{ "type": "Feature", "properties": { "linha_id": 231, "comp_m": 0.72, "ini_m": 13.96, "fim_m": 14.68, "faixa_id": 2, "classe": "0.50–1.50 m", "_coa_length_m": 0.72, "_coa_class": "0,50–1,50 m" }, "geometry": { "type": "MultiLineString", "coordinates": [ [ [ -48.6600451, -20.9233726 ], [ -48.6600459, -20.9233791 ] ] ] } },
{ "type": "Feature", "properties": { "linha_id": 231, "comp_m": 0.88, "ini_m": 71.08, "fim_m": 71.96, "faixa_id": 2, "classe": "0.50–1.50 m", "_coa_length_m": 0.88, "_coa_class": "0,50–1,50 m" }, "geometry": { "type": "MultiLineString", "coordinates": [ [ [ -48.6600456, -20.9238869 ], [ -48.6600441, -20.9238947 ] ] ] } },
{ "type": "Feature", "properties": { "linha_id": 231, "comp_m": 0.64, "ini_m": 113.24, "fim_m": 113.88, "faixa_id": 2, "classe": "0.50–1.50 m", "_coa_length_m": 0.64, "_coa_class": "0,50–1,50 m" }, "geometry": { "type": "MultiLineString", "coordinates": [ [ [ -48.6599485, -20.9242558 ], [ -48.6599477, -20.9242615 ] ] ] } },
{ "type": "Feature", "properties": { "linha_id": 231, "comp_m": 1.52, "ini_m": 234.6, "fim_m": 236.12, "faixa_id": 3, "classe": "1.50–3.00 m", "_coa_length_m": 1.519, "_coa_class": "1,50–3,00 m" }, "geometry": { "type": "MultiLineString", "coordinates": [ [ [ -48.6608364, -20.9248733 ], [ -48.660848, -20.9248816 ] ] ] } },
{ "type": "Feature", "properties": { "linha_id": 232, "comp_m": 0.56, "ini_m": 149.48, "fim_m": 150.04, "faixa_id": 2, "classe": "0.50–1.50 m", "_coa_length_m": 0.56, "_coa_class": "0,50–1,50 m" }, "geometry": { "type": "MultiLineString", "coordinates": [ [ [ -48.6609796, -20.9252256 ], [ -48.6609826, -20.9252298 ] ] ] } },
{ "type": "Feature", "properties": { "linha_id": 233, "comp_m": 1.44, "ini_m": 268.76, "fim_m": 270.2, "faixa_id": 2, "classe": "0.50–1.50 m", "_coa_length_m": 1.44, "_coa_class": "0,50–1,50 m" }, "geometry": { "type": "MultiLineString", "coordinates": [ [ [ -48.6600305, -20.924657 ], [ -48.6600349, -20.9246601 ], [ -48.6600424, -20.9246636 ] ] ] } },
{ "type": "Feature", "properties": { "linha_id": 233, "comp_m": 6.24, "ini_m": 587.0, "fim_m": 593.24, "faixa_id": 5, "classe": "≥ 5.00 m", "_coa_length_m": 6.238, "_coa_class": ">= 5,00 m" }, "geometry": { "type": "MultiLineString", "coordinates": [ [ [ -48.6614638, -20.9269406 ], [ -48.6614624, -20.9269702 ], [ -48.6614601, -20.9269867 ], [ -48.6614665, -20.9269947 ] ] ] } },
{ "type": "Feature", "properties": { "linha_id": 234, "comp_m": 1.28, "ini_m": 112.76, "fim_m": 114.04, "faixa_id": 2, "classe": "0.50–1.50 m", "_coa_length_m": 1.28, "_coa_class": "0,50–1,50 m" }, "geometry": { "type": "MultiLineString", "coordinates": [ [ [ -48.6599632, -20.9243093 ], [ -48.659964, -20.9243208 ] ] ] } },
{ "type": "Feature", "properties": { "linha_id": 234, "comp_m": 0.64, "ini_m": 170.44, "fim_m": 171.08, "faixa_id": 2, "classe": "0.50–1.50 m", "_coa_length_m": 0.64, "_coa_class": "0,50–1,50 m" }, "geometry": { "type": "MultiLineString", "coordinates": [ [ [ -48.6603728, -20.9246166 ], [ -48.6603784, -20.9246188 ] ] ] } },
{ "type": "Feature", "properties": { "linha_id": 235, "comp_m": 0.88, "ini_m": 1.56, "fim_m": 2.44, "faixa_id": 2, "classe": "0.50–1.50 m", "_coa_length_m": 0.88, "_coa_class": "0,50–1,50 m" }, "geometry": { "type": "MultiLineString", "coordinates": [ [ [ -48.6597705, -20.9243971 ], [ -48.6597718, -20.924405 ] ] ] } },
{ "type": "Feature", "properties": { "linha_id": 235, "comp_m": 0.56, "ini_m": 277.08, "fim_m": 277.64, "faixa_id": 2, "classe": "0.50–1.50 m", "_coa_length_m": 0.56, "_coa_class": "0,50–1,50 m" }, "geometry": { "type": "MultiLineString", "coordinates": [ [ [ -48.661382, -20.9262061 ], [ -48.6613829, -20.9262111 ] ] ] } },
{ "type": "Feature", "properties": { "linha_id": 235, "comp_m": 2.88, "ini_m": 358.76, "fim_m": 361.64, "faixa_id": 3, "classe": "1.50–3.00 m", "_coa_length_m": 2.879, "_coa_class": "1,50–3,00 m" }, "geometry": { "type": "MultiLineString", "coordinates": [ [ [ -48.6614501, -20.9269388 ], [ -48.6614499, -20.9269648 ] ] ] } },
{ "type": "Feature", "properties": { "linha_id": 235, "comp_m": 0.537, "ini_m": 362.28, "fim_m": 362.817, "faixa_id": 2, "classe": "0.50–1.50 m", "_coa_length_m": 0.536, "_coa_class": "0,50–1,50 m" }, "geometry": { "type": "MultiLineString", "coordinates": [ [ [ -48.6614498, -20.9269706 ], [ -48.6614498, -20.9269754 ] ] ] } },
{ "type": "Feature", "properties": { "linha_id": 236, "comp_m": 0.68, "ini_m": 0.0, "fim_m": 0.68, "faixa_id": 2, "classe": "0.50–1.50 m", "_coa_length_m": 0.68, "_coa_class": "0,50–1,50 m" }, "geometry": { "type": "MultiLineString", "coordinates": [ [ [ -48.6605311, -20.9246683 ], [ -48.6605365, -20.9246717 ] ] ] } },
{ "type": "Feature", "properties": { "linha_id": 236, "comp_m": 0.64, "ini_m": 106.68, "fim_m": 107.32, "faixa_id": 2, "classe": "0.50–1.50 m", "_coa_length_m": 0.64, "_coa_class": "0,50–1,50 m" }, "geometry": { "type": "MultiLineString", "coordinates": [ [ [ -48.661254, -20.9253256 ], [ -48.6612568, -20.9253307 ] ] ] } },
{ "type": "Feature", "properties": { "linha_id": 237, "comp_m": 0.56, "ini_m": 39.24, "fim_m": 39.8, "faixa_id": 2, "classe": "0.50–1.50 m", "_coa_length_m": 0.56, "_coa_class": "0,50–1,50 m" }, "geometry": { "type": "MultiLineString", "coordinates": [ [ [ -48.6595335, -20.9225542 ], [ -48.659536, -20.9225587 ] ] ] } },
{ "type": "Feature", "properties": { "linha_id": 237, "comp_m": 0.72, "ini_m": 170.84, "fim_m": 171.56, "faixa_id": 2, "classe": "0.50–1.50 m", "_coa_length_m": 0.72, "_coa_class": "0,50–1,50 m" }, "geometry": { "type": "MultiLineString", "coordinates": [ [ [ -48.659873, -20.9236825 ], [ -48.659873, -20.923689 ] ] ] } },
{ "type": "Feature", "properties": { "linha_id": 237, "comp_m": 0.72, "ini_m": 291.56, "fim_m": 292.28, "faixa_id": 2, "classe": "0.50–1.50 m", "_coa_length_m": 0.72, "_coa_class": "0,50–1,50 m" }, "geometry": { "type": "MultiLineString", "coordinates": [ [ [ -48.6599991, -20.9246682 ], [ -48.6600045, -20.9246723 ] ] ] } },
{ "type": "Feature", "properties": { "linha_id": 237, "comp_m": 1.12, "ini_m": 292.92, "fim_m": 294.04, "faixa_id": 2, "classe": "0.50–1.50 m", "_coa_length_m": 1.12, "_coa_class": "0,50–1,50 m" }, "geometry": { "type": "MultiLineString", "coordinates": [ [ [ -48.6600092, -20.924676 ], [ -48.6600113, -20.9246776 ], [ -48.6600181, -20.9246816 ] ] ] } },
{ "type": "Feature", "properties": { "linha_id": 237, "comp_m": 1.68, "ini_m": 294.76, "fim_m": 296.44, "faixa_id": 3, "classe": "1.50–3.00 m", "_coa_length_m": 1.679, "_coa_class": "1,50–3,00 m" }, "geometry": { "type": "MultiLineString", "coordinates": [ [ [ -48.660024, -20.9246851 ], [ -48.6600376, -20.9246932 ] ] ] } },
{ "type": "Feature", "properties": { "linha_id": 237, "comp_m": 0.72, "ini_m": 380.68, "fim_m": 381.4, "faixa_id": 2, "classe": "0.50–1.50 m", "_coa_length_m": 0.72, "_coa_class": "0,50–1,50 m" }, "geometry": { "type": "MultiLineString", "coordinates": [ [ [ -48.6607551, -20.9250371 ], [ -48.6607603, -20.9250413 ] ] ] } },
{ "type": "Feature", "properties": { "linha_id": 237, "comp_m": 0.64, "ini_m": 404.44, "fim_m": 405.08, "faixa_id": 2, "classe": "0.50–1.50 m", "_coa_length_m": 0.64, "_coa_class": "0,50–1,50 m" }, "geometry": { "type": "MultiLineString", "coordinates": [ [ [ -48.6609052, -20.925198 ], [ -48.6609088, -20.9252027 ] ] ] } },
{ "type": "Feature", "properties": { "linha_id": 237, "comp_m": 3.805, "ini_m": 608.04, "fim_m": 611.845, "faixa_id": 4, "classe": "3.00–5.00 m", "_coa_length_m": 3.804, "_coa_class": "3,00–5,00 m" }, "geometry": { "type": "MultiLineString", "coordinates": [ [ [ -48.6614349, -20.9269327 ], [ -48.6614339, -20.926967 ] ] ] } },
{ "type": "Feature", "properties": { "linha_id": 239, "comp_m": 1.36, "ini_m": 57.4, "fim_m": 58.76, "faixa_id": 2, "classe": "0.50–1.50 m", "_coa_length_m": 1.36, "_coa_class": "0,50–1,50 m" }, "geometry": { "type": "MultiLineString", "coordinates": [ [ [ -48.6595247, -20.9225663 ], [ -48.6595308, -20.9225771 ] ] ] } },
{ "type": "Feature", "properties": { "linha_id": 239, "comp_m": 1.68, "ini_m": 167.8, "fim_m": 169.48, "faixa_id": 3, "classe": "1.50–3.00 m", "_coa_length_m": 1.679, "_coa_class": "1,50–3,00 m" }, "geometry": { "type": "MultiLineString", "coordinates": [ [ [ -48.6598517, -20.9235047 ], [ -48.6598523, -20.9235199 ] ] ] } },
{ "type": "Feature", "properties": { "linha_id": 239, "comp_m": 0.64, "ini_m": 218.44, "fim_m": 219.08, "faixa_id": 2, "classe": "0.50–1.50 m", "_coa_length_m": 0.64, "_coa_class": "0,50–1,50 m" }, "geometry": { "type": "MultiLineString", "coordinates": [ [ [ -48.6598238, -20.9239589 ], [ -48.6598221, -20.9239644 ] ] ] } },
{ "type": "Feature", "properties": { "linha_id": 239, "comp_m": 0.8, "ini_m": 264.04, "fim_m": 264.84, "faixa_id": 2, "classe": "0.50–1.50 m", "_coa_length_m": 0.8, "_coa_class": "0,50–1,50 m" }, "geometry": { "type": "MultiLineString", "coordinates": [ [ [ -48.6597419, -20.9243604 ], [ -48.6597424, -20.9243676 ] ] ] } },
{ "type": "Feature", "properties": { "linha_id": 239, "comp_m": 0.64, "ini_m": 313.56, "fim_m": 314.2, "faixa_id": 2, "classe": "0.50–1.50 m", "_coa_length_m": 0.64, "_coa_class": "0,50–1,50 m" }, "geometry": { "type": "MultiLineString", "coordinates": [ [ [ -48.6600222, -20.9246995 ], [ -48.6600276, -20.9247023 ] ] ] } },
{ "type": "Feature", "properties": { "linha_id": 239, "comp_m": 0.56, "ini_m": 314.44, "fim_m": 315.0, "faixa_id": 2, "classe": "0.50–1.50 m", "_coa_length_m": 0.56, "_coa_class": "0,50–1,50 m" }, "geometry": { "type": "MultiLineString", "coordinates": [ [ [ -48.6600296, -20.9247034 ], [ -48.6600343, -20.9247058 ] ] ] } },
{ "type": "Feature", "properties": { "linha_id": 239, "comp_m": 0.64, "ini_m": 378.04, "fim_m": 378.68, "faixa_id": 2, "classe": "0.50–1.50 m", "_coa_length_m": 0.64, "_coa_class": "0,50–1,50 m" }, "geometry": { "type": "MultiLineString", "coordinates": [ [ [ -48.6605857, -20.9249399 ], [ -48.6605909, -20.9249429 ] ] ] } },
{ "type": "Feature", "properties": { "linha_id": 239, "comp_m": 0.64, "ini_m": 494.12, "fim_m": 494.76, "faixa_id": 2, "classe": "0.50–1.50 m", "_coa_length_m": 0.64, "_coa_class": "0,50–1,50 m" }, "geometry": { "type": "MultiLineString", "coordinates": [ [ [ -48.6612197, -20.9257781 ], [ -48.6612221, -20.9257834 ] ] ] } },
{ "type": "Feature", "properties": { "linha_id": 239, "comp_m": 0.72, "ini_m": 504.84, "fim_m": 505.56, "faixa_id": 2, "classe": "0.50–1.50 m", "_coa_length_m": 0.72, "_coa_class": "0,50–1,50 m" }, "geometry": { "type": "MultiLineString", "coordinates": [ [ [ -48.6612569, -20.9258684 ], [ -48.6612591, -20.9258745 ] ] ] } },
{ "type": "Feature", "properties": { "linha_id": 239, "comp_m": 0.56, "ini_m": 522.6, "fim_m": 523.16, "faixa_id": 2, "classe": "0.50–1.50 m", "_coa_length_m": 0.56, "_coa_class": "0,50–1,50 m" }, "geometry": { "type": "MultiLineString", "coordinates": [ [ [ -48.661307, -20.9260216 ], [ -48.6613081, -20.9260255 ], [ -48.6613084, -20.9260265 ] ] ] } },
{ "type": "Feature", "properties": { "linha_id": 239, "comp_m": 0.88, "ini_m": 547.48, "fim_m": 548.36, "faixa_id": 2, "classe": "0.50–1.50 m", "_coa_length_m": 0.88, "_coa_class": "0,50–1,50 m" }, "geometry": { "type": "MultiLineString", "coordinates": [ [ [ -48.6613585, -20.9262409 ], [ -48.6613601, -20.9262487 ] ] ] } },
{ "type": "Feature", "properties": { "linha_id": 239, "comp_m": 0.72, "ini_m": 609.96, "fim_m": 610.68, "faixa_id": 2, "classe": "0.50–1.50 m", "_coa_length_m": 0.72, "_coa_class": "0,50–1,50 m" }, "geometry": { "type": "MultiLineString", "coordinates": [ [ [ -48.6614213, -20.9268004 ], [ -48.6614214, -20.9268024 ], [ -48.6614214, -20.9268069 ] ] ] } },
{ "type": "Feature", "properties": { "linha_id": 239, "comp_m": 1.6, "ini_m": 624.28, "fim_m": 625.88, "faixa_id": 3, "classe": "1.50–3.00 m", "_coa_length_m": 1.599, "_coa_class": "1,50–3,00 m" }, "geometry": { "type": "MultiLineString", "coordinates": [ [ [ -48.6614195, -20.9269296 ], [ -48.6614176, -20.926944 ] ] ] } },
{ "type": "Feature", "properties": { "linha_id": 240, "comp_m": 0.96, "ini_m": 32.6, "fim_m": 33.56, "faixa_id": 2, "classe": "0.50–1.50 m", "_coa_length_m": 0.96, "_coa_class": "0,50–1,50 m" }, "geometry": { "type": "MultiLineString", "coordinates": [ [ [ -48.6608539, -20.9248348 ], [ -48.660861, -20.9248403 ] ] ] } },
{ "type": "Feature", "properties": { "linha_id": 240, "comp_m": 0.56, "ini_m": 119.48, "fim_m": 120.04, "faixa_id": 2, "classe": "0.50–1.50 m", "_coa_length_m": 0.56, "_coa_class": "0,50–1,50 m" }, "geometry": { "type": "MultiLineString", "coordinates": [ [ [ -48.6613416, -20.925463 ], [ -48.6613439, -20.9254675 ] ] ] } },
{ "type": "Feature", "properties": { "linha_id": 241, "comp_m": 0.64, "ini_m": 73.48, "fim_m": 74.12, "faixa_id": 2, "classe": "0.50–1.50 m", "_coa_length_m": 0.64, "_coa_class": "0,50–1,50 m" }, "geometry": { "type": "MultiLineString", "coordinates": [ [ [ -48.6611559, -20.9251333 ], [ -48.6611595, -20.925138 ] ] ] } },
{ "type": "Feature", "properties": { "linha_id": 241, "comp_m": 0.88, "ini_m": 120.36, "fim_m": 121.24, "faixa_id": 2, "classe": "0.50–1.50 m", "_coa_length_m": 0.88, "_coa_class": "0,50–1,50 m" }, "geometry": { "type": "MultiLineString", "coordinates": [ [ [ -48.6613757, -20.9255015 ], [ -48.6613792, -20.9255087 ] ] ] } },
{ "type": "Feature", "properties": { "linha_id": 241, "comp_m": 1.2, "ini_m": 132.44, "fim_m": 133.64, "faixa_id": 2, "classe": "0.50–1.50 m", "_coa_length_m": 1.2, "_coa_class": "0,50–1,50 m" }, "geometry": { "type": "MultiLineString", "coordinates": [ [ [ -48.6614221, -20.9256014 ], [ -48.6614258, -20.9256116 ] ] ] } },
{ "type": "Feature", "properties": { "linha_id": 242, "comp_m": 0.96, "ini_m": 335.72, "fim_m": 336.68, "faixa_id": 2, "classe": "0.50–1.50 m", "_coa_length_m": 0.96, "_coa_class": "0,50–1,50 m" }, "geometry": { "type": "MultiLineString", "coordinates": [ [ [ -48.659897, -20.9246206 ], [ -48.6599038, -20.9246264 ] ] ] } },
{ "type": "Feature", "properties": { "linha_id": 242, "comp_m": 0.88, "ini_m": 358.12, "fim_m": 359.0, "faixa_id": 2, "classe": "0.50–1.50 m", "_coa_length_m": 0.88, "_coa_class": "0,50–1,50 m" }, "geometry": { "type": "MultiLineString", "coordinates": [ [ [ -48.6600715, -20.9247363 ], [ -48.6600794, -20.9247391 ] ] ] } },
{ "type": "Feature", "properties": { "linha_id": 242, "comp_m": 1.04, "ini_m": 658.2, "fim_m": 659.24, "faixa_id": 2, "classe": "0.50–1.50 m", "_coa_length_m": 1.04, "_coa_class": "0,50–1,50 m" }, "geometry": { "type": "MultiLineString", "coordinates": [ [ [ -48.6614054, -20.9269068 ], [ -48.661405, -20.9269162 ] ] ] } },
{ "type": "Feature", "properties": { "linha_id": 242, "comp_m": 2.101, "ini_m": 659.56, "fim_m": 661.661, "faixa_id": 3, "classe": "1.50–3.00 m", "_coa_length_m": 2.1, "_coa_class": "1,50–3,00 m" }, "geometry": { "type": "MultiLineString", "coordinates": [ [ [ -48.6614048, -20.9269191 ], [ -48.6614039, -20.926938 ] ] ] } },
{ "type": "Feature", "properties": { "linha_id": 243, "comp_m": 0.68, "ini_m": 0.0, "fim_m": 0.68, "faixa_id": 2, "classe": "0.50–1.50 m", "_coa_length_m": 0.68, "_coa_class": "0,50–1,50 m" }, "geometry": { "type": "MultiLineString", "coordinates": [ [ [ -48.658956, -20.9219026 ], [ -48.6589576, -20.9219049 ], [ -48.6589601, -20.9219073 ] ] ] } },
{ "type": "Feature", "properties": { "linha_id": 243, "comp_m": 0.88, "ini_m": 657.08, "fim_m": 657.96, "faixa_id": 2, "classe": "0.50–1.50 m", "_coa_length_m": 0.88, "_coa_class": "0,50–1,50 m" }, "geometry": { "type": "MultiLineString", "coordinates": [ [ [ -48.6613913, -20.9269041 ], [ -48.6613911, -20.9269121 ] ] ] } },
{ "type": "Feature", "properties": { "linha_id": 244, "comp_m": 0.56, "ini_m": 45.24, "fim_m": 45.8, "faixa_id": 2, "classe": "0.50–1.50 m", "_coa_length_m": 0.56, "_coa_class": "0,50–1,50 m" }, "geometry": { "type": "MultiLineString", "coordinates": [ [ [ -48.6610329, -20.924954 ], [ -48.6610364, -20.9249579 ] ] ] } },
{ "type": "Feature", "properties": { "linha_id": 244, "comp_m": 0.64, "ini_m": 114.28, "fim_m": 114.92, "faixa_id": 2, "classe": "0.50–1.50 m", "_coa_length_m": 0.64, "_coa_class": "0,50–1,50 m" }, "geometry": { "type": "MultiLineString", "coordinates": [ [ [ -48.6613837, -20.9254808 ], [ -48.6613864, -20.925486 ] ] ] } },
{ "type": "Feature", "properties": { "linha_id": 246, "comp_m": 0.8, "ini_m": 207.64, "fim_m": 208.44, "faixa_id": 2, "classe": "0.50–1.50 m", "_coa_length_m": 0.8, "_coa_class": "0,50–1,50 m" }, "geometry": { "type": "MultiLineString", "coordinates": [ [ [ -48.6598118, -20.923556 ], [ -48.6598119, -20.9235633 ] ] ] } },
{ "type": "Feature", "properties": { "linha_id": 246, "comp_m": 1.36, "ini_m": 220.2, "fim_m": 221.56, "faixa_id": 2, "classe": "0.50–1.50 m", "_coa_length_m": 1.36, "_coa_class": "0,50–1,50 m" }, "geometry": { "type": "MultiLineString", "coordinates": [ [ [ -48.6598149, -20.9236694 ], [ -48.6598154, -20.9236817 ] ] ] } },
{ "type": "Feature", "properties": { "linha_id": 246, "comp_m": 0.56, "ini_m": 413.64, "fim_m": 414.2, "faixa_id": 2, "classe": "0.50–1.50 m", "_coa_length_m": 0.56, "_coa_class": "0,50–1,50 m" }, "geometry": { "type": "MultiLineString", "coordinates": [ [ [ -48.6605373, -20.9249608 ], [ -48.6605419, -20.9249635 ] ] ] } },
{ "type": "Feature", "properties": { "linha_id": 246, "comp_m": 2.96, "ini_m": 423.24, "fim_m": 426.2, "faixa_id": 3, "classe": "1.50–3.00 m", "_coa_length_m": 2.959, "_coa_class": "1,50–3,00 m" }, "geometry": { "type": "MultiLineString", "coordinates": [ [ [ -48.6606163, -20.9250057 ], [ -48.6606175, -20.9250064 ], [ -48.6606394, -20.9250212 ] ] ] } },
{ "type": "Feature", "properties": { "linha_id": 246, "comp_m": 1.04, "ini_m": 537.32, "fim_m": 538.36, "faixa_id": 2, "classe": "0.50–1.50 m", "_coa_length_m": 1.04, "_coa_class": "0,50–1,50 m" }, "geometry": { "type": "MultiLineString", "coordinates": [ [ [ -48.6612051, -20.9258553 ], [ -48.6612057, -20.9258566 ], [ -48.6612086, -20.9258641 ] ] ] } },
{ "type": "Feature", "properties": { "linha_id": 246, "comp_m": 1.12, "ini_m": 544.84, "fim_m": 545.96, "faixa_id": 2, "classe": "0.50–1.50 m", "_coa_length_m": 1.12, "_coa_class": "0,50–1,50 m" }, "geometry": { "type": "MultiLineString", "coordinates": [ [ [ -48.6612298, -20.9259191 ], [ -48.661233, -20.9259288 ] ] ] } },
{ "type": "Feature", "properties": { "linha_id": 246, "comp_m": 1.44, "ini_m": 624.12, "fim_m": 625.56, "faixa_id": 2, "classe": "0.50–1.50 m", "_coa_length_m": 1.44, "_coa_class": "0,50–1,50 m" }, "geometry": { "type": "MultiLineString", "coordinates": [ [ [ -48.6613731, -20.9266206 ], [ -48.6613738, -20.9266336 ] ] ] } },
{ "type": "Feature", "properties": { "linha_id": 246, "comp_m": 1.224, "ini_m": 655.56, "fim_m": 656.784, "faixa_id": 2, "classe": "0.50–1.50 m", "_coa_length_m": 1.223, "_coa_class": "0,50–1,50 m" }, "geometry": { "type": "MultiLineString", "coordinates": [ [ [ -48.6613768, -20.9269044 ], [ -48.6613784, -20.9269153 ] ] ] } },
{ "type": "Feature", "properties": { "linha_id": 249, "comp_m": 1.12, "ini_m": 39.08, "fim_m": 40.2, "faixa_id": 2, "classe": "0.50–1.50 m", "_coa_length_m": 1.12, "_coa_class": "0,50–1,50 m" }, "geometry": { "type": "MultiLineString", "coordinates": [ [ [ -48.6592021, -20.9221789 ], [ -48.6592084, -20.9221871 ] ] ] } },
{ "type": "Feature", "properties": { "linha_id": 249, "comp_m": 1.44, "ini_m": 220.6, "fim_m": 222.04, "faixa_id": 2, "classe": "0.50–1.50 m", "_coa_length_m": 1.44, "_coa_class": "0,50–1,50 m" }, "geometry": { "type": "MultiLineString", "coordinates": [ [ [ -48.6598013, -20.9236871 ], [ -48.6598015, -20.9236913 ], [ -48.6598014, -20.9237001 ] ] ] } },
{ "type": "Feature", "properties": { "linha_id": 249, "comp_m": 1.04, "ini_m": 358.52, "fim_m": 359.56, "faixa_id": 2, "classe": "0.50–1.50 m", "_coa_length_m": 1.04, "_coa_class": "0,50–1,50 m" }, "geometry": { "type": "MultiLineString", "coordinates": [ [ [ -48.6600461, -20.9247713 ], [ -48.6600511, -20.9247734 ], [ -48.6600553, -20.9247748 ] ] ] } },
{ "type": "Feature", "properties": { "linha_id": 249, "comp_m": 1.6, "ini_m": 379.56, "fim_m": 381.16, "faixa_id": 3, "classe": "1.50–3.00 m", "_coa_length_m": 1.599, "_coa_class": "1,50–3,00 m" }, "geometry": { "type": "MultiLineString", "coordinates": [ [ [ -48.6602346, -20.9248399 ], [ -48.6602488, -20.9248454 ] ] ] } },
{ "type": "Feature", "properties": { "linha_id": 249, "comp_m": 1.92, "ini_m": 383.24, "fim_m": 385.16, "faixa_id": 3, "classe": "1.50–3.00 m", "_coa_length_m": 1.919, "_coa_class": "1,50–3,00 m" }, "geometry": { "type": "MultiLineString", "coordinates": [ [ [ -48.6602673, -20.9248526 ], [ -48.660284, -20.9248598 ] ] ] } },
{ "type": "Feature", "properties": { "linha_id": 249, "comp_m": 1.28, "ini_m": 413.08, "fim_m": 414.36, "faixa_id": 2, "classe": "0.50–1.50 m", "_coa_length_m": 1.28, "_coa_class": "0,50–1,50 m" }, "geometry": { "type": "MultiLineString", "coordinates": [ [ [ -48.6605257, -20.9249691 ], [ -48.6605363, -20.9249749 ] ] ] } },
{ "type": "Feature", "properties": { "linha_id": 249, "comp_m": 0.96, "ini_m": 416.76, "fim_m": 417.72, "faixa_id": 2, "classe": "0.50–1.50 m", "_coa_length_m": 0.96, "_coa_class": "0,50–1,50 m" }, "geometry": { "type": "MultiLineString", "coordinates": [ [ [ -48.6605562, -20.924986 ], [ -48.6605641, -20.9249904 ] ] ] } },
{ "type": "Feature", "properties": { "linha_id": 249, "comp_m": 0.88, "ini_m": 428.6, "fim_m": 429.48, "faixa_id": 2, "classe": "0.50–1.50 m", "_coa_length_m": 0.88, "_coa_class": "0,50–1,50 m" }, "geometry": { "type": "MultiLineString", "coordinates": [ [ [ -48.6606518, -20.9250437 ], [ -48.6606585, -20.9250486 ] ] ] } },
{ "type": "Feature", "properties": { "linha_id": 249, "comp_m": 0.8, "ini_m": 439.88, "fim_m": 440.68, "faixa_id": 2, "classe": "0.50–1.50 m", "_coa_length_m": 0.8, "_coa_class": "0,50–1,50 m" }, "geometry": { "type": "MultiLineString", "coordinates": [ [ [ -48.660736, -20.9251078 ], [ -48.6607415, -20.9251128 ] ] ] } },
{ "type": "Feature", "properties": { "linha_id": 249, "comp_m": 1.28, "ini_m": 510.84, "fim_m": 512.12, "faixa_id": 2, "classe": "0.50–1.50 m", "_coa_length_m": 1.28, "_coa_class": "0,50–1,50 m" }, "geometry": { "type": "MultiLineString", "coordinates": [ [ [ -48.6610979, -20.9256472 ], [ -48.6611029, -20.9256577 ] ] ] } },
{ "type": "Feature", "properties": { "linha_id": 249, "comp_m": 0.88, "ini_m": 521.48, "fim_m": 522.36, "faixa_id": 2, "classe": "0.50–1.50 m", "_coa_length_m": 0.88, "_coa_class": "0,50–1,50 m" }, "geometry": { "type": "MultiLineString", "coordinates": [ [ [ -48.6611382, -20.9257355 ], [ -48.6611415, -20.9257428 ] ] ] } },
{ "type": "Feature", "properties": { "linha_id": 249, "comp_m": 0.56, "ini_m": 581.88, "fim_m": 582.44, "faixa_id": 2, "classe": "0.50–1.50 m", "_coa_length_m": 0.56, "_coa_class": "0,50–1,50 m" }, "geometry": { "type": "MultiLineString", "coordinates": [ [ [ -48.6613048, -20.9262566 ], [ -48.6613058, -20.9262615 ] ] ] } },
{ "type": "Feature", "properties": { "linha_id": 249, "comp_m": 4.72, "ini_m": 650.68, "fim_m": 655.4, "faixa_id": 4, "classe": "3.00–5.00 m", "_coa_length_m": 4.718, "_coa_class": "3,00–5,00 m" }, "geometry": { "type": "MultiLineString", "coordinates": [ [ [ -48.6613623, -20.9268739 ], [ -48.6613619, -20.926899 ], [ -48.6613625, -20.9269074 ], [ -48.6613652, -20.9269154 ], [ -48.6613651, -20.9269161 ] ] ] } },
{ "type": "Feature", "properties": { "linha_id": 250, "comp_m": 0.56, "ini_m": 47.24, "fim_m": 47.8, "faixa_id": 2, "classe": "0.50–1.50 m", "_coa_length_m": 0.56, "_coa_class": "0,50–1,50 m" }, "geometry": { "type": "MultiLineString", "coordinates": [ [ [ -48.661116, -20.92501 ], [ -48.661119, -20.9250142 ] ] ] } },
{ "type": "Feature", "properties": { "linha_id": 251, "comp_m": 0.92, "ini_m": 0.0, "fim_m": 0.92, "faixa_id": 2, "classe": "0.50–1.50 m", "_coa_length_m": 0.92, "_coa_class": "0,50–1,50 m" }, "geometry": { "type": "MultiLineString", "coordinates": [ [ [ -48.658932, -20.9219402 ], [ -48.658939, -20.9219452 ] ] ] } },
{ "type": "Feature", "properties": { "linha_id": 251, "comp_m": 0.56, "ini_m": 155.64, "fim_m": 156.2, "faixa_id": 2, "classe": "0.50–1.50 m", "_coa_length_m": 0.56, "_coa_class": "0,50–1,50 m" }, "geometry": { "type": "MultiLineString", "coordinates": [ [ [ -48.6597062, -20.9231224 ], [ -48.6597079, -20.9231272 ] ] ] } },
{ "type": "Feature", "properties": { "linha_id": 251, "comp_m": 0.56, "ini_m": 352.84, "fim_m": 353.4, "faixa_id": 2, "classe": "0.50–1.50 m", "_coa_length_m": 0.56, "_coa_class": "0,50–1,50 m" }, "geometry": { "type": "MultiLineString", "coordinates": [ [ [ -48.6599881, -20.9247586 ], [ -48.6599928, -20.924761 ] ] ] } },
{ "type": "Feature", "properties": { "linha_id": 251, "comp_m": 0.64, "ini_m": 355.4, "fim_m": 356.04, "faixa_id": 2, "classe": "0.50–1.50 m", "_coa_length_m": 0.64, "_coa_class": "0,50–1,50 m" }, "geometry": { "type": "MultiLineString", "coordinates": [ [ [ -48.6600097, -20.9247695 ], [ -48.6600151, -20.9247723 ] ] ] } },
{ "type": "Feature", "properties": { "linha_id": 251, "comp_m": 0.56, "ini_m": 521.24, "fim_m": 521.8, "faixa_id": 2, "classe": "0.50–1.50 m", "_coa_length_m": 0.56, "_coa_class": "0,50–1,50 m" }, "geometry": { "type": "MultiLineString", "coordinates": [ [ [ -48.6611275, -20.9257448 ], [ -48.6611296, -20.9257495 ] ] ] } },
{ "type": "Feature", "properties": { "linha_id": 251, "comp_m": 1.701, "ini_m": 647.8, "fim_m": 649.501, "faixa_id": 3, "classe": "1.50–3.00 m", "_coa_length_m": 1.701, "_coa_class": "1,50–3,00 m" }, "geometry": { "type": "MultiLineString", "coordinates": [ [ [ -48.6613467, -20.9268602 ], [ -48.6613457, -20.9268756 ] ] ] } },
{ "type": "Feature", "properties": { "linha_id": 252, "comp_m": 0.72, "ini_m": 365.88, "fim_m": 366.6, "faixa_id": 2, "classe": "0.50–1.50 m", "_coa_length_m": 0.72, "_coa_class": "0,50–1,50 m" }, "geometry": { "type": "MultiLineString", "coordinates": [ [ [ -48.6600949, -20.9248157 ], [ -48.6601013, -20.924818 ] ] ] } },
{ "type": "Feature", "properties": { "linha_id": 252, "comp_m": 1.44, "ini_m": 375.0, "fim_m": 376.44, "faixa_id": 2, "classe": "0.50–1.50 m", "_coa_length_m": 1.44, "_coa_class": "0,50–1,50 m" }, "geometry": { "type": "MultiLineString", "coordinates": [ [ [ -48.6601761, -20.9248465 ], [ -48.6601889, -20.9248514 ] ] ] } },
{ "type": "Feature", "properties": { "linha_id": 252, "comp_m": 0.64, "ini_m": 377.56, "fim_m": 378.2, "faixa_id": 2, "classe": "0.50–1.50 m", "_coa_length_m": 0.64, "_coa_class": "0,50–1,50 m" }, "geometry": { "type": "MultiLineString", "coordinates": [ [ [ -48.6601989, -20.9248553 ], [ -48.6602046, -20.9248575 ] ] ] } },
{ "type": "Feature", "properties": { "linha_id": 252, "comp_m": 0.88, "ini_m": 547.08, "fim_m": 547.96, "faixa_id": 2, "classe": "0.50–1.50 m", "_coa_length_m": 0.88, "_coa_class": "0,50–1,50 m" }, "geometry": { "type": "MultiLineString", "coordinates": [ [ [ -48.6612013, -20.9259765 ], [ -48.661204, -20.925984 ] ] ] } },
{ "type": "Feature", "properties": { "linha_id": 252, "comp_m": 3.165, "ini_m": 645.0, "fim_m": 648.165, "faixa_id": 4, "classe": "3.00–5.00 m", "_coa_length_m": 3.164, "_coa_class": "3,00–5,00 m" }, "geometry": { "type": "MultiLineString", "coordinates": [ [ [ -48.6613347, -20.926848 ], [ -48.6613334, -20.9268681 ], [ -48.6613351, -20.9268764 ] ] ] } },
{ "type": "Feature", "properties": { "linha_id": 253, "comp_m": 2.48, "ini_m": 136.04, "fim_m": 138.52, "faixa_id": 3, "classe": "1.50–3.00 m", "_coa_length_m": 2.479, "_coa_class": "1,50–3,00 m" }, "geometry": { "type": "MultiLineString", "coordinates": [ [ [ -48.6596234, -20.9229814 ], [ -48.6596263, -20.9229906 ], [ -48.6596315, -20.9230024 ] ] ] } },
{ "type": "Feature", "properties": { "linha_id": 253, "comp_m": 0.64, "ini_m": 141.4, "fim_m": 142.04, "faixa_id": 2, "classe": "0.50–1.50 m", "_coa_length_m": 0.64, "_coa_class": "0,50–1,50 m" }, "geometry": { "type": "MultiLineString", "coordinates": [ [ [ -48.6596419, -20.9230265 ], [ -48.6596442, -20.9230319 ] ] ] } },
{ "type": "Feature", "properties": { "linha_id": 253, "comp_m": 1.28, "ini_m": 142.84, "fim_m": 144.12, "faixa_id": 2, "classe": "0.50–1.50 m", "_coa_length_m": 1.28, "_coa_class": "0,50–1,50 m" }, "geometry": { "type": "MultiLineString", "coordinates": [ [ [ -48.6596471, -20.9230386 ], [ -48.6596517, -20.9230493 ] ] ] } },
{ "type": "Feature", "properties": { "linha_id": 253, "comp_m": 1.2, "ini_m": 373.64, "fim_m": 374.84, "faixa_id": 2, "classe": "0.50–1.50 m", "_coa_length_m": 1.2, "_coa_class": "0,50–1,50 m" }, "geometry": { "type": "MultiLineString", "coordinates": [ [ [ -48.6601542, -20.9248513 ], [ -48.6601649, -20.9248553 ] ] ] } },
{ "type": "Feature", "properties": { "linha_id": 253, "comp_m": 0.72, "ini_m": 378.52, "fim_m": 379.24, "faixa_id": 2, "classe": "0.50–1.50 m", "_coa_length_m": 0.72, "_coa_class": "0,50–1,50 m" }, "geometry": { "type": "MultiLineString", "coordinates": [ [ [ -48.6601975, -20.9248681 ], [ -48.6602039, -20.9248707 ] ] ] } },
{ "type": "Feature", "properties": { "linha_id": 253, "comp_m": 0.64, "ini_m": 400.84, "fim_m": 401.48, "faixa_id": 2, "classe": "0.50–1.50 m", "_coa_length_m": 0.64, "_coa_class": "0,50–1,50 m" }, "geometry": { "type": "MultiLineString", "coordinates": [ [ [ -48.6603932, -20.9249508 ], [ -48.6603987, -20.9249533 ] ] ] } },
{ "type": "Feature", "properties": { "linha_id": 253, "comp_m": 0.72, "ini_m": 555.72, "fim_m": 556.44, "faixa_id": 2, "classe": "0.50–1.50 m", "_coa_length_m": 0.72, "_coa_class": "0,50–1,50 m" }, "geometry": { "type": "MultiLineString", "coordinates": [ [ [ -48.6612115, -20.9260625 ], [ -48.6612132, -20.9260687 ] ] ] } },
{ "type": "Feature", "properties": { "linha_id": 253, "comp_m": 0.8, "ini_m": 558.28, "fim_m": 559.08, "faixa_id": 2, "classe": "0.50–1.50 m", "_coa_length_m": 0.8, "_coa_class": "0,50–1,50 m" }, "geometry": { "type": "MultiLineString", "coordinates": [ [ [ -48.6612182, -20.9260847 ], [ -48.6612204, -20.9260916 ] ] ] } },
{ "type": "Feature", "properties": { "linha_id": 253, "comp_m": 3.36, "ini_m": 639.56, "fim_m": 642.92, "faixa_id": 4, "classe": "3.00–5.00 m", "_coa_length_m": 3.359, "_coa_class": "3,00–5,00 m" }, "geometry": { "type": "MultiLineString", "coordinates": [ [ [ -48.66132, -20.9268099 ], [ -48.6613202, -20.9268255 ], [ -48.6613208, -20.9268402 ] ] ] } },
{ "type": "Feature", "properties": { "linha_id": 253, "comp_m": 4.816, "ini_m": 644.44, "fim_m": 649.256, "faixa_id": 4, "classe": "3.00–5.00 m", "_coa_length_m": 4.814, "_coa_class": "3,00–5,00 m" }, "geometry": { "type": "MultiLineString", "coordinates": [ [ [ -48.6613214, -20.926854 ], [ -48.6613221, -20.9268697 ], [ -48.6613246, -20.9268778 ], [ -48.6613253, -20.9268873 ], [ -48.6613271, -20.9268969 ] ] ] } },
{ "type": "Feature", "properties": { "linha_id": 256, "comp_m": 2.12, "ini_m": 0.0, "fim_m": 2.12, "faixa_id": 3, "classe": "1.50–3.00 m", "_coa_length_m": 2.119, "_coa_class": "1,50–3,00 m" }, "geometry": { "type": "MultiLineString", "coordinates": [ [ [ -48.661281, -20.9264997 ], [ -48.6612839, -20.9265038 ], [ -48.6612878, -20.9265113 ], [ -48.6612893, -20.9265169 ] ] ] } },
{ "type": "Feature", "properties": { "linha_id": 256, "comp_m": 1.76, "ini_m": 10.52, "fim_m": 12.28, "faixa_id": 3, "classe": "1.50–3.00 m", "_coa_length_m": 1.759, "_coa_class": "1,50–3,00 m" }, "geometry": { "type": "MultiLineString", "coordinates": [ [ [ -48.6613, -20.926592 ], [ -48.6613018, -20.9266078 ] ] ] } },
{ "type": "Feature", "properties": { "linha_id": 256, "comp_m": 0.72, "ini_m": 12.68, "fim_m": 13.4, "faixa_id": 2, "classe": "0.50–1.50 m", "_coa_length_m": 0.72, "_coa_class": "0,50–1,50 m" }, "geometry": { "type": "MultiLineString", "coordinates": [ [ [ -48.661302, -20.9266114 ], [ -48.6613021, -20.9266179 ] ] ] } },
{ "type": "Feature", "properties": { "linha_id": 256, "comp_m": 1.514, "ini_m": 37.4, "fim_m": 38.914, "faixa_id": 3, "classe": "1.50–3.00 m", "_coa_length_m": 1.514, "_coa_class": "1,50–3,00 m" }, "geometry": { "type": "MultiLineString", "coordinates": [ [ [ -48.6613056, -20.9268346 ], [ -48.6613054, -20.9268482 ] ] ] } },
{ "type": "Feature", "properties": { "linha_id": 257, "comp_m": 0.529, "ini_m": 56.92, "fim_m": 57.449, "faixa_id": 2, "classe": "0.50–1.50 m", "_coa_length_m": 0.529, "_coa_class": "0,50–1,50 m" }, "geometry": { "type": "MultiLineString", "coordinates": [ [ [ -48.6613151, -20.9252074 ], [ -48.6613179, -20.9252114 ] ] ] } },
{ "type": "Feature", "properties": { "linha_id": 258, "comp_m": 3.4, "ini_m": 0.0, "fim_m": 3.4, "faixa_id": 4, "classe": "3.00–5.00 m", "_coa_length_m": 3.399, "_coa_class": "3,00–5,00 m" }, "geometry": { "type": "MultiLineString", "coordinates": [ [ [ -48.661281, -20.9264997 ], [ -48.6612785, -20.9265046 ], [ -48.6612807, -20.9265298 ] ] ] } },
{ "type": "Feature", "properties": { "linha_id": 258, "comp_m": 1.962, "ini_m": 34.36, "fim_m": 36.322, "faixa_id": 3, "classe": "1.50–3.00 m", "_coa_length_m": 1.961, "_coa_class": "1,50–3,00 m" }, "geometry": { "type": "MultiLineString", "coordinates": [ [ [ -48.6612912, -20.926809 ], [ -48.6612915, -20.9268267 ] ] ] } },
{ "type": "Feature", "properties": { "linha_id": 259, "comp_m": 0.72, "ini_m": 101.4, "fim_m": 102.12, "faixa_id": 2, "classe": "0.50–1.50 m", "_coa_length_m": 0.72, "_coa_class": "0,50–1,50 m" }, "geometry": { "type": "MultiLineString", "coordinates": [ [ [ -48.6594568, -20.9227368 ], [ -48.6594599, -20.9227426 ] ] ] } },
{ "type": "Feature", "properties": { "linha_id": 259, "comp_m": 1.52, "ini_m": 115.08, "fim_m": 116.6, "faixa_id": 3, "classe": "1.50–3.00 m", "_coa_length_m": 1.519, "_coa_class": "1,50–3,00 m" }, "geometry": { "type": "MultiLineString", "coordinates": [ [ [ -48.659514, -20.922848 ], [ -48.6595199, -20.9228605 ] ] ] } },
{ "type": "Feature", "properties": { "linha_id": 259, "comp_m": 0.56, "ini_m": 474.04, "fim_m": 474.6, "faixa_id": 2, "classe": "0.50–1.50 m", "_coa_length_m": 0.56, "_coa_class": "0,50–1,50 m" }, "geometry": { "type": "MultiLineString", "coordinates": [ [ [ -48.6608797, -20.9254219 ], [ -48.6608826, -20.9254262 ] ] ] } },
{ "type": "Feature", "properties": { "linha_id": 259, "comp_m": 3.6, "ini_m": 601.56, "fim_m": 605.16, "faixa_id": 4, "classe": "3.00–5.00 m", "_coa_length_m": 3.599, "_coa_class": "3,00–5,00 m" }, "geometry": { "type": "MultiLineString", "coordinates": [ [ [ -48.6612633, -20.9265066 ], [ -48.6612647, -20.9265142 ], [ -48.6612669, -20.9265389 ] ] ] } },
{ "type": "Feature", "properties": { "linha_id": 259, "comp_m": 0.56, "ini_m": 619.48, "fim_m": 620.04, "faixa_id": 2, "classe": "0.50–1.50 m", "_coa_length_m": 0.56, "_coa_class": "0,50–1,50 m" }, "geometry": { "type": "MultiLineString", "coordinates": [ [ [ -48.6612749, -20.9266679 ], [ -48.661275, -20.926673 ] ] ] } },
{ "type": "Feature", "properties": { "linha_id": 259, "comp_m": 1.205, "ini_m": 634.76, "fim_m": 635.965, "faixa_id": 2, "classe": "0.50–1.50 m", "_coa_length_m": 1.204, "_coa_class": "0,50–1,50 m" }, "geometry": { "type": "MultiLineString", "coordinates": [ [ [ -48.6612778, -20.9268059 ], [ -48.661278, -20.9268168 ] ] ] } },
{ "type": "Feature", "properties": { "linha_id": 260, "comp_m": 0.56, "ini_m": 111.8, "fim_m": 112.36, "faixa_id": 2, "classe": "0.50–1.50 m", "_coa_length_m": 0.56, "_coa_class": "0,50–1,50 m" }, "geometry": { "type": "MultiLineString", "coordinates": [ [ [ -48.6595099, -20.9228081 ], [ -48.6595123, -20.9228126 ] ] ] } },
{ "type": "Feature", "properties": { "linha_id": 260, "comp_m": 0.88, "ini_m": 114.6, "fim_m": 115.48, "faixa_id": 2, "classe": "0.50–1.50 m", "_coa_length_m": 0.88, "_coa_class": "0,50–1,50 m" }, "geometry": { "type": "MultiLineString", "coordinates": [ [ [ -48.6595217, -20.9228308 ], [ -48.6595253, -20.922838 ] ] ] } },
{ "type": "Feature", "properties": { "linha_id": 260, "comp_m": 0.96, "ini_m": 126.6, "fim_m": 127.56, "faixa_id": 2, "classe": "0.50–1.50 m", "_coa_length_m": 0.96, "_coa_class": "0,50–1,50 m" }, "geometry": { "type": "MultiLineString", "coordinates": [ [ [ -48.6595706, -20.922929 ], [ -48.6595745, -20.9229368 ] ] ] } },
{ "type": "Feature", "properties": { "linha_id": 260, "comp_m": 1.76, "ini_m": 129.16, "fim_m": 130.92, "faixa_id": 3, "classe": "1.50–3.00 m", "_coa_length_m": 1.759, "_coa_class": "1,50–3,00 m" }, "geometry": { "type": "MultiLineString", "coordinates": [ [ [ -48.659581, -20.9229499 ], [ -48.6595815, -20.9229509 ], [ -48.6595874, -20.9229646 ] ] ] } },
{ "type": "Feature", "properties": { "linha_id": 260, "comp_m": 1.28, "ini_m": 133.08, "fim_m": 134.36, "faixa_id": 2, "classe": "0.50–1.50 m", "_coa_length_m": 1.28, "_coa_class": "0,50–1,50 m" }, "geometry": { "type": "MultiLineString", "coordinates": [ [ [ -48.6595953, -20.9229827 ], [ -48.6595999, -20.9229934 ] ] ] } },
{ "type": "Feature", "properties": { "linha_id": 260, "comp_m": 1.92, "ini_m": 135.48, "fim_m": 137.4, "faixa_id": 3, "classe": "1.50–3.00 m", "_coa_length_m": 1.919, "_coa_class": "1,50–3,00 m" }, "geometry": { "type": "MultiLineString", "coordinates": [ [ [ -48.659604, -20.9230027 ], [ -48.6596109, -20.9230188 ] ] ] } },
{ "type": "Feature", "properties": { "linha_id": 260, "comp_m": 1.12, "ini_m": 140.76, "fim_m": 141.88, "faixa_id": 2, "classe": "0.50–1.50 m", "_coa_length_m": 1.12, "_coa_class": "0,50–1,50 m" }, "geometry": { "type": "MultiLineString", "coordinates": [ [ [ -48.6596217, -20.9230474 ], [ -48.6596251, -20.923057 ] ] ] } },
{ "type": "Feature", "properties": { "linha_id": 260, "comp_m": 0.64, "ini_m": 171.64, "fim_m": 172.28, "faixa_id": 2, "classe": "0.50–1.50 m", "_coa_length_m": 0.64, "_coa_class": "0,50–1,50 m" }, "geometry": { "type": "MultiLineString", "coordinates": [ [ [ -48.6597019, -20.9233157 ], [ -48.659703, -20.9233214 ] ] ] } },
{ "type": "Feature", "properties": { "linha_id": 260, "comp_m": 0.56, "ini_m": 218.52, "fim_m": 219.08, "faixa_id": 2, "classe": "0.50–1.50 m", "_coa_length_m": 0.56, "_coa_class": "0,50–1,50 m" }, "geometry": { "type": "MultiLineString", "coordinates": [ [ [ -48.6597286, -20.9237375 ], [ -48.6597284, -20.9237413 ], [ -48.6597284, -20.9237426 ] ] ] } },
{ "type": "Feature", "properties": { "linha_id": 260, "comp_m": 0.56, "ini_m": 230.36, "fim_m": 230.92, "faixa_id": 2, "classe": "0.50–1.50 m", "_coa_length_m": 0.56, "_coa_class": "0,50–1,50 m" }, "geometry": { "type": "MultiLineString", "coordinates": [ [ [ -48.6597179, -20.9238439 ], [ -48.659717, -20.9238489 ] ] ] } },
{ "type": "Feature", "properties": { "linha_id": 260, "comp_m": 0.56, "ini_m": 235.72, "fim_m": 236.28, "faixa_id": 2, "classe": "0.50–1.50 m", "_coa_length_m": 0.56, "_coa_class": "0,50–1,50 m" }, "geometry": { "type": "MultiLineString", "coordinates": [ [ [ -48.659709, -20.9238915 ], [ -48.6597077, -20.9238964 ] ] ] } },
{ "type": "Feature", "properties": { "linha_id": 260, "comp_m": 1.76, "ini_m": 351.24, "fim_m": 353.0, "faixa_id": 3, "classe": "1.50–3.00 m", "_coa_length_m": 1.759, "_coa_class": "1,50–3,00 m" }, "geometry": { "type": "MultiLineString", "coordinates": [ [ [ -48.6599406, -20.924794 ], [ -48.6599546, -20.924803 ] ] ] } },
{ "type": "Feature", "properties": { "linha_id": 260, "comp_m": 0.64, "ini_m": 359.56, "fim_m": 360.2, "faixa_id": 2, "classe": "0.50–1.50 m", "_coa_length_m": 0.64, "_coa_class": "0,50–1,50 m" }, "geometry": { "type": "MultiLineString", "coordinates": [ [ [ -48.660011, -20.9248292 ], [ -48.6600154, -20.9248312 ], [ -48.6600166, -20.9248316 ] ] ] } },
{ "type": "Feature", "properties": { "linha_id": 260, "comp_m": 0.56, "ini_m": 519.88, "fim_m": 520.44, "faixa_id": 2, "classe": "0.50–1.50 m", "_coa_length_m": 0.56, "_coa_class": "0,50–1,50 m" }, "geometry": { "type": "MultiLineString", "coordinates": [ [ [ -48.661083, -20.9257802 ], [ -48.6610853, -20.9257848 ] ] ] } },
{ "type": "Feature", "properties": { "linha_id": 260, "comp_m": 0.64, "ini_m": 550.28, "fim_m": 550.92, "faixa_id": 2, "classe": "0.50–1.50 m", "_coa_length_m": 0.64, "_coa_class": "0,50–1,50 m" }, "geometry": { "type": "MultiLineString", "coordinates": [ [ [ -48.6611773, -20.9260398 ], [ -48.6611791, -20.9260453 ] ] ] } },
{ "type": "Feature", "properties": { "linha_id": 260, "comp_m": 0.8, "ini_m": 552.2, "fim_m": 553.0, "faixa_id": 2, "classe": "0.50–1.50 m", "_coa_length_m": 0.8, "_coa_class": "0,50–1,50 m" }, "geometry": { "type": "MultiLineString", "coordinates": [ [ [ -48.6611822, -20.9260565 ], [ -48.6611842, -20.9260635 ] ] ] } },
{ "type": "Feature", "properties": { "linha_id": 260, "comp_m": 0.64, "ini_m": 554.6, "fim_m": 555.24, "faixa_id": 2, "classe": "0.50–1.50 m", "_coa_length_m": 0.64, "_coa_class": "0,50–1,50 m" }, "geometry": { "type": "MultiLineString", "coordinates": [ [ [ -48.6611881, -20.9260774 ], [ -48.6611896, -20.926083 ] ] ] } },
{ "type": "Feature", "properties": { "linha_id": 260, "comp_m": 3.92, "ini_m": 566.68, "fim_m": 570.6, "faixa_id": 4, "classe": "3.00–5.00 m", "_coa_length_m": 3.919, "_coa_class": "3,00–5,00 m" }, "geometry": { "type": "MultiLineString", "coordinates": [ [ [ -48.6612164, -20.9261832 ], [ -48.6612234, -20.926218 ] ] ] } },
{ "type": "Feature", "properties": { "linha_id": 260, "comp_m": 0.64, "ini_m": 573.56, "fim_m": 574.2, "faixa_id": 2, "classe": "0.50–1.50 m", "_coa_length_m": 0.64, "_coa_class": "0,50–1,50 m" }, "geometry": { "type": "MultiLineString", "coordinates": [ [ [ -48.6612286, -20.9262442 ], [ -48.6612297, -20.9262499 ] ] ] } },
{ "type": "Feature", "properties": { "linha_id": 260, "comp_m": 1.04, "ini_m": 599.08, "fim_m": 600.12, "faixa_id": 2, "classe": "0.50–1.50 m", "_coa_length_m": 1.04, "_coa_class": "0,50–1,50 m" }, "geometry": { "type": "MultiLineString", "coordinates": [ [ [ -48.661271, -20.9264712 ], [ -48.6612718, -20.9264758 ], [ -48.661273, -20.9264803 ] ] ] } },
{ "type": "Feature", "properties": { "linha_id": 260, "comp_m": 1.272, "ini_m": 601.16, "fim_m": 602.432, "faixa_id": 2, "classe": "0.50–1.50 m", "_coa_length_m": 1.271, "_coa_class": "0,50–1,50 m" }, "geometry": { "type": "MultiLineString", "coordinates": [ [ [ -48.6612756, -20.9264894 ], [ -48.6612763, -20.926492 ], [ -48.6612805, -20.926499 ], [ -48.661281, -20.9264997 ] ] ] } },
{ "type": "Feature", "properties": { "linha_id": 261, "comp_m": 0.68, "ini_m": 0.0, "fim_m": 0.68, "faixa_id": 2, "classe": "0.50–1.50 m", "_coa_length_m": 0.68, "_coa_class": "0,50–1,50 m" }, "geometry": { "type": "MultiLineString", "coordinates": [ [ [ -48.6589114, -20.9219727 ], [ -48.6589163, -20.9219767 ] ] ] } },
{ "type": "Feature", "properties": { "linha_id": 261, "comp_m": 1.76, "ini_m": 127.16, "fim_m": 128.92, "faixa_id": 3, "classe": "1.50–3.00 m", "_coa_length_m": 1.759, "_coa_class": "1,50–3,00 m" }, "geometry": { "type": "MultiLineString", "coordinates": [ [ [ -48.6595822, -20.92292 ], [ -48.6595887, -20.9229347 ] ] ] } },
{ "type": "Feature", "properties": { "linha_id": 261, "comp_m": 0.8, "ini_m": 131.72, "fim_m": 132.52, "faixa_id": 2, "classe": "0.50–1.50 m", "_coa_length_m": 0.8, "_coa_class": "0,50–1,50 m" }, "geometry": { "type": "MultiLineString", "coordinates": [ [ [ -48.6595992, -20.922958 ], [ -48.6596022, -20.9229646 ] ] ] } },
{ "type": "Feature", "properties": { "linha_id": 261, "comp_m": 2.72, "ini_m": 134.52, "fim_m": 137.24, "faixa_id": 3, "classe": "1.50–3.00 m", "_coa_length_m": 2.719, "_coa_class": "1,50–3,00 m" }, "geometry": { "type": "MultiLineString", "coordinates": [ [ [ -48.6596091, -20.9229815 ], [ -48.6596183, -20.9230045 ] ] ] } },
{ "type": "Feature", "properties": { "linha_id": 261, "comp_m": 0.64, "ini_m": 222.84, "fim_m": 223.48, "faixa_id": 2, "classe": "0.50–1.50 m", "_coa_length_m": 0.64, "_coa_class": "0,50–1,50 m" }, "geometry": { "type": "MultiLineString", "coordinates": [ [ [ -48.6597418, -20.9237624 ], [ -48.6597414, -20.9237681 ] ] ] } },
{ "type": "Feature", "properties": { "linha_id": 261, "comp_m": 0.56, "ini_m": 239.32, "fim_m": 239.88, "faixa_id": 2, "classe": "0.50–1.50 m", "_coa_length_m": 0.56, "_coa_class": "0,50–1,50 m" }, "geometry": { "type": "MultiLineString", "coordinates": [ [ [ -48.6597192, -20.9239094 ], [ -48.6597181, -20.9239144 ] ] ] } },
{ "type": "Feature", "properties": { "linha_id": 261, "comp_m": 0.72, "ini_m": 307.8, "fim_m": 308.52, "faixa_id": 2, "classe": "0.50–1.50 m", "_coa_length_m": 0.72, "_coa_class": "0,50–1,50 m" }, "geometry": { "type": "MultiLineString", "coordinates": [ [ [ -48.6596498, -20.9245103 ], [ -48.6596542, -20.9245153 ] ] ] } },
{ "type": "Feature", "properties": { "linha_id": 261, "comp_m": 1.2, "ini_m": 549.8, "fim_m": 551.0, "faixa_id": 2, "classe": "0.50–1.50 m", "_coa_length_m": 1.2, "_coa_class": "0,50–1,50 m" }, "geometry": { "type": "MultiLineString", "coordinates": [ [ [ -48.661186, -20.9260228 ], [ -48.6611891, -20.9260332 ] ] ] } },
{ "type": "Feature", "properties": { "linha_id": 261, "comp_m": 0.64, "ini_m": 568.28, "fim_m": 568.92, "faixa_id": 2, "classe": "0.50–1.50 m", "_coa_length_m": 0.64, "_coa_class": "0,50–1,50 m" }, "geometry": { "type": "MultiLineString", "coordinates": [ [ [ -48.6612302, -20.9261843 ], [ -48.6612314, -20.92619 ] ] ] } },
{ "type": "Feature", "properties": { "linha_id": 261, "comp_m": 2.42, "ini_m": 601.4, "fim_m": 603.82, "faixa_id": 3, "classe": "1.50–3.00 m", "_coa_length_m": 2.419, "_coa_class": "1,50–3,00 m" }, "geometry": { "type": "MultiLineString", "coordinates": [ [ [ -48.6612847, -20.9264788 ], [ -48.6612857, -20.9264902 ], [ -48.6612819, -20.9264978 ], [ -48.661281, -20.9264997 ] ] ] } },
{ "type": "Feature", "properties": { "linha_id": 262, "comp_m": 2.24, "ini_m": 14.12, "fim_m": 16.36, "faixa_id": 3, "classe": "1.50–3.00 m", "_coa_length_m": 2.239, "_coa_class": "1,50–3,00 m" }, "geometry": { "type": "MultiLineString", "coordinates": [ [ [ -48.6589885, -20.9220953 ], [ -48.6590039, -20.9221094 ] ] ] } },
{ "type": "Feature", "properties": { "linha_id": 262, "comp_m": 1.76, "ini_m": 49.96, "fim_m": 51.72, "faixa_id": 3, "classe": "1.50–3.00 m", "_coa_length_m": 1.759, "_coa_class": "1,50–3,00 m" }, "geometry": { "type": "MultiLineString", "coordinates": [ [ [ -48.6592048, -20.9223461 ], [ -48.6592147, -20.922359 ] ] ] } },
{ "type": "Feature", "properties": { "linha_id": 262, "comp_m": 0.56, "ini_m": 78.28, "fim_m": 78.84, "faixa_id": 2, "classe": "0.50–1.50 m", "_coa_length_m": 0.56, "_coa_class": "0,50–1,50 m" }, "geometry": { "type": "MultiLineString", "coordinates": [ [ [ -48.659344, -20.9225656 ], [ -48.6593467, -20.9225699 ] ] ] } },
{ "type": "Feature", "properties": { "linha_id": 262, "comp_m": 1.92, "ini_m": 81.48, "fim_m": 83.4, "faixa_id": 3, "classe": "1.50–3.00 m", "_coa_length_m": 1.919, "_coa_class": "1,50–3,00 m" }, "geometry": { "type": "MultiLineString", "coordinates": [ [ [ -48.6593594, -20.9225906 ], [ -48.6593686, -20.9226056 ] ] ] } },
{ "type": "Feature", "properties": { "linha_id": 262, "comp_m": 3.6, "ini_m": 87.8, "fim_m": 91.4, "faixa_id": 4, "classe": "3.00–5.00 m", "_coa_length_m": 3.599, "_coa_class": "3,00–5,00 m" }, "geometry": { "type": "MultiLineString", "coordinates": [ [ [ -48.6593885, -20.9226406 ], [ -48.6594044, -20.9226695 ] ] ] } },
{ "type": "Feature", "properties": { "linha_id": 262, "comp_m": 1.44, "ini_m": 92.84, "fim_m": 94.28, "faixa_id": 2, "classe": "0.50–1.50 m", "_coa_length_m": 1.44, "_coa_class": "0,50–1,50 m" }, "geometry": { "type": "MultiLineString", "coordinates": [ [ [ -48.6594108, -20.922681 ], [ -48.6594171, -20.9226926 ] ] ] } },
{ "type": "Feature", "properties": { "linha_id": 262, "comp_m": 0.56, "ini_m": 100.36, "fim_m": 100.92, "faixa_id": 2, "classe": "0.50–1.50 m", "_coa_length_m": 0.56, "_coa_class": "0,50–1,50 m" }, "geometry": { "type": "MultiLineString", "coordinates": [ [ [ -48.659444, -20.9227414 ], [ -48.6594452, -20.9227436 ], [ -48.6594463, -20.9227459 ] ] ] } },
{ "type": "Feature", "properties": { "linha_id": 262, "comp_m": 1.6, "ini_m": 104.6, "fim_m": 106.2, "faixa_id": 3, "classe": "1.50–3.00 m", "_coa_length_m": 1.599, "_coa_class": "1,50–3,00 m" }, "geometry": { "type": "MultiLineString", "coordinates": [ [ [ -48.6594615, -20.9227759 ], [ -48.6594681, -20.922789 ] ] ] } },
{ "type": "Feature", "properties": { "linha_id": 262, "comp_m": 6.56, "ini_m": 116.6, "fim_m": 123.16, "faixa_id": 5, "classe": "≥ 5.00 m", "_coa_length_m": 6.558, "_coa_class": ">= 5,00 m" }, "geometry": { "type": "MultiLineString", "coordinates": [ [ [ -48.6595109, -20.9228738 ], [ -48.6595368, -20.9229278 ] ] ] } },
{ "type": "Feature", "properties": { "linha_id": 262, "comp_m": 1.12, "ini_m": 179.24, "fim_m": 180.36, "faixa_id": 2, "classe": "0.50–1.50 m", "_coa_length_m": 1.12, "_coa_class": "0,50–1,50 m" }, "geometry": { "type": "MultiLineString", "coordinates": [ [ [ -48.6596881, -20.9234117 ], [ -48.6596892, -20.9234218 ] ] ] } },
{ "type": "Feature", "properties": { "linha_id": 262, "comp_m": 0.64, "ini_m": 193.4, "fim_m": 194.04, "faixa_id": 2, "classe": "0.50–1.50 m", "_coa_length_m": 0.64, "_coa_class": "0,50–1,50 m" }, "geometry": { "type": "MultiLineString", "coordinates": [ [ [ -48.659696, -20.9235394 ], [ -48.6596964, -20.9235451 ] ] ] } },
{ "type": "Feature", "properties": { "linha_id": 262, "comp_m": 0.56, "ini_m": 446.04, "fim_m": 446.6, "faixa_id": 2, "classe": "0.50–1.50 m", "_coa_length_m": 0.56, "_coa_class": "0,50–1,50 m" }, "geometry": { "type": "MultiLineString", "coordinates": [ [ [ -48.6607148, -20.9252291 ], [ -48.6607182, -20.9252331 ] ] ] } },
{ "type": "Feature", "properties": { "linha_id": 262, "comp_m": 1.12, "ini_m": 553.88, "fim_m": 555.0, "faixa_id": 2, "classe": "0.50–1.50 m", "_coa_length_m": 1.12, "_coa_class": "0,50–1,50 m" }, "geometry": { "type": "MultiLineString", "coordinates": [ [ [ -48.6611642, -20.9260985 ], [ -48.6611671, -20.9261082 ] ] ] } },
{ "type": "Feature", "properties": { "linha_id": 262, "comp_m": 1.44, "ini_m": 557.0, "fim_m": 558.44, "faixa_id": 2, "classe": "0.50–1.50 m", "_coa_length_m": 1.44, "_coa_class": "0,50–1,50 m" }, "geometry": { "type": "MultiLineString", "coordinates": [ [ [ -48.6611723, -20.9261256 ], [ -48.661176, -20.9261381 ] ] ] } },
{ "type": "Feature", "properties": { "linha_id": 262, "comp_m": 0.72, "ini_m": 562.92, "fim_m": 563.64, "faixa_id": 2, "classe": "0.50–1.50 m", "_coa_length_m": 0.72, "_coa_class": "0,50–1,50 m" }, "geometry": { "type": "MultiLineString", "coordinates": [ [ [ -48.6611863, -20.9261774 ], [ -48.6611878, -20.9261838 ] ] ] } },
{ "type": "Feature", "properties": { "linha_id": 262, "comp_m": 1.36, "ini_m": 565.32, "fim_m": 566.68, "faixa_id": 2, "classe": "0.50–1.50 m", "_coa_length_m": 1.36, "_coa_class": "0,50–1,50 m" }, "geometry": { "type": "MultiLineString", "coordinates": [ [ [ -48.6611912, -20.9261986 ], [ -48.6611928, -20.9262058 ], [ -48.6611938, -20.9262106 ] ] ] } },
{ "type": "Feature", "properties": { "linha_id": 262, "comp_m": 1.52, "ini_m": 568.44, "fim_m": 569.96, "faixa_id": 3, "classe": "1.50–3.00 m", "_coa_length_m": 1.519, "_coa_class": "1,50–3,00 m" }, "geometry": { "type": "MultiLineString", "coordinates": [ [ [ -48.6611968, -20.9262263 ], [ -48.6611993, -20.9262398 ] ] ] } },
{ "type": "Feature", "properties": { "linha_id": 262, "comp_m": 0.56, "ini_m": 570.6, "fim_m": 571.16, "faixa_id": 2, "classe": "0.50–1.50 m", "_coa_length_m": 0.56, "_coa_class": "0,50–1,50 m" }, "geometry": { "type": "MultiLineString", "coordinates": [ [ [ -48.6612004, -20.9262455 ], [ -48.6612014, -20.9262504 ] ] ] } },
{ "type": "Feature", "properties": { "linha_id": 262, "comp_m": 1.76, "ini_m": 572.52, "fim_m": 574.28, "faixa_id": 3, "classe": "1.50–3.00 m", "_coa_length_m": 1.759, "_coa_class": "1,50–3,00 m" }, "geometry": { "type": "MultiLineString", "coordinates": [ [ [ -48.6612037, -20.9262625 ], [ -48.6612067, -20.9262782 ] ] ] } },
{ "type": "Feature", "properties": { "linha_id": 262, "comp_m": 4.08, "ini_m": 578.52, "fim_m": 582.6, "faixa_id": 4, "classe": "3.00–5.00 m", "_coa_length_m": 4.079, "_coa_class": "3,00–5,00 m" }, "geometry": { "type": "MultiLineString", "coordinates": [ [ [ -48.6612139, -20.9263158 ], [ -48.6612209, -20.9263521 ] ] ] } },
{ "type": "Feature", "properties": { "linha_id": 262, "comp_m": 1.76, "ini_m": 600.44, "fim_m": 602.2, "faixa_id": 3, "classe": "1.50–3.00 m", "_coa_length_m": 1.759, "_coa_class": "1,50–3,00 m" }, "geometry": { "type": "MultiLineString", "coordinates": [ [ [ -48.6612493, -20.9265109 ], [ -48.6612505, -20.9265185 ], [ -48.6612512, -20.9265267 ] ] ] } },
{ "type": "Feature", "properties": { "linha_id": 262, "comp_m": 3.782, "ini_m": 632.84, "fim_m": 636.622, "faixa_id": 4, "classe": "3.00–5.00 m", "_coa_length_m": 3.781, "_coa_class": "3,00–5,00 m" }, "geometry": { "type": "MultiLineString", "coordinates": [ [ [ -48.6612635, -20.926803 ], [ -48.6612651, -20.9268201 ], [ -48.6612687, -20.9268368 ] ] ] } },
{ "type": "Feature", "properties": { "linha_id": 264, "comp_m": 0.56, "ini_m": 75.56, "fim_m": 76.12, "faixa_id": 2, "classe": "0.50–1.50 m", "_coa_length_m": 0.56, "_coa_class": "0,50–1,50 m" }, "geometry": { "type": "MultiLineString", "coordinates": [ [ [ -48.6593233, -20.9225567 ], [ -48.6593259, -20.9225611 ] ] ] } },
{ "type": "Feature", "properties": { "linha_id": 264, "comp_m": 1.84, "ini_m": 79.56, "fim_m": 81.4, "faixa_id": 3, "classe": "1.50–3.00 m", "_coa_length_m": 1.839, "_coa_class": "1,50–3,00 m" }, "geometry": { "type": "MultiLineString", "coordinates": [ [ [ -48.659342, -20.9225883 ], [ -48.6593505, -20.9226028 ] ] ] } },
{ "type": "Feature", "properties": { "linha_id": 264, "comp_m": 0.72, "ini_m": 86.68, "fim_m": 87.4, "faixa_id": 2, "classe": "0.50–1.50 m", "_coa_length_m": 0.72, "_coa_class": "0,50–1,50 m" }, "geometry": { "type": "MultiLineString", "coordinates": [ [ [ -48.6593751, -20.9226445 ], [ -48.6593784, -20.9226502 ] ] ] } },
{ "type": "Feature", "properties": { "linha_id": 264, "comp_m": 0.56, "ini_m": 91.32, "fim_m": 91.88, "faixa_id": 2, "classe": "0.50–1.50 m", "_coa_length_m": 0.56, "_coa_class": "0,50–1,50 m" }, "geometry": { "type": "MultiLineString", "coordinates": [ [ [ -48.6593963, -20.9226814 ], [ -48.6593987, -20.9226859 ] ] ] } },
{ "type": "Feature", "properties": { "linha_id": 264, "comp_m": 1.2, "ini_m": 101.8, "fim_m": 103.0, "faixa_id": 2, "classe": "0.50–1.50 m", "_coa_length_m": 1.2, "_coa_class": "0,50–1,50 m" }, "geometry": { "type": "MultiLineString", "coordinates": [ [ [ -48.6594416, -20.9227659 ], [ -48.6594465, -20.9227757 ] ] ] } },
{ "type": "Feature", "properties": { "linha_id": 264, "comp_m": 0.72, "ini_m": 105.96, "fim_m": 106.68, "faixa_id": 2, "classe": "0.50–1.50 m", "_coa_length_m": 0.72, "_coa_class": "0,50–1,50 m" }, "geometry": { "type": "MultiLineString", "coordinates": [ [ [ -48.6594585, -20.9227999 ], [ -48.6594614, -20.9228058 ] ] ] } },
{ "type": "Feature", "properties": { "linha_id": 264, "comp_m": 1.04, "ini_m": 116.12, "fim_m": 117.16, "faixa_id": 2, "classe": "0.50–1.50 m", "_coa_length_m": 1.04, "_coa_class": "0,50–1,50 m" }, "geometry": { "type": "MultiLineString", "coordinates": [ [ [ -48.6594997, -20.9228831 ], [ -48.6595039, -20.9228916 ] ] ] } },
{ "type": "Feature", "properties": { "linha_id": 264, "comp_m": 0.64, "ini_m": 120.52, "fim_m": 121.16, "faixa_id": 2, "classe": "0.50–1.50 m", "_coa_length_m": 0.64, "_coa_class": "0,50–1,50 m" }, "geometry": { "type": "MultiLineString", "coordinates": [ [ [ -48.6595175, -20.9229191 ], [ -48.6595201, -20.9229244 ] ] ] } },
{ "type": "Feature", "properties": { "linha_id": 264, "comp_m": 1.28, "ini_m": 342.76, "fim_m": 344.04, "faixa_id": 2, "classe": "0.50–1.50 m", "_coa_length_m": 1.28, "_coa_class": "0,50–1,50 m" }, "geometry": { "type": "MultiLineString", "coordinates": [ [ [ -48.6598534, -20.9247844 ], [ -48.6598626, -20.9247922 ] ] ] } },
{ "type": "Feature", "properties": { "linha_id": 264, "comp_m": 0.72, "ini_m": 556.52, "fim_m": 557.24, "faixa_id": 2, "classe": "0.50–1.50 m", "_coa_length_m": 0.72, "_coa_class": "0,50–1,50 m" }, "geometry": { "type": "MultiLineString", "coordinates": [ [ [ -48.6611598, -20.9261353 ], [ -48.6611617, -20.9261416 ] ] ] } },
{ "type": "Feature", "properties": { "linha_id": 264, "comp_m": 1.2, "ini_m": 579.48, "fim_m": 580.68, "faixa_id": 2, "classe": "0.50–1.50 m", "_coa_length_m": 1.2, "_coa_class": "0,50–1,50 m" }, "geometry": { "type": "MultiLineString", "coordinates": [ [ [ -48.6612039, -20.9263384 ], [ -48.6612059, -20.926349 ] ] ] } },
{ "type": "Feature", "properties": { "linha_id": 264, "comp_m": 2.0, "ini_m": 629.96, "fim_m": 631.96, "faixa_id": 3, "classe": "1.50–3.00 m", "_coa_length_m": 1.999, "_coa_class": "1,50–3,00 m" }, "geometry": { "type": "MultiLineString", "coordinates": [ [ [ -48.6612479, -20.9267914 ], [ -48.661248, -20.9267988 ], [ -48.6612495, -20.9268072 ], [ -48.6612498, -20.9268093 ] ] ] } },
{ "type": "Feature", "properties": { "linha_id": 264, "comp_m": 2.319, "ini_m": 632.92, "fim_m": 635.239, "faixa_id": 3, "classe": "1.50–3.00 m", "_coa_length_m": 2.318, "_coa_class": "1,50–3,00 m" }, "geometry": { "type": "MultiLineString", "coordinates": [ [ [ -48.6612513, -20.9268179 ], [ -48.661253, -20.9268278 ], [ -48.6612512, -20.9268385 ] ] ] } },
{ "type": "Feature", "properties": { "linha_id": 265, "comp_m": 1.56, "ini_m": 0.0, "fim_m": 1.56, "faixa_id": 3, "classe": "1.50–3.00 m", "_coa_length_m": 1.559, "_coa_class": "1,50–3,00 m" }, "geometry": { "type": "MultiLineString", "coordinates": [ [ [ -48.6598881, -20.9248366 ], [ -48.6598884, -20.9248366 ], [ -48.6598962, -20.9248412 ], [ -48.6599017, -20.9248418 ] ] ] } },
{ "type": "Feature", "properties": { "linha_id": 265, "comp_m": 0.64, "ini_m": 131.8, "fim_m": 132.44, "faixa_id": 2, "classe": "0.50–1.50 m", "_coa_length_m": 0.64, "_coa_class": "0,50–1,50 m" }, "geometry": { "type": "MultiLineString", "coordinates": [ [ [ -48.6608855, -20.925512 ], [ -48.6608885, -20.9255171 ] ] ] } },
{ "type": "Feature", "properties": { "linha_id": 265, "comp_m": 1.562, "ini_m": 277.96, "fim_m": 279.522, "faixa_id": 3, "classe": "1.50–3.00 m", "_coa_length_m": 1.561, "_coa_class": "1,50–3,00 m" }, "geometry": { "type": "MultiLineString", "coordinates": [ [ [ -48.6612342, -20.9267772 ], [ -48.6612336, -20.9267913 ] ] ] } },
{ "type": "Feature", "properties": { "linha_id": 267, "comp_m": 1.72, "ini_m": 0.0, "fim_m": 1.72, "faixa_id": 3, "classe": "1.50–3.00 m", "_coa_length_m": 1.719, "_coa_class": "1,50–3,00 m" }, "geometry": { "type": "MultiLineString", "coordinates": [ [ [ -48.6598881, -20.9248366 ], [ -48.6598959, -20.924842 ], [ -48.6598989, -20.9248478 ] ] ] } },
{ "type": "Feature", "properties": { "linha_id": 267, "comp_m": 0.698, "ini_m": 277.96, "fim_m": 278.658, "faixa_id": 2, "classe": "0.50–1.50 m", "_coa_length_m": 0.697, "_coa_class": "0,50–1,50 m" }, "geometry": { "type": "MultiLineString", "coordinates": [ [ [ -48.6612208, -20.9267902 ], [ -48.661221, -20.9267965 ] ] ] } },
{ "type": "Feature", "properties": { "linha_id": 268, "comp_m": 0.56, "ini_m": 98.6, "fim_m": 99.16, "faixa_id": 2, "classe": "0.50–1.50 m", "_coa_length_m": 0.56, "_coa_class": "0,50–1,50 m" }, "geometry": { "type": "MultiLineString", "coordinates": [ [ [ -48.6593998, -20.922779 ], [ -48.659402, -20.9227836 ] ] ] } },
{ "type": "Feature", "properties": { "linha_id": 268, "comp_m": 0.64, "ini_m": 210.04, "fim_m": 210.68, "faixa_id": 2, "classe": "0.50–1.50 m", "_coa_length_m": 0.64, "_coa_class": "0,50–1,50 m" }, "geometry": { "type": "MultiLineString", "coordinates": [ [ [ -48.6596418, -20.9237459 ], [ -48.6596413, -20.9237517 ] ] ] } },
{ "type": "Feature", "properties": { "linha_id": 268, "comp_m": 0.8, "ini_m": 517.48, "fim_m": 518.28, "faixa_id": 2, "classe": "0.50–1.50 m", "_coa_length_m": 0.8, "_coa_class": "0,50–1,50 m" }, "geometry": { "type": "MultiLineString", "coordinates": [ [ [ -48.6610132, -20.9258414 ], [ -48.661016, -20.9258481 ] ] ] } },
{ "type": "Feature", "properties": { "linha_id": 268, "comp_m": 0.64, "ini_m": 552.76, "fim_m": 553.4, "faixa_id": 2, "classe": "0.50–1.50 m", "_coa_length_m": 0.64, "_coa_class": "0,50–1,50 m" }, "geometry": { "type": "MultiLineString", "coordinates": [ [ [ -48.6611156, -20.9261447 ], [ -48.6611172, -20.9261503 ] ] ] } },
{ "type": "Feature", "properties": { "linha_id": 268, "comp_m": 2.538, "ini_m": 623.08, "fim_m": 625.618, "faixa_id": 3, "classe": "1.50–3.00 m", "_coa_length_m": 2.537, "_coa_class": "1,50–3,00 m" }, "geometry": { "type": "MultiLineString", "coordinates": [ [ [ -48.6612046, -20.9267723 ], [ -48.6612051, -20.9267952 ] ] ] } },
{ "type": "Feature", "properties": { "linha_id": 269, "comp_m": 1.56, "ini_m": 0.0, "fim_m": 1.56, "faixa_id": 3, "classe": "1.50–3.00 m", "_coa_length_m": 1.559, "_coa_class": "1,50–3,00 m" }, "geometry": { "type": "MultiLineString", "coordinates": [ [ [ -48.6588496, -20.9220698 ], [ -48.6588616, -20.9220781 ] ] ] } },
{ "type": "Feature", "properties": { "linha_id": 269, "comp_m": 0.72, "ini_m": 304.76, "fim_m": 305.48, "faixa_id": 2, "classe": "0.50–1.50 m", "_coa_length_m": 0.72, "_coa_class": "0,50–1,50 m" }, "geometry": { "type": "MultiLineString", "coordinates": [ [ [ -48.65957, -20.924584 ], [ -48.659574, -20.924589 ], [ -48.6595741, -20.9245892 ] ] ] } },
{ "type": "Feature", "properties": { "linha_id": 269, "comp_m": 0.56, "ini_m": 389.48, "fim_m": 390.04, "faixa_id": 2, "classe": "0.50–1.50 m", "_coa_length_m": 0.56, "_coa_class": "0,50–1,50 m" }, "geometry": { "type": "MultiLineString", "coordinates": [ [ [ -48.6602253, -20.9250121 ], [ -48.6602302, -20.9250142 ] ] ] } },
{ "type": "Feature", "properties": { "linha_id": 269, "comp_m": 1.291, "ini_m": 621.96, "fim_m": 623.251, "faixa_id": 2, "classe": "0.50–1.50 m", "_coa_length_m": 1.29, "_coa_class": "0,50–1,50 m" }, "geometry": { "type": "MultiLineString", "coordinates": [ [ [ -48.6611864, -20.926775 ], [ -48.6611858, -20.9267866 ] ] ] } },
{ "type": "Feature", "properties": { "linha_id": 270, "comp_m": 0.72, "ini_m": 170.2, "fim_m": 170.92, "faixa_id": 2, "classe": "0.50–1.50 m", "_coa_length_m": 0.72, "_coa_class": "0,50–1,50 m" }, "geometry": { "type": "MultiLineString", "coordinates": [ [ [ -48.6607362, -20.9253951 ], [ -48.6607401, -20.9254004 ] ] ] } },
{ "type": "Feature", "properties": { "linha_id": 270, "comp_m": 2.24, "ini_m": 177.16, "fim_m": 179.4, "faixa_id": 3, "classe": "1.50–3.00 m", "_coa_length_m": 2.239, "_coa_class": "1,50–3,00 m" }, "geometry": { "type": "MultiLineString", "coordinates": [ [ [ -48.6607744, -20.9254467 ], [ -48.6607867, -20.9254633 ] ] ] } },
{ "type": "Feature", "properties": { "linha_id": 270, "comp_m": 3.92, "ini_m": 190.92, "fim_m": 194.84, "faixa_id": 4, "classe": "3.00–5.00 m", "_coa_length_m": 3.919, "_coa_class": "3,00–5,00 m" }, "geometry": { "type": "MultiLineString", "coordinates": [ [ [ -48.660843, -20.9255527 ], [ -48.6608599, -20.9255843 ] ] ] } },
{ "type": "Feature", "properties": { "linha_id": 270, "comp_m": 3.12, "ini_m": 328.76, "fim_m": 331.88, "faixa_id": 4, "classe": "3.00–5.00 m", "_coa_length_m": 3.119, "_coa_class": "3,00–5,00 m" }, "geometry": { "type": "MultiLineString", "coordinates": [ [ [ -48.6611719, -20.9267456 ], [ -48.6611703, -20.9267612 ], [ -48.6611713, -20.9267736 ] ] ] } },
{ "type": "Feature", "properties": { "linha_id": 271, "comp_m": 4.48, "ini_m": 480.2, "fim_m": 484.68, "faixa_id": 4, "classe": "3.00–5.00 m", "_coa_length_m": 4.479, "_coa_class": "3,00–5,00 m" }, "geometry": { "type": "MultiLineString", "coordinates": [ [ [ -48.6608382, -20.9255723 ], [ -48.6608572, -20.9256085 ] ] ] } },
{ "type": "Feature", "properties": { "linha_id": 271, "comp_m": 0.64, "ini_m": 561.0, "fim_m": 561.64, "faixa_id": 2, "classe": "0.50–1.50 m", "_coa_length_m": 0.64, "_coa_class": "0,50–1,50 m" }, "geometry": { "type": "MultiLineString", "coordinates": [ [ [ -48.6610995, -20.926257 ], [ -48.6611006, -20.9262627 ] ] ] } },
{ "type": "Feature", "properties": { "linha_id": 272, "comp_m": 0.64, "ini_m": 66.2, "fim_m": 66.84, "faixa_id": 2, "classe": "0.50–1.50 m", "_coa_length_m": 0.64, "_coa_class": "0,50–1,50 m" }, "geometry": { "type": "MultiLineString", "coordinates": [ [ [ -48.6592188, -20.9225713 ], [ -48.6592217, -20.9225764 ] ] ] } },
{ "type": "Feature", "properties": { "linha_id": 272, "comp_m": 0.72, "ini_m": 241.4, "fim_m": 242.12, "faixa_id": 2, "classe": "0.50–1.50 m", "_coa_length_m": 0.72, "_coa_class": "0,50–1,50 m" }, "geometry": { "type": "MultiLineString", "coordinates": [ [ [ -48.6595003, -20.9240742 ], [ -48.6594985, -20.9240804 ] ] ] } },
{ "type": "Feature", "properties": { "linha_id": 272, "comp_m": 0.64, "ini_m": 273.24, "fim_m": 273.88, "faixa_id": 2, "classe": "0.50–1.50 m", "_coa_length_m": 0.64, "_coa_class": "0,50–1,50 m" }, "geometry": { "type": "MultiLineString", "coordinates": [ [ [ -48.6594643, -20.9243588 ], [ -48.659464, -20.9243646 ] ] ] } },
{ "type": "Feature", "properties": { "linha_id": 272, "comp_m": 1.04, "ini_m": 468.36, "fim_m": 469.4, "faixa_id": 2, "classe": "0.50–1.50 m", "_coa_length_m": 1.04, "_coa_class": "0,50–1,50 m" }, "geometry": { "type": "MultiLineString", "coordinates": [ [ [ -48.6607723, -20.9254928 ], [ -48.660778, -20.9255006 ] ] ] } },
{ "type": "Feature", "properties": { "linha_id": 272, "comp_m": 2.604, "ini_m": 610.44, "fim_m": 613.044, "faixa_id": 3, "classe": "1.50–3.00 m", "_coa_length_m": 2.604, "_coa_class": "1,50–3,00 m" }, "geometry": { "type": "MultiLineString", "coordinates": [ [ [ -48.661144, -20.9267131 ], [ -48.6611425, -20.9267365 ] ] ] } },
{ "type": "Feature", "properties": { "linha_id": 273, "comp_m": 0.64, "ini_m": 7.8, "fim_m": 8.44, "faixa_id": 2, "classe": "0.50–1.50 m", "_coa_length_m": 0.64, "_coa_class": "0,50–1,50 m" }, "geometry": { "type": "MultiLineString", "coordinates": [ [ [ -48.6588774, -20.9221618 ], [ -48.658882, -20.9221656 ] ] ] } },
{ "type": "Feature", "properties": { "linha_id": 273, "comp_m": 0.64, "ini_m": 404.92, "fim_m": 405.56, "faixa_id": 2, "classe": "0.50–1.50 m", "_coa_length_m": 0.64, "_coa_class": "0,50–1,50 m" }, "geometry": { "type": "MultiLineString", "coordinates": [ [ [ -48.6603299, -20.9251174 ], [ -48.6603354, -20.9251199 ] ] ] } },
{ "type": "Feature", "properties": { "linha_id": 273, "comp_m": 1.2, "ini_m": 554.2, "fim_m": 555.4, "faixa_id": 2, "classe": "0.50–1.50 m", "_coa_length_m": 1.2, "_coa_class": "0,50–1,50 m" }, "geometry": { "type": "MultiLineString", "coordinates": [ [ [ -48.6610617, -20.926224 ], [ -48.6610642, -20.9262345 ] ] ] } },
{ "type": "Feature", "properties": { "linha_id": 273, "comp_m": 2.215, "ini_m": 606.68, "fim_m": 608.895, "faixa_id": 3, "classe": "1.50–3.00 m", "_coa_length_m": 2.215, "_coa_class": "1,50–3,00 m" }, "geometry": { "type": "MultiLineString", "coordinates": [ [ [ -48.6611315, -20.9266923 ], [ -48.661133, -20.9267123 ] ] ] } },
{ "type": "Feature", "properties": { "linha_id": 274, "comp_m": 1.08, "ini_m": 0.0, "fim_m": 1.08, "faixa_id": 2, "classe": "0.50–1.50 m", "_coa_length_m": 1.08, "_coa_class": "0,50–1,50 m" }, "geometry": { "type": "MultiLineString", "coordinates": [ [ [ -48.658812, -20.9221288 ], [ -48.6588205, -20.9221344 ] ] ] } },
{ "type": "Feature", "properties": { "linha_id": 274, "comp_m": 1.76, "ini_m": 336.44, "fim_m": 338.2, "faixa_id": 3, "classe": "1.50–3.00 m", "_coa_length_m": 1.759, "_coa_class": "1,50–3,00 m" }, "geometry": { "type": "MultiLineString", "coordinates": [ [ [ -48.6597378, -20.9248538 ], [ -48.6597501, -20.9248648 ] ] ] } },
{ "type": "Feature", "properties": { "linha_id": 274, "comp_m": 0.56, "ini_m": 501.8, "fim_m": 502.36, "faixa_id": 2, "classe": "0.50–1.50 m", "_coa_length_m": 0.56, "_coa_class": "0,50–1,50 m" }, "geometry": { "type": "MultiLineString", "coordinates": [ [ [ -48.6608954, -20.9257885 ], [ -48.6608976, -20.9257931 ] ] ] } },
{ "type": "Feature", "properties": { "linha_id": 274, "comp_m": 0.72, "ini_m": 547.48, "fim_m": 548.2, "faixa_id": 2, "classe": "0.50–1.50 m", "_coa_length_m": 0.72, "_coa_class": "0,50–1,50 m" }, "geometry": { "type": "MultiLineString", "coordinates": [ [ [ -48.6610359, -20.9261785 ], [ -48.6610374, -20.9261848 ] ] ] } },
{ "type": "Feature", "properties": { "linha_id": 274, "comp_m": 1.52, "ini_m": 550.04, "fim_m": 551.56, "faixa_id": 3, "classe": "1.50–3.00 m", "_coa_length_m": 1.519, "_coa_class": "1,50–3,00 m" }, "geometry": { "type": "MultiLineString", "coordinates": [ [ [ -48.6610414, -20.926201 ], [ -48.6610447, -20.9262144 ] ] ] } },
{ "type": "Feature", "properties": { "linha_id": 274, "comp_m": 0.64, "ini_m": 557.16, "fim_m": 557.8, "faixa_id": 2, "classe": "0.50–1.50 m", "_coa_length_m": 0.64, "_coa_class": "0,50–1,50 m" }, "geometry": { "type": "MultiLineString", "coordinates": [ [ [ -48.6610564, -20.9262638 ], [ -48.6610575, -20.9262694 ] ] ] } },
{ "type": "Feature", "properties": { "linha_id": 274, "comp_m": 1.68, "ini_m": 605.56, "fim_m": 607.24, "faixa_id": 3, "classe": "1.50–3.00 m", "_coa_length_m": 1.679, "_coa_class": "1,50–3,00 m" }, "geometry": { "type": "MultiLineString", "coordinates": [ [ [ -48.661118, -20.9266962 ], [ -48.6611209, -20.9267111 ] ] ] } },
{ "type": "Feature", "properties": { "linha_id": 274, "comp_m": 2.982, "ini_m": 607.56, "fim_m": 610.542, "faixa_id": 3, "classe": "1.50–3.00 m", "_coa_length_m": 2.981, "_coa_class": "1,50–3,00 m" }, "geometry": { "type": "MultiLineString", "coordinates": [ [ [ -48.6611215, -20.9267139 ], [ -48.6611256, -20.9267349 ], [ -48.6611233, -20.9267401 ] ] ] } },
{ "type": "Feature", "properties": { "linha_id": 276, "comp_m": 0.96, "ini_m": 327.32, "fim_m": 328.28, "faixa_id": 2, "classe": "0.50–1.50 m", "_coa_length_m": 0.96, "_coa_class": "0,50–1,50 m" }, "geometry": { "type": "MultiLineString", "coordinates": [ [ [ -48.6596666, -20.9248084 ], [ -48.6596733, -20.9248144 ] ] ] } },
{ "type": "Feature", "properties": { "linha_id": 276, "comp_m": 1.04, "ini_m": 432.68, "fim_m": 433.72, "faixa_id": 2, "classe": "0.50–1.50 m", "_coa_length_m": 1.04, "_coa_class": "0,50–1,50 m" }, "geometry": { "type": "MultiLineString", "coordinates": [ [ [ -48.6605392, -20.9252735 ], [ -48.6605469, -20.9252795 ] ] ] } },
{ "type": "Feature", "properties": { "linha_id": 276, "comp_m": 2.882, "ini_m": 604.2, "fim_m": 607.082, "faixa_id": 3, "classe": "1.50–3.00 m", "_coa_length_m": 2.881, "_coa_class": "1,50–3,00 m" }, "geometry": { "type": "MultiLineString", "coordinates": [ [ [ -48.6611028, -20.9266974 ], [ -48.6611037, -20.9267178 ], [ -48.6611, -20.9267222 ] ] ] } },
{ "type": "Feature", "properties": { "linha_id": 277, "comp_m": 0.96, "ini_m": 124.44, "fim_m": 125.4, "faixa_id": 2, "classe": "0.50–1.50 m", "_coa_length_m": 0.96, "_coa_class": "0,50–1,50 m" }, "geometry": { "type": "MultiLineString", "coordinates": [ [ [ -48.6594222, -20.9230969 ], [ -48.6594255, -20.923105 ] ] ] } },
{ "type": "Feature", "properties": { "linha_id": 277, "comp_m": 3.348, "ini_m": 600.28, "fim_m": 603.628, "faixa_id": 4, "classe": "3.00–5.00 m", "_coa_length_m": 3.347, "_coa_class": "3,00–5,00 m" }, "geometry": { "type": "MultiLineString", "coordinates": [ [ [ -48.6610869, -20.9266765 ], [ -48.6610886, -20.9267067 ] ] ] } },
{ "type": "Feature", "properties": { "linha_id": 278, "comp_m": 0.72, "ini_m": 249.32, "fim_m": 250.04, "faixa_id": 2, "classe": "0.50–1.50 m", "_coa_length_m": 0.72, "_coa_class": "0,50–1,50 m" }, "geometry": { "type": "MultiLineString", "coordinates": [ [ [ -48.6594021, -20.9242136 ], [ -48.6594015, -20.9242201 ] ] ] } },
{ "type": "Feature", "properties": { "linha_id": 278, "comp_m": 0.72, "ini_m": 257.32, "fim_m": 258.04, "faixa_id": 2, "classe": "0.50–1.50 m", "_coa_length_m": 0.72, "_coa_class": "0,50–1,50 m" }, "geometry": { "type": "MultiLineString", "coordinates": [ [ [ -48.6593965, -20.9242857 ], [ -48.6593961, -20.9242922 ] ] ] } },
{ "type": "Feature", "properties": { "linha_id": 278, "comp_m": 1.28, "ini_m": 425.0, "fim_m": 426.28, "faixa_id": 2, "classe": "0.50–1.50 m", "_coa_length_m": 1.28, "_coa_class": "0,50–1,50 m" }, "geometry": { "type": "MultiLineString", "coordinates": [ [ [ -48.6604674, -20.9252545 ], [ -48.6604777, -20.9252609 ] ] ] } },
{ "type": "Feature", "properties": { "linha_id": 278, "comp_m": 2.595, "ini_m": 598.68, "fim_m": 601.275, "faixa_id": 3, "classe": "1.50–3.00 m", "_coa_length_m": 2.594, "_coa_class": "1,50–3,00 m" }, "geometry": { "type": "MultiLineString", "coordinates": [ [ [ -48.6610725, -20.9266766 ], [ -48.6610753, -20.9266999 ] ] ] } },
{ "type": "Feature", "properties": { "linha_id": 279, "comp_m": 1.36, "ini_m": 249.88, "fim_m": 251.24, "faixa_id": 2, "classe": "0.50–1.50 m", "_coa_length_m": 1.36, "_coa_class": "0,50–1,50 m" }, "geometry": { "type": "MultiLineString", "coordinates": [ [ [ -48.6593858, -20.9242326 ], [ -48.659385, -20.9242449 ] ] ] } },
{ "type": "Feature", "properties": { "linha_id": 279, "comp_m": 0.64, "ini_m": 359.32, "fim_m": 359.96, "faixa_id": 2, "classe": "0.50–1.50 m", "_coa_length_m": 0.64, "_coa_class": "0,50–1,50 m" }, "geometry": { "type": "MultiLineString", "coordinates": [ [ [ -48.6598883, -20.9250188 ], [ -48.6598935, -20.9250212 ], [ -48.6598939, -20.9250214 ] ] ] } },
{ "type": "Feature", "properties": { "linha_id": 279, "comp_m": 0.72, "ini_m": 397.24, "fim_m": 397.96, "faixa_id": 2, "classe": "0.50–1.50 m", "_coa_length_m": 0.72, "_coa_class": "0,50–1,50 m" }, "geometry": { "type": "MultiLineString", "coordinates": [ [ [ -48.6602269, -20.9251451 ], [ -48.6602332, -20.9251478 ] ] ] } },
{ "type": "Feature", "properties": { "linha_id": 279, "comp_m": 0.64, "ini_m": 402.6, "fim_m": 403.24, "faixa_id": 2, "classe": "0.50–1.50 m", "_coa_length_m": 0.64, "_coa_class": "0,50–1,50 m" }, "geometry": { "type": "MultiLineString", "coordinates": [ [ [ -48.6602732, -20.9251663 ], [ -48.6602787, -20.925169 ] ] ] } },
{ "type": "Feature", "properties": { "linha_id": 279, "comp_m": 0.8, "ini_m": 432.92, "fim_m": 433.72, "faixa_id": 2, "classe": "0.50–1.50 m", "_coa_length_m": 0.8, "_coa_class": "0,50–1,50 m" }, "geometry": { "type": "MultiLineString", "coordinates": [ [ [ -48.6605188, -20.9253118 ], [ -48.6605239, -20.9253161 ], [ -48.6605245, -20.9253167 ] ] ] } },
{ "type": "Feature", "properties": { "linha_id": 279, "comp_m": 3.469, "ini_m": 594.92, "fim_m": 598.389, "faixa_id": 4, "classe": "3.00–5.00 m", "_coa_length_m": 3.468, "_coa_class": "3,00–5,00 m" }, "geometry": { "type": "MultiLineString", "coordinates": [ [ [ -48.6610564, -20.9266572 ], [ -48.661058, -20.9266884 ] ] ] } },
{ "type": "Feature", "properties": { "linha_id": 280, "comp_m": 1.68, "ini_m": 361.56, "fim_m": 363.24, "faixa_id": 3, "classe": "1.50–3.00 m", "_coa_length_m": 1.679, "_coa_class": "1,50–3,00 m" }, "geometry": { "type": "MultiLineString", "coordinates": [ [ [ -48.6599004, -20.9250381 ], [ -48.6599154, -20.9250438 ] ] ] } },
{ "type": "Feature", "properties": { "linha_id": 280, "comp_m": 2.72, "ini_m": 366.36, "fim_m": 369.08, "faixa_id": 3, "classe": "1.50–3.00 m", "_coa_length_m": 2.719, "_coa_class": "1,50–3,00 m" }, "geometry": { "type": "MultiLineString", "coordinates": [ [ [ -48.6599432, -20.9250544 ], [ -48.6599674, -20.9250637 ] ] ] } },
{ "type": "Feature", "properties": { "linha_id": 280, "comp_m": 1.12, "ini_m": 437.48, "fim_m": 438.6, "faixa_id": 2, "classe": "0.50–1.50 m", "_coa_length_m": 1.12, "_coa_class": "0,50–1,50 m" }, "geometry": { "type": "MultiLineString", "coordinates": [ [ [ -48.6605414, -20.9253528 ], [ -48.6605485, -20.9253604 ] ] ] } },
{ "type": "Feature", "properties": { "linha_id": 280, "comp_m": 1.04, "ini_m": 537.4, "fim_m": 538.44, "faixa_id": 2, "classe": "0.50–1.50 m", "_coa_length_m": 1.04, "_coa_class": "0,50–1,50 m" }, "geometry": { "type": "MultiLineString", "coordinates": [ [ [ -48.6609559, -20.9261585 ], [ -48.6609583, -20.9261676 ] ] ] } },
{ "type": "Feature", "properties": { "linha_id": 280, "comp_m": 1.523, "ini_m": 592.44, "fim_m": 593.963, "faixa_id": 3, "classe": "1.50–3.00 m", "_coa_length_m": 1.522, "_coa_class": "1,50–3,00 m" }, "geometry": { "type": "MultiLineString", "coordinates": [ [ [ -48.6610416, -20.9266482 ], [ -48.6610426, -20.9266619 ] ] ] } },
{ "type": "Feature", "properties": { "linha_id": 281, "comp_m": 0.72, "ini_m": 41.64, "fim_m": 42.36, "faixa_id": 2, "classe": "0.50–1.50 m", "_coa_length_m": 0.72, "_coa_class": "0,50–1,50 m" }, "geometry": { "type": "MultiLineString", "coordinates": [ [ [ -48.6590249, -20.9224832 ], [ -48.6590289, -20.9224885 ] ] ] } },
{ "type": "Feature", "properties": { "linha_id": 281, "comp_m": 0.88, "ini_m": 274.6, "fim_m": 275.48, "faixa_id": 2, "classe": "0.50–1.50 m", "_coa_length_m": 0.88, "_coa_class": "0,50–1,50 m" }, "geometry": { "type": "MultiLineString", "coordinates": [ [ [ -48.6593489, -20.9244827 ], [ -48.6593497, -20.9244906 ] ] ] } },
{ "type": "Feature", "properties": { "linha_id": 281, "comp_m": 1.2, "ini_m": 293.0, "fim_m": 294.2, "faixa_id": 2, "classe": "0.50–1.50 m", "_coa_length_m": 1.2, "_coa_class": "0,50–1,50 m" }, "geometry": { "type": "MultiLineString", "coordinates": [ [ [ -48.6594117, -20.9246358 ], [ -48.6594185, -20.9246445 ] ] ] } },
{ "type": "Feature", "properties": { "linha_id": 281, "comp_m": 0.64, "ini_m": 295.8, "fim_m": 296.44, "faixa_id": 2, "classe": "0.50–1.50 m", "_coa_length_m": 0.64, "_coa_class": "0,50–1,50 m" }, "geometry": { "type": "MultiLineString", "coordinates": [ [ [ -48.6594276, -20.9246562 ], [ -48.6594313, -20.9246608 ] ] ] } },
{ "type": "Feature", "properties": { "linha_id": 281, "comp_m": 0.8, "ini_m": 322.84, "fim_m": 323.64, "faixa_id": 2, "classe": "0.50–1.50 m", "_coa_length_m": 0.8, "_coa_class": "0,50–1,50 m" }, "geometry": { "type": "MultiLineString", "coordinates": [ [ [ -48.6595978, -20.9248403 ], [ -48.6596034, -20.9248452 ] ] ] } },
{ "type": "Feature", "properties": { "linha_id": 281, "comp_m": 0.96, "ini_m": 337.64, "fim_m": 338.6, "faixa_id": 2, "classe": "0.50–1.50 m", "_coa_length_m": 0.96, "_coa_class": "0,50–1,50 m" }, "geometry": { "type": "MultiLineString", "coordinates": [ [ [ -48.6597012, -20.9249319 ], [ -48.6597082, -20.9249377 ] ] ] } },
{ "type": "Feature", "properties": { "linha_id": 281, "comp_m": 1.52, "ini_m": 351.32, "fim_m": 352.84, "faixa_id": 3, "classe": "1.50–3.00 m", "_coa_length_m": 1.519, "_coa_class": "1,50–3,00 m" }, "geometry": { "type": "MultiLineString", "coordinates": [ [ [ -48.6598057, -20.9250067 ], [ -48.6598163, -20.9250137 ], [ -48.6598177, -20.9250145 ] ] ] } },
{ "type": "Feature", "properties": { "linha_id": 281, "comp_m": 0.88, "ini_m": 362.36, "fim_m": 363.24, "faixa_id": 2, "classe": "0.50–1.50 m", "_coa_length_m": 0.88, "_coa_class": "0,50–1,50 m" }, "geometry": { "type": "MultiLineString", "coordinates": [ [ [ -48.6598992, -20.9250534 ], [ -48.659907, -20.9250565 ] ] ] } },
{ "type": "Feature", "properties": { "linha_id": 281, "comp_m": 0.88, "ini_m": 369.88, "fim_m": 370.76, "faixa_id": 2, "classe": "0.50–1.50 m", "_coa_length_m": 0.88, "_coa_class": "0,50–1,50 m" }, "geometry": { "type": "MultiLineString", "coordinates": [ [ [ -48.6599667, -20.9250775 ], [ -48.6599747, -20.9250802 ] ] ] } },
{ "type": "Feature", "properties": { "linha_id": 281, "comp_m": 0.96, "ini_m": 412.84, "fim_m": 413.8, "faixa_id": 2, "classe": "0.50–1.50 m", "_coa_length_m": 0.96, "_coa_class": "0,50–1,50 m" }, "geometry": { "type": "MultiLineString", "coordinates": [ [ [ -48.6603445, -20.9252326 ], [ -48.6603526, -20.9252367 ] ] ] } },
{ "type": "Feature", "properties": { "linha_id": 281, "comp_m": 0.64, "ini_m": 452.44, "fim_m": 453.08, "faixa_id": 2, "classe": "0.50–1.50 m", "_coa_length_m": 0.64, "_coa_class": "0,50–1,50 m" }, "geometry": { "type": "MultiLineString", "coordinates": [ [ [ -48.6606214, -20.9254711 ], [ -48.6606249, -20.9254759 ] ] ] } },
{ "type": "Feature", "properties": { "linha_id": 281, "comp_m": 0.8, "ini_m": 480.84, "fim_m": 481.64, "faixa_id": 2, "classe": "0.50–1.50 m", "_coa_length_m": 0.8, "_coa_class": "0,50–1,50 m" }, "geometry": { "type": "MultiLineString", "coordinates": [ [ [ -48.6607543, -20.9256947 ], [ -48.6607576, -20.9257012 ] ] ] } },
{ "type": "Feature", "properties": { "linha_id": 281, "comp_m": 0.72, "ini_m": 485.48, "fim_m": 486.2, "faixa_id": 2, "classe": "0.50–1.50 m", "_coa_length_m": 0.72, "_coa_class": "0,50–1,50 m" }, "geometry": { "type": "MultiLineString", "coordinates": [ [ [ -48.6607733, -20.9257326 ], [ -48.6607754, -20.9257367 ], [ -48.6607764, -20.9257384 ] ] ] } },
{ "type": "Feature", "properties": { "linha_id": 281, "comp_m": 1.52, "ini_m": 576.84, "fim_m": 578.36, "faixa_id": 3, "classe": "1.50–3.00 m", "_coa_length_m": 1.519, "_coa_class": "1,50–3,00 m" }, "geometry": { "type": "MultiLineString", "coordinates": [ [ [ -48.6610154, -20.9265212 ], [ -48.661017, -20.9265348 ] ] ] } },
{ "type": "Feature", "properties": { "linha_id": 281, "comp_m": 2.4, "ini_m": 579.24, "fim_m": 581.64, "faixa_id": 3, "classe": "1.50–3.00 m", "_coa_length_m": 2.399, "_coa_class": "1,50–3,00 m" }, "geometry": { "type": "MultiLineString", "coordinates": [ [ [ -48.6610179, -20.9265427 ], [ -48.6610205, -20.9265643 ] ] ] } },
{ "type": "Feature", "properties": { "linha_id": 281, "comp_m": 1.12, "ini_m": 582.92, "fim_m": 584.04, "faixa_id": 2, "classe": "0.50–1.50 m", "_coa_length_m": 1.12, "_coa_class": "0,50–1,50 m" }, "geometry": { "type": "MultiLineString", "coordinates": [ [ [ -48.6610218, -20.9265758 ], [ -48.661023, -20.9265858 ] ] ] } },
{ "type": "Feature", "properties": { "linha_id": 281, "comp_m": 1.743, "ini_m": 591.48, "fim_m": 593.223, "faixa_id": 3, "classe": "1.50–3.00 m", "_coa_length_m": 1.742, "_coa_class": "1,50–3,00 m" }, "geometry": { "type": "MultiLineString", "coordinates": [ [ [ -48.6610288, -20.9266528 ], [ -48.6610302, -20.9266684 ] ] ] } },
{ "type": "Feature", "properties": { "linha_id": 282, "comp_m": 0.72, "ini_m": 158.36, "fim_m": 159.08, "faixa_id": 2, "classe": "0.50–1.50 m", "_coa_length_m": 0.72, "_coa_class": "0,50–1,50 m" }, "geometry": { "type": "MultiLineString", "coordinates": [ [ [ -48.6594461, -20.9234604 ], [ -48.6594462, -20.9234607 ], [ -48.6594466, -20.9234669 ] ] ] } },
{ "type": "Feature", "properties": { "linha_id": 282, "comp_m": 1.6, "ini_m": 330.12, "fim_m": 331.72, "faixa_id": 3, "classe": "1.50–3.00 m", "_coa_length_m": 1.599, "_coa_class": "1,50–3,00 m" }, "geometry": { "type": "MultiLineString", "coordinates": [ [ [ -48.6596414, -20.9248964 ], [ -48.6596526, -20.9249062 ] ] ] } },
{ "type": "Feature", "properties": { "linha_id": 282, "comp_m": 1.04, "ini_m": 355.0, "fim_m": 356.04, "faixa_id": 2, "classe": "0.50–1.50 m", "_coa_length_m": 1.04, "_coa_class": "0,50–1,50 m" }, "geometry": { "type": "MultiLineString", "coordinates": [ [ [ -48.6598282, -20.9250354 ], [ -48.6598369, -20.9250399 ] ] ] } },
{ "type": "Feature", "properties": { "linha_id": 282, "comp_m": 1.76, "ini_m": 369.24, "fim_m": 371.0, "faixa_id": 3, "classe": "1.50–3.00 m", "_coa_length_m": 1.759, "_coa_class": "1,50–3,00 m" }, "geometry": { "type": "MultiLineString", "coordinates": [ [ [ -48.6599533, -20.9250867 ], [ -48.6599692, -20.9250923 ] ] ] } },
{ "type": "Feature", "properties": { "linha_id": 282, "comp_m": 0.56, "ini_m": 525.64, "fim_m": 526.2, "faixa_id": 2, "classe": "0.50–1.50 m", "_coa_length_m": 0.56, "_coa_class": "0,50–1,50 m" }, "geometry": { "type": "MultiLineString", "coordinates": [ [ [ -48.6609048, -20.9260823 ], [ -48.6609063, -20.9260872 ] ] ] } },
{ "type": "Feature", "properties": { "linha_id": 282, "comp_m": 0.842, "ini_m": 589.48, "fim_m": 590.322, "faixa_id": 2, "classe": "0.50–1.50 m", "_coa_length_m": 0.842, "_coa_class": "0,50–1,50 m" }, "geometry": { "type": "MultiLineString", "coordinates": [ [ [ -48.6610136, -20.9266485 ], [ -48.6610141, -20.9266561 ] ] ] } },
{ "type": "Feature", "properties": { "linha_id": 283, "comp_m": 1.12, "ini_m": 49.08, "fim_m": 50.2, "faixa_id": 2, "classe": "0.50–1.50 m", "_coa_length_m": 1.12, "_coa_class": "0,50–1,50 m" }, "geometry": { "type": "MultiLineString", "coordinates": [ [ [ -48.6590459, -20.9225636 ], [ -48.6590517, -20.9225721 ] ] ] } },
{ "type": "Feature", "properties": { "linha_id": 283, "comp_m": 1.04, "ini_m": 321.96, "fim_m": 323.0, "faixa_id": 2, "classe": "0.50–1.50 m", "_coa_length_m": 1.04, "_coa_class": "0,50–1,50 m" }, "geometry": { "type": "MultiLineString", "coordinates": [ [ [ -48.6595758, -20.9248558 ], [ -48.6595834, -20.924862 ] ] ] } },
{ "type": "Feature", "properties": { "linha_id": 283, "comp_m": 3.68, "ini_m": 325.08, "fim_m": 328.76, "faixa_id": 4, "classe": "3.00–5.00 m", "_coa_length_m": 3.679, "_coa_class": "3,00–5,00 m" }, "geometry": { "type": "MultiLineString", "coordinates": [ [ [ -48.6595981, -20.9248746 ], [ -48.6596143, -20.9248922 ], [ -48.6596221, -20.9248989 ] ] ] } },
{ "type": "Feature", "properties": { "linha_id": 283, "comp_m": 0.88, "ini_m": 329.24, "fim_m": 330.12, "faixa_id": 2, "classe": "0.50–1.50 m", "_coa_length_m": 0.88, "_coa_class": "0,50–1,50 m" }, "geometry": { "type": "MultiLineString", "coordinates": [ [ [ -48.6596255, -20.9249019 ], [ -48.6596317, -20.9249073 ] ] ] } },
{ "type": "Feature", "properties": { "linha_id": 283, "comp_m": 2.96, "ini_m": 387.48, "fim_m": 390.44, "faixa_id": 3, "classe": "1.50–3.00 m", "_coa_length_m": 2.959, "_coa_class": "1,50–3,00 m" }, "geometry": { "type": "MultiLineString", "coordinates": [ [ [ -48.6601076, -20.9251565 ], [ -48.660134, -20.9251664 ] ] ] } },
{ "type": "Feature", "properties": { "linha_id": 283, "comp_m": 2.64, "ini_m": 430.76, "fim_m": 433.4, "faixa_id": 3, "classe": "1.50–3.00 m", "_coa_length_m": 2.639, "_coa_class": "1,50–3,00 m" }, "geometry": { "type": "MultiLineString", "coordinates": [ [ [ -48.6604718, -20.9253426 ], [ -48.6604876, -20.9253548 ], [ -48.6604907, -20.9253584 ] ] ] } },
{ "type": "Feature", "properties": { "linha_id": 283, "comp_m": 0.56, "ini_m": 502.2, "fim_m": 502.76, "faixa_id": 2, "classe": "0.50–1.50 m", "_coa_length_m": 0.56, "_coa_class": "0,50–1,50 m" }, "geometry": { "type": "MultiLineString", "coordinates": [ [ [ -48.6608181, -20.9258947 ], [ -48.6608203, -20.9258994 ] ] ] } },
{ "type": "Feature", "properties": { "linha_id": 283, "comp_m": 0.56, "ini_m": 520.28, "fim_m": 520.84, "faixa_id": 2, "classe": "0.50–1.50 m", "_coa_length_m": 0.56, "_coa_class": "0,50–1,50 m" }, "geometry": { "type": "MultiLineString", "coordinates": [ [ [ -48.6608785, -20.9260477 ], [ -48.66088, -20.9260526 ] ] ] } },
{ "type": "Feature", "properties": { "linha_id": 283, "comp_m": 0.56, "ini_m": 529.64, "fim_m": 530.2, "faixa_id": 2, "classe": "0.50–1.50 m", "_coa_length_m": 0.56, "_coa_class": "0,50–1,50 m" }, "geometry": { "type": "MultiLineString", "coordinates": [ [ [ -48.6609025, -20.9261291 ], [ -48.6609038, -20.926134 ] ] ] } },
{ "type": "Feature", "properties": { "linha_id": 283, "comp_m": 0.56, "ini_m": 562.44, "fim_m": 563.0, "faixa_id": 2, "classe": "0.50–1.50 m", "_coa_length_m": 0.56, "_coa_class": "0,50–1,50 m" }, "geometry": { "type": "MultiLineString", "coordinates": [ [ [ -48.6609698, -20.9264183 ], [ -48.6609706, -20.9264233 ] ] ] } },
{ "type": "Feature", "properties": { "linha_id": 283, "comp_m": 0.56, "ini_m": 566.44, "fim_m": 567.0, "faixa_id": 2, "classe": "0.50–1.50 m", "_coa_length_m": 0.56, "_coa_class": "0,50–1,50 m" }, "geometry": { "type": "MultiLineString", "coordinates": [ [ [ -48.6609759, -20.926454 ], [ -48.6609768, -20.926459 ] ] ] } },
{ "type": "Feature", "properties": { "linha_id": 285, "comp_m": 1.76, "ini_m": 25.4, "fim_m": 27.16, "faixa_id": 3, "classe": "1.50–3.00 m", "_coa_length_m": 1.759, "_coa_class": "1,50–3,00 m" }, "geometry": { "type": "MultiLineString", "coordinates": [ [ [ -48.6589138, -20.9224049 ], [ -48.6589231, -20.9224182 ] ] ] } },
{ "type": "Feature", "properties": { "linha_id": 285, "comp_m": 4.16, "ini_m": 27.72, "fim_m": 31.88, "faixa_id": 4, "classe": "3.00–5.00 m", "_coa_length_m": 4.159, "_coa_class": "3,00–5,00 m" }, "geometry": { "type": "MultiLineString", "coordinates": [ [ [ -48.6589261, -20.9224224 ], [ -48.6589265, -20.9224229 ], [ -48.6589332, -20.9224287 ], [ -48.6589365, -20.9224365 ], [ -48.6589416, -20.9224436 ], [ -48.6589493, -20.9224524 ] ] ] } },
{ "type": "Feature", "properties": { "linha_id": 285, "comp_m": 1.04, "ini_m": 36.52, "fim_m": 37.56, "faixa_id": 2, "classe": "0.50–1.50 m", "_coa_length_m": 1.04, "_coa_class": "0,50–1,50 m" }, "geometry": { "type": "MultiLineString", "coordinates": [ [ [ -48.6589753, -20.9224864 ], [ -48.6589811, -20.9224941 ] ] ] } },
{ "type": "Feature", "properties": { "linha_id": 285, "comp_m": 1.2, "ini_m": 45.88, "fim_m": 47.08, "faixa_id": 2, "classe": "0.50–1.50 m", "_coa_length_m": 1.2, "_coa_class": "0,50–1,50 m" }, "geometry": { "type": "MultiLineString", "coordinates": [ [ [ -48.6590247, -20.9225568 ], [ -48.6590249, -20.9225572 ], [ -48.6590311, -20.9225658 ] ] ] } },
{ "type": "Feature", "properties": { "linha_id": 285, "comp_m": 0.96, "ini_m": 55.16, "fim_m": 56.12, "faixa_id": 2, "classe": "0.50–1.50 m", "_coa_length_m": 0.96, "_coa_class": "0,50–1,50 m" }, "geometry": { "type": "MultiLineString", "coordinates": [ [ [ -48.6590692, -20.9226293 ], [ -48.65907, -20.9226308 ], [ -48.6590736, -20.9226369 ] ] ] } },
{ "type": "Feature", "properties": { "linha_id": 285, "comp_m": 0.8, "ini_m": 90.44, "fim_m": 91.24, "faixa_id": 2, "classe": "0.50–1.50 m", "_coa_length_m": 0.8, "_coa_class": "0,50–1,50 m" }, "geometry": { "type": "MultiLineString", "coordinates": [ [ [ -48.6592248, -20.9229122 ], [ -48.6592282, -20.9229187 ] ] ] } },
{ "type": "Feature", "properties": { "linha_id": 285, "comp_m": 1.2, "ini_m": 104.84, "fim_m": 106.04, "faixa_id": 2, "classe": "0.50–1.50 m", "_coa_length_m": 1.2, "_coa_class": "0,50–1,50 m" }, "geometry": { "type": "MultiLineString", "coordinates": [ [ [ -48.6592838, -20.9230298 ], [ -48.6592886, -20.9230397 ] ] ] } },
{ "type": "Feature", "properties": { "linha_id": 285, "comp_m": 0.64, "ini_m": 116.2, "fim_m": 116.84, "faixa_id": 2, "classe": "0.50–1.50 m", "_coa_length_m": 0.64, "_coa_class": "0,50–1,50 m" }, "geometry": { "type": "MultiLineString", "coordinates": [ [ [ -48.6593269, -20.923124 ], [ -48.6593292, -20.9231294 ] ] ] } },
{ "type": "Feature", "properties": { "linha_id": 285, "comp_m": 0.96, "ini_m": 117.08, "fim_m": 118.04, "faixa_id": 2, "classe": "0.50–1.50 m", "_coa_length_m": 0.96, "_coa_class": "0,50–1,50 m" }, "geometry": { "type": "MultiLineString", "coordinates": [ [ [ -48.6593301, -20.9231314 ], [ -48.6593335, -20.9231394 ] ] ] } },
{ "type": "Feature", "properties": { "linha_id": 285, "comp_m": 0.56, "ini_m": 142.44, "fim_m": 143.0, "faixa_id": 2, "classe": "0.50–1.50 m", "_coa_length_m": 0.56, "_coa_class": "0,50–1,50 m" }, "geometry": { "type": "MultiLineString", "coordinates": [ [ [ -48.6593974, -20.9233511 ], [ -48.6593986, -20.923356 ] ] ] } },
{ "type": "Feature", "properties": { "linha_id": 285, "comp_m": 0.64, "ini_m": 152.6, "fim_m": 153.24, "faixa_id": 2, "classe": "0.50–1.50 m", "_coa_length_m": 0.64, "_coa_class": "0,50–1,50 m" }, "geometry": { "type": "MultiLineString", "coordinates": [ [ [ -48.6594145, -20.9234414 ], [ -48.6594147, -20.9234426 ], [ -48.659415, -20.9234471 ] ] ] } },
{ "type": "Feature", "properties": { "linha_id": 285, "comp_m": 2.24, "ini_m": 159.08, "fim_m": 161.32, "faixa_id": 3, "classe": "1.50–3.00 m", "_coa_length_m": 2.239, "_coa_class": "1,50–3,00 m" }, "geometry": { "type": "MultiLineString", "coordinates": [ [ [ -48.6594181, -20.9234997 ], [ -48.6594182, -20.9235129 ], [ -48.6594188, -20.9235199 ] ] ] } },
{ "type": "Feature", "properties": { "linha_id": 285, "comp_m": 0.56, "ini_m": 165.24, "fim_m": 165.8, "faixa_id": 2, "classe": "0.50–1.50 m", "_coa_length_m": 0.56, "_coa_class": "0,50–1,50 m" }, "geometry": { "type": "MultiLineString", "coordinates": [ [ [ -48.6594216, -20.9235552 ], [ -48.6594216, -20.9235603 ] ] ] } },
{ "type": "Feature", "properties": { "linha_id": 285, "comp_m": 0.56, "ini_m": 174.36, "fim_m": 174.92, "faixa_id": 2, "classe": "0.50–1.50 m", "_coa_length_m": 0.56, "_coa_class": "0,50–1,50 m" }, "geometry": { "type": "MultiLineString", "coordinates": [ [ [ -48.6594229, -20.9236376 ], [ -48.659423, -20.9236426 ] ] ] } },
{ "type": "Feature", "properties": { "linha_id": 285, "comp_m": 1.6, "ini_m": 181.32, "fim_m": 182.92, "faixa_id": 3, "classe": "1.50–3.00 m", "_coa_length_m": 1.599, "_coa_class": "1,50–3,00 m" }, "geometry": { "type": "MultiLineString", "coordinates": [ [ [ -48.6594239, -20.9237004 ], [ -48.6594241, -20.9237148 ] ] ] } },
{ "type": "Feature", "properties": { "linha_id": 285, "comp_m": 2.16, "ini_m": 185.64, "fim_m": 187.8, "faixa_id": 3, "classe": "1.50–3.00 m", "_coa_length_m": 2.159, "_coa_class": "1,50–3,00 m" }, "geometry": { "type": "MultiLineString", "coordinates": [ [ [ -48.6594235, -20.9237394 ], [ -48.6594223, -20.9237588 ] ] ] } },
{ "type": "Feature", "properties": { "linha_id": 285, "comp_m": 3.44, "ini_m": 204.52, "fim_m": 207.96, "faixa_id": 4, "classe": "3.00–5.00 m", "_coa_length_m": 3.439, "_coa_class": "3,00–5,00 m" }, "geometry": { "type": "MultiLineString", "coordinates": [ [ [ -48.6593884, -20.923906 ], [ -48.6593781, -20.9239355 ] ] ] } },
{ "type": "Feature", "properties": { "linha_id": 285, "comp_m": 0.72, "ini_m": 220.28, "fim_m": 221.0, "faixa_id": 2, "classe": "0.50–1.50 m", "_coa_length_m": 0.72, "_coa_class": "0,50–1,50 m" }, "geometry": { "type": "MultiLineString", "coordinates": [ [ [ -48.6593431, -20.9240417 ], [ -48.6593412, -20.924048 ] ] ] } },
{ "type": "Feature", "properties": { "linha_id": 285, "comp_m": 2.08, "ini_m": 227.24, "fim_m": 229.32, "faixa_id": 3, "classe": "1.50–3.00 m", "_coa_length_m": 2.079, "_coa_class": "1,50–3,00 m" }, "geometry": { "type": "MultiLineString", "coordinates": [ [ [ -48.6593283, -20.924103 ], [ -48.6593252, -20.9241215 ] ] ] } },
{ "type": "Feature", "properties": { "linha_id": 285, "comp_m": 1.04, "ini_m": 233.08, "fim_m": 234.12, "faixa_id": 2, "classe": "0.50–1.50 m", "_coa_length_m": 1.04, "_coa_class": "0,50–1,50 m" }, "geometry": { "type": "MultiLineString", "coordinates": [ [ [ -48.6593203, -20.9241551 ], [ -48.6593192, -20.9241645 ] ] ] } },
{ "type": "Feature", "properties": { "linha_id": 285, "comp_m": 0.8, "ini_m": 235.4, "fim_m": 236.2, "faixa_id": 2, "classe": "0.50–1.50 m", "_coa_length_m": 0.8, "_coa_class": "0,50–1,50 m" }, "geometry": { "type": "MultiLineString", "coordinates": [ [ [ -48.6593179, -20.924176 ], [ -48.6593171, -20.9241831 ] ] ] } },
{ "type": "Feature", "properties": { "linha_id": 285, "comp_m": 1.76, "ini_m": 245.16, "fim_m": 246.92, "faixa_id": 3, "classe": "1.50–3.00 m", "_coa_length_m": 1.759, "_coa_class": "1,50–3,00 m" }, "geometry": { "type": "MultiLineString", "coordinates": [ [ [ -48.6593101, -20.9242637 ], [ -48.6593092, -20.924271 ], [ -48.659309, -20.9242795 ] ] ] } },
{ "type": "Feature", "properties": { "linha_id": 285, "comp_m": 0.56, "ini_m": 279.56, "fim_m": 280.12, "faixa_id": 2, "classe": "0.50–1.50 m", "_coa_length_m": 0.56, "_coa_class": "0,50–1,50 m" }, "geometry": { "type": "MultiLineString", "coordinates": [ [ [ -48.6593243, -20.9245712 ], [ -48.6593266, -20.9245758 ] ] ] } },
{ "type": "Feature", "properties": { "linha_id": 285, "comp_m": 0.56, "ini_m": 301.64, "fim_m": 302.2, "faixa_id": 2, "classe": "0.50–1.50 m", "_coa_length_m": 0.56, "_coa_class": "0,50–1,50 m" }, "geometry": { "type": "MultiLineString", "coordinates": [ [ [ -48.6594411, -20.9247366 ], [ -48.6594445, -20.9247405 ] ] ] } },
{ "type": "Feature", "properties": { "linha_id": 285, "comp_m": 1.84, "ini_m": 326.76, "fim_m": 328.6, "faixa_id": 3, "classe": "1.50–3.00 m", "_coa_length_m": 1.839, "_coa_class": "1,50–3,00 m" }, "geometry": { "type": "MultiLineString", "coordinates": [ [ [ -48.6596061, -20.9249016 ], [ -48.6596173, -20.9249123 ], [ -48.6596185, -20.9249134 ] ] ] } },
{ "type": "Feature", "properties": { "linha_id": 285, "comp_m": 1.36, "ini_m": 330.12, "fim_m": 331.48, "faixa_id": 2, "classe": "0.50–1.50 m", "_coa_length_m": 1.36, "_coa_class": "0,50–1,50 m" }, "geometry": { "type": "MultiLineString", "coordinates": [ [ [ -48.6596292, -20.9249228 ], [ -48.6596387, -20.9249312 ] ] ] } },
{ "type": "Feature", "properties": { "linha_id": 285, "comp_m": 1.52, "ini_m": 333.48, "fim_m": 335.0, "faixa_id": 3, "classe": "1.50–3.00 m", "_coa_length_m": 1.519, "_coa_class": "1,50–3,00 m" }, "geometry": { "type": "MultiLineString", "coordinates": [ [ [ -48.6596526, -20.9249436 ], [ -48.6596633, -20.924953 ] ] ] } },
{ "type": "Feature", "properties": { "linha_id": 285, "comp_m": 3.84, "ini_m": 347.8, "fim_m": 351.64, "faixa_id": 4, "classe": "3.00–5.00 m", "_coa_length_m": 3.839, "_coa_class": "3,00–5,00 m" }, "geometry": { "type": "MultiLineString", "coordinates": [ [ [ -48.6597584, -20.9250262 ], [ -48.659766, -20.9250317 ], [ -48.6597891, -20.9250454 ] ] ] } },
{ "type": "Feature", "properties": { "linha_id": 285, "comp_m": 0.56, "ini_m": 377.08, "fim_m": 377.64, "faixa_id": 2, "classe": "0.50–1.50 m", "_coa_length_m": 0.56, "_coa_class": "0,50–1,50 m" }, "geometry": { "type": "MultiLineString", "coordinates": [ [ [ -48.6600131, -20.9251358 ], [ -48.6600182, -20.9251377 ] ] ] } },
{ "type": "Feature", "properties": { "linha_id": 285, "comp_m": 1.68, "ini_m": 427.48, "fim_m": 429.16, "faixa_id": 3, "classe": "1.50–3.00 m", "_coa_length_m": 1.679, "_coa_class": "1,50–3,00 m" }, "geometry": { "type": "MultiLineString", "coordinates": [ [ [ -48.6604438, -20.9253408 ], [ -48.6604568, -20.9253498 ] ] ] } },
{ "type": "Feature", "properties": { "linha_id": 285, "comp_m": 0.88, "ini_m": 510.28, "fim_m": 511.16, "faixa_id": 2, "classe": "0.50–1.50 m", "_coa_length_m": 0.88, "_coa_class": "0,50–1,50 m" }, "geometry": { "type": "MultiLineString", "coordinates": [ [ [ -48.6608393, -20.9259817 ], [ -48.6608422, -20.9259891 ] ] ] } },
{ "type": "Feature", "properties": { "linha_id": 285, "comp_m": 0.88, "ini_m": 520.28, "fim_m": 521.16, "faixa_id": 2, "classe": "0.50–1.50 m", "_coa_length_m": 0.88, "_coa_class": "0,50–1,50 m" }, "geometry": { "type": "MultiLineString", "coordinates": [ [ [ -48.6608694, -20.9260673 ], [ -48.6608716, -20.926075 ] ] ] } },
{ "type": "Feature", "properties": { "linha_id": 285, "comp_m": 3.68, "ini_m": 521.88, "fim_m": 525.56, "faixa_id": 4, "classe": "3.00–5.00 m", "_coa_length_m": 3.679, "_coa_class": "3,00–5,00 m" }, "geometry": { "type": "MultiLineString", "coordinates": [ [ [ -48.6608726, -20.9260814 ], [ -48.6608743, -20.9260922 ], [ -48.6608759, -20.9260911 ], [ -48.6608819, -20.9261109 ] ] ] } },
{ "type": "Feature", "properties": { "linha_id": 285, "comp_m": 0.8, "ini_m": 527.24, "fim_m": 528.04, "faixa_id": 2, "classe": "0.50–1.50 m", "_coa_length_m": 0.8, "_coa_class": "0,50–1,50 m" }, "geometry": { "type": "MultiLineString", "coordinates": [ [ [ -48.6608864, -20.9261255 ], [ -48.6608885, -20.9261324 ] ] ] } },
{ "type": "Feature", "properties": { "linha_id": 285, "comp_m": 4.24, "ini_m": 540.6, "fim_m": 544.84, "faixa_id": 4, "classe": "3.00–5.00 m", "_coa_length_m": 4.239, "_coa_class": "3,00–5,00 m" }, "geometry": { "type": "MultiLineString", "coordinates": [ [ [ -48.6609173, -20.9262425 ], [ -48.6609207, -20.9262564 ], [ -48.6609238, -20.9262672 ], [ -48.6609263, -20.9262798 ] ] ] } },
{ "type": "Feature", "properties": { "linha_id": 287, "comp_m": 0.96, "ini_m": 199.0, "fim_m": 199.96, "faixa_id": 2, "classe": "0.50–1.50 m", "_coa_length_m": 0.96, "_coa_class": "0,50–1,50 m" }, "geometry": { "type": "MultiLineString", "coordinates": [ [ [ -48.659356, -20.9238863 ], [ -48.6593544, -20.92389 ], [ -48.6593532, -20.9238945 ] ] ] } },
{ "type": "Feature", "properties": { "linha_id": 287, "comp_m": 0.72, "ini_m": 373.72, "fim_m": 374.44, "faixa_id": 2, "classe": "0.50–1.50 m", "_coa_length_m": 0.72, "_coa_class": "0,50–1,50 m" }, "geometry": { "type": "MultiLineString", "coordinates": [ [ [ -48.6599523, -20.9251532 ], [ -48.6599588, -20.9251557 ] ] ] } },
{ "type": "Feature", "properties": { "linha_id": 287, "comp_m": 2.64, "ini_m": 566.12, "fim_m": 568.76, "faixa_id": 3, "classe": "1.50–3.00 m", "_coa_length_m": 2.639, "_coa_class": "1,50–3,00 m" }, "geometry": { "type": "MultiLineString", "coordinates": [ [ [ -48.6609273, -20.926501 ], [ -48.6609303, -20.9265219 ], [ -48.6609305, -20.9265246 ] ] ] } },
{ "type": "Feature", "properties": { "linha_id": 287, "comp_m": 7.44, "ini_m": 569.48, "fim_m": 576.92, "faixa_id": 5, "classe": "≥ 5.00 m", "_coa_length_m": 7.438, "_coa_class": ">= 5,00 m" }, "geometry": { "type": "MultiLineString", "coordinates": [ [ [ -48.660931, -20.9265311 ], [ -48.6609332, -20.9265588 ], [ -48.6609314, -20.9265712 ], [ -48.6609368, -20.9265855 ], [ -48.6609381, -20.9265972 ] ] ] } },
{ "type": "Feature", "properties": { "linha_id": 288, "comp_m": 0.96, "ini_m": 161.08, "fim_m": 162.04, "faixa_id": 2, "classe": "0.50–1.50 m", "_coa_length_m": 0.96, "_coa_class": "0,50–1,50 m" }, "geometry": { "type": "MultiLineString", "coordinates": [ [ [ -48.6593537, -20.923569 ], [ -48.6593536, -20.9235776 ] ] ] } },
{ "type": "Feature", "properties": { "linha_id": 288, "comp_m": 0.64, "ini_m": 187.48, "fim_m": 188.12, "faixa_id": 2, "classe": "0.50–1.50 m", "_coa_length_m": 0.64, "_coa_class": "0,50–1,50 m" }, "geometry": { "type": "MultiLineString", "coordinates": [ [ [ -48.6593492, -20.9238065 ], [ -48.659348, -20.9238122 ] ] ] } },
{ "type": "Feature", "properties": { "linha_id": 288, "comp_m": 3.44, "ini_m": 194.36, "fim_m": 197.8, "faixa_id": 4, "classe": "3.00–5.00 m", "_coa_length_m": 3.439, "_coa_class": "3,00–5,00 m" }, "geometry": { "type": "MultiLineString", "coordinates": [ [ [ -48.6593339, -20.9238669 ], [ -48.6593299, -20.9238802 ], [ -48.6593241, -20.9238966 ] ] ] } },
{ "type": "Feature", "properties": { "linha_id": 288, "comp_m": 0.64, "ini_m": 214.2, "fim_m": 214.84, "faixa_id": 2, "classe": "0.50–1.50 m", "_coa_length_m": 0.64, "_coa_class": "0,50–1,50 m" }, "geometry": { "type": "MultiLineString", "coordinates": [ [ [ -48.6592764, -20.9240377 ], [ -48.6592747, -20.9240432 ] ] ] } },
{ "type": "Feature", "properties": { "linha_id": 288, "comp_m": 0.88, "ini_m": 216.44, "fim_m": 217.32, "faixa_id": 2, "classe": "0.50–1.50 m", "_coa_length_m": 0.88, "_coa_class": "0,50–1,50 m" }, "geometry": { "type": "MultiLineString", "coordinates": [ [ [ -48.6592708, -20.9240572 ], [ -48.6592687, -20.9240649 ] ] ] } },
{ "type": "Feature", "properties": { "linha_id": 288, "comp_m": 1.12, "ini_m": 353.0, "fim_m": 354.12, "faixa_id": 2, "classe": "0.50–1.50 m", "_coa_length_m": 1.12, "_coa_class": "0,50–1,50 m" }, "geometry": { "type": "MultiLineString", "coordinates": [ [ [ -48.6597481, -20.9250964 ], [ -48.6597574, -20.9251015 ] ] ] } },
{ "type": "Feature", "properties": { "linha_id": 288, "comp_m": 3.28, "ini_m": 356.84, "fim_m": 360.12, "faixa_id": 4, "classe": "3.00–5.00 m", "_coa_length_m": 3.279, "_coa_class": "3,00–5,00 m" }, "geometry": { "type": "MultiLineString", "coordinates": [ [ [ -48.6597799, -20.9251139 ], [ -48.6597976, -20.9251236 ], [ -48.6598078, -20.9251277 ] ] ] } },
{ "type": "Feature", "properties": { "linha_id": 288, "comp_m": 1.76, "ini_m": 360.2, "fim_m": 361.96, "faixa_id": 3, "classe": "1.50–3.00 m", "_coa_length_m": 1.759, "_coa_class": "1,50–3,00 m" }, "geometry": { "type": "MultiLineString", "coordinates": [ [ [ -48.6598085, -20.925128 ], [ -48.659824, -20.9251343 ] ] ] } },
{ "type": "Feature", "properties": { "linha_id": 288, "comp_m": 1.68, "ini_m": 381.32, "fim_m": 383.0, "faixa_id": 3, "classe": "1.50–3.00 m", "_coa_length_m": 1.679, "_coa_class": "1,50–3,00 m" }, "geometry": { "type": "MultiLineString", "coordinates": [ [ [ -48.6599971, -20.9251982 ], [ -48.6600122, -20.9252035 ] ] ] } },
{ "type": "Feature", "properties": { "linha_id": 288, "comp_m": 0.56, "ini_m": 423.88, "fim_m": 424.44, "faixa_id": 2, "classe": "0.50–1.50 m", "_coa_length_m": 0.56, "_coa_class": "0,50–1,50 m" }, "geometry": { "type": "MultiLineString", "coordinates": [ [ [ -48.6603636, -20.9253674 ], [ -48.6603681, -20.9253701 ] ] ] } },
{ "type": "Feature", "properties": { "linha_id": 288, "comp_m": 2.88, "ini_m": 530.04, "fim_m": 532.92, "faixa_id": 3, "classe": "1.50–3.00 m", "_coa_length_m": 2.879, "_coa_class": "1,50–3,00 m" }, "geometry": { "type": "MultiLineString", "coordinates": [ [ [ -48.6608362, -20.9262009 ], [ -48.6608423, -20.9262263 ] ] ] } },
{ "type": "Feature", "properties": { "linha_id": 288, "comp_m": 0.96, "ini_m": 547.48, "fim_m": 548.44, "faixa_id": 2, "classe": "0.50–1.50 m", "_coa_length_m": 0.96, "_coa_class": "0,50–1,50 m" }, "geometry": { "type": "MultiLineString", "coordinates": [ [ [ -48.6608704, -20.9263551 ], [ -48.660872, -20.9263636 ] ] ] } },
{ "type": "Feature", "properties": { "linha_id": 288, "comp_m": 5.147, "ini_m": 568.36, "fim_m": 573.507, "faixa_id": 5, "classe": "≥ 5.00 m", "_coa_length_m": 5.145, "_coa_class": ">= 5,00 m" }, "geometry": { "type": "MultiLineString", "coordinates": [ [ [ -48.6609015, -20.926541 ], [ -48.6609018, -20.9265529 ], [ -48.6609039, -20.9265593 ], [ -48.6609131, -20.9265715 ], [ -48.6609192, -20.9265831 ] ] ] } },
{ "type": "Feature", "properties": { "linha_id": 289, "comp_m": 1.2, "ini_m": 49.88, "fim_m": 51.08, "faixa_id": 2, "classe": "0.50–1.50 m", "_coa_length_m": 1.2, "_coa_class": "0,50–1,50 m" }, "geometry": { "type": "MultiLineString", "coordinates": [ [ [ -48.659006, -20.922623 ], [ -48.6590116, -20.9226325 ] ] ] } },
{ "type": "Feature", "properties": { "linha_id": 289, "comp_m": 0.64, "ini_m": 57.4, "fim_m": 58.04, "faixa_id": 2, "classe": "0.50–1.50 m", "_coa_length_m": 0.64, "_coa_class": "0,50–1,50 m" }, "geometry": { "type": "MultiLineString", "coordinates": [ [ [ -48.659041, -20.9226824 ], [ -48.659044, -20.9226875 ] ] ] } },
{ "type": "Feature", "properties": { "linha_id": 289, "comp_m": 1.28, "ini_m": 196.92, "fim_m": 198.2, "faixa_id": 2, "classe": "0.50–1.50 m", "_coa_length_m": 1.28, "_coa_class": "0,50–1,50 m" }, "geometry": { "type": "MultiLineString", "coordinates": [ [ [ -48.6593442, -20.9238766 ], [ -48.6593405, -20.9238877 ] ] ] } },
{ "type": "Feature", "properties": { "linha_id": 289, "comp_m": 0.64, "ini_m": 412.36, "fim_m": 413.0, "faixa_id": 2, "classe": "0.50–1.50 m", "_coa_length_m": 0.64, "_coa_class": "0,50–1,50 m" }, "geometry": { "type": "MultiLineString", "coordinates": [ [ [ -48.6602777, -20.9253041 ], [ -48.6602832, -20.9253067 ] ] ] } },
{ "type": "Feature", "properties": { "linha_id": 289, "comp_m": 1.36, "ini_m": 479.64, "fim_m": 481.0, "faixa_id": 2, "classe": "0.50–1.50 m", "_coa_length_m": 1.36, "_coa_class": "0,50–1,50 m" }, "geometry": { "type": "MultiLineString", "coordinates": [ [ [ -48.6606804, -20.9257636 ], [ -48.6606858, -20.9257748 ] ] ] } },
{ "type": "Feature", "properties": { "linha_id": 289, "comp_m": 0.56, "ini_m": 567.32, "fim_m": 567.88, "faixa_id": 2, "classe": "0.50–1.50 m", "_coa_length_m": 0.56, "_coa_class": "0,50–1,50 m" }, "geometry": { "type": "MultiLineString", "coordinates": [ [ [ -48.660914, -20.9265201 ], [ -48.6609147, -20.9265252 ] ] ] } },
{ "type": "Feature", "properties": { "linha_id": 289, "comp_m": 0.826, "ini_m": 571.08, "fim_m": 571.906, "faixa_id": 2, "classe": "0.50–1.50 m", "_coa_length_m": 0.825, "_coa_class": "0,50–1,50 m" }, "geometry": { "type": "MultiLineString", "coordinates": [ [ [ -48.6609181, -20.9265539 ], [ -48.660919, -20.9265613 ] ] ] } },
{ "type": "Feature", "properties": { "linha_id": 290, "comp_m": 1.36, "ini_m": 35.56, "fim_m": 36.92, "faixa_id": 2, "classe": "0.50–1.50 m", "_coa_length_m": 1.36, "_coa_class": "0,50–1,50 m" }, "geometry": { "type": "MultiLineString", "coordinates": [ [ [ -48.6589034, -20.9225476 ], [ -48.6589109, -20.9225577 ] ] ] } },
{ "type": "Feature", "properties": { "linha_id": 290, "comp_m": 0.8, "ini_m": 353.4, "fim_m": 354.2, "faixa_id": 2, "classe": "0.50–1.50 m", "_coa_length_m": 0.8, "_coa_class": "0,50–1,50 m" }, "geometry": { "type": "MultiLineString", "coordinates": [ [ [ -48.6597326, -20.9251184 ], [ -48.6597391, -20.9251223 ] ] ] } },
{ "type": "Feature", "properties": { "linha_id": 290, "comp_m": 0.64, "ini_m": 360.12, "fim_m": 360.76, "faixa_id": 2, "classe": "0.50–1.50 m", "_coa_length_m": 0.64, "_coa_class": "0,50–1,50 m" }, "geometry": { "type": "MultiLineString", "coordinates": [ [ [ -48.6597889, -20.925148 ], [ -48.6597943, -20.9251508 ] ] ] } },
{ "type": "Feature", "properties": { "linha_id": 290, "comp_m": 0.64, "ini_m": 389.72, "fim_m": 390.36, "faixa_id": 2, "classe": "0.50–1.50 m", "_coa_length_m": 0.64, "_coa_class": "0,50–1,50 m" }, "geometry": { "type": "MultiLineString", "coordinates": [ [ [ -48.6600521, -20.9252488 ], [ -48.6600578, -20.9252511 ] ] ] } },
{ "type": "Feature", "properties": { "linha_id": 290, "comp_m": 1.04, "ini_m": 536.84, "fim_m": 537.88, "faixa_id": 2, "classe": "0.50–1.50 m", "_coa_length_m": 1.04, "_coa_class": "0,50–1,50 m" }, "geometry": { "type": "MultiLineString", "coordinates": [ [ [ -48.6608267, -20.9262832 ], [ -48.6608286, -20.9262924 ] ] ] } },
{ "type": "Feature", "properties": { "linha_id": 291, "comp_m": 0.72, "ini_m": 134.2, "fim_m": 134.92, "faixa_id": 2, "classe": "0.50–1.50 m", "_coa_length_m": 0.72, "_coa_class": "0,50–1,50 m" }, "geometry": { "type": "MultiLineString", "coordinates": [ [ [ -48.6593122, -20.9233406 ], [ -48.6593129, -20.9233428 ], [ -48.6593137, -20.923347 ] ] ] } },
{ "type": "Feature", "properties": { "linha_id": 291, "comp_m": 0.96, "ini_m": 166.6, "fim_m": 167.56, "faixa_id": 2, "classe": "0.50–1.50 m", "_coa_length_m": 0.96, "_coa_class": "0,50–1,50 m" }, "geometry": { "type": "MultiLineString", "coordinates": [ [ [ -48.6593431, -20.923631 ], [ -48.6593437, -20.9236371 ], [ -48.6593437, -20.9236396 ] ] ] } },
{ "type": "Feature", "properties": { "linha_id": 291, "comp_m": 4.8, "ini_m": 172.12, "fim_m": 176.92, "faixa_id": 4, "classe": "3.00–5.00 m", "_coa_length_m": 4.798, "_coa_class": "3,00–5,00 m" }, "geometry": { "type": "MultiLineString", "coordinates": [ [ [ -48.6593443, -20.9236808 ], [ -48.6593449, -20.9237241 ] ] ] } },
{ "type": "Feature", "properties": { "linha_id": 291, "comp_m": 0.8, "ini_m": 193.8, "fim_m": 194.6, "faixa_id": 2, "classe": "0.50–1.50 m", "_coa_length_m": 0.8, "_coa_class": "0,50–1,50 m" }, "geometry": { "type": "MultiLineString", "coordinates": [ [ [ -48.6593183, -20.923874 ], [ -48.659317, -20.9238787 ], [ -48.6593162, -20.9238809 ] ] ] } },
{ "type": "Feature", "properties": { "linha_id": 291, "comp_m": 0.8, "ini_m": 198.2, "fim_m": 199.0, "faixa_id": 2, "classe": "0.50–1.50 m", "_coa_length_m": 0.8, "_coa_class": "0,50–1,50 m" }, "geometry": { "type": "MultiLineString", "coordinates": [ [ [ -48.6593046, -20.9239116 ], [ -48.659302, -20.9239184 ] ] ] } },
{ "type": "Feature", "properties": { "linha_id": 291, "comp_m": 0.88, "ini_m": 302.44, "fim_m": 303.32, "faixa_id": 2, "classe": "0.50–1.50 m", "_coa_length_m": 0.88, "_coa_class": "0,50–1,50 m" }, "geometry": { "type": "MultiLineString", "coordinates": [ [ [ -48.6593851, -20.9247964 ], [ -48.6593907, -20.9248024 ] ] ] } },
{ "type": "Feature", "properties": { "linha_id": 291, "comp_m": 0.8, "ini_m": 313.08, "fim_m": 313.88, "faixa_id": 2, "classe": "0.50–1.50 m", "_coa_length_m": 0.8, "_coa_class": "0,50–1,50 m" }, "geometry": { "type": "MultiLineString", "coordinates": [ [ [ -48.6594521, -20.924869 ], [ -48.6594572, -20.9248744 ] ] ] } },
{ "type": "Feature", "properties": { "linha_id": 291, "comp_m": 1.84, "ini_m": 317.72, "fim_m": 319.56, "faixa_id": 3, "classe": "1.50–3.00 m", "_coa_length_m": 1.839, "_coa_class": "1,50–3,00 m" }, "geometry": { "type": "MultiLineString", "coordinates": [ [ [ -48.6594816, -20.9249004 ], [ -48.6594938, -20.9249125 ] ] ] } },
{ "type": "Feature", "properties": { "linha_id": 291, "comp_m": 5.28, "ini_m": 327.96, "fim_m": 333.24, "faixa_id": 5, "classe": "≥ 5.00 m", "_coa_length_m": 5.278, "_coa_class": ">= 5,00 m" }, "geometry": { "type": "MultiLineString", "coordinates": [ [ [ -48.6595525, -20.9249644 ], [ -48.6595787, -20.9249867 ], [ -48.6595898, -20.9249967 ] ] ] } },
{ "type": "Feature", "properties": { "linha_id": 291, "comp_m": 1.76, "ini_m": 339.16, "fim_m": 340.92, "faixa_id": 3, "classe": "1.50–3.00 m", "_coa_length_m": 1.759, "_coa_class": "1,50–3,00 m" }, "geometry": { "type": "MultiLineString", "coordinates": [ [ [ -48.6596325, -20.925032 ], [ -48.6596458, -20.9250418 ] ] ] } },
{ "type": "Feature", "properties": { "linha_id": 291, "comp_m": 1.28, "ini_m": 346.6, "fim_m": 347.88, "faixa_id": 2, "classe": "0.50–1.50 m", "_coa_length_m": 1.28, "_coa_class": "0,50–1,50 m" }, "geometry": { "type": "MultiLineString", "coordinates": [ [ [ -48.6596887, -20.9250735 ], [ -48.6596984, -20.9250806 ] ] ] } },
{ "type": "Feature", "properties": { "linha_id": 291, "comp_m": 0.56, "ini_m": 356.28, "fim_m": 356.84, "faixa_id": 2, "classe": "0.50–1.50 m", "_coa_length_m": 0.56, "_coa_class": "0,50–1,50 m" }, "geometry": { "type": "MultiLineString", "coordinates": [ [ [ -48.6597665, -20.9251212 ], [ -48.6597711, -20.9251237 ] ] ] } },
{ "type": "Feature", "properties": { "linha_id": 291, "comp_m": 1.6, "ini_m": 358.52, "fim_m": 360.12, "faixa_id": 3, "classe": "1.50–3.00 m", "_coa_length_m": 1.599, "_coa_class": "1,50–3,00 m" }, "geometry": { "type": "MultiLineString", "coordinates": [ [ [ -48.6597852, -20.9251312 ], [ -48.6597986, -20.9251383 ] ] ] } },
{ "type": "Feature", "properties": { "linha_id": 291, "comp_m": 1.04, "ini_m": 362.2, "fim_m": 363.24, "faixa_id": 2, "classe": "0.50–1.50 m", "_coa_length_m": 1.04, "_coa_class": "0,50–1,50 m" }, "geometry": { "type": "MultiLineString", "coordinates": [ [ [ -48.6598169, -20.9251459 ], [ -48.659826, -20.9251496 ] ] ] } },
{ "type": "Feature", "properties": { "linha_id": 291, "comp_m": 0.8, "ini_m": 365.72, "fim_m": 366.52, "faixa_id": 2, "classe": "0.50–1.50 m", "_coa_length_m": 0.8, "_coa_class": "0,50–1,50 m" }, "geometry": { "type": "MultiLineString", "coordinates": [ [ [ -48.6598479, -20.9251585 ], [ -48.6598549, -20.9251614 ] ] ] } },
{ "type": "Feature", "properties": { "linha_id": 291, "comp_m": 1.04, "ini_m": 523.48, "fim_m": 524.52, "faixa_id": 2, "classe": "0.50–1.50 m", "_coa_length_m": 1.04, "_coa_class": "0,50–1,50 m" }, "geometry": { "type": "MultiLineString", "coordinates": [ [ [ -48.6608103, -20.9261546 ], [ -48.660811, -20.9261566 ], [ -48.6608128, -20.9261637 ] ] ] } },
{ "type": "Feature", "properties": { "linha_id": 291, "comp_m": 0.8, "ini_m": 529.8, "fim_m": 530.6, "faixa_id": 2, "classe": "0.50–1.50 m", "_coa_length_m": 0.8, "_coa_class": "0,50–1,50 m" }, "geometry": { "type": "MultiLineString", "coordinates": [ [ [ -48.6608247, -20.92621 ], [ -48.6608258, -20.9262141 ], [ -48.6608264, -20.926217 ] ] ] } },
{ "type": "Feature", "properties": { "linha_id": 291, "comp_m": 0.96, "ini_m": 548.28, "fim_m": 549.24, "faixa_id": 2, "classe": "0.50–1.50 m", "_coa_length_m": 0.96, "_coa_class": "0,50–1,50 m" }, "geometry": { "type": "MultiLineString", "coordinates": [ [ [ -48.6608602, -20.9263735 ], [ -48.6608617, -20.9263805 ], [ -48.6608619, -20.926382 ] ] ] } },
{ "type": "Feature", "properties": { "linha_id": 293, "comp_m": 1.36, "ini_m": 68.04, "fim_m": 69.4, "faixa_id": 2, "classe": "0.50–1.50 m", "_coa_length_m": 1.36, "_coa_class": "0,50–1,50 m" }, "geometry": { "type": "MultiLineString", "coordinates": [ [ [ -48.6590493, -20.9228131 ], [ -48.6590547, -20.9228242 ] ] ] } },
{ "type": "Feature", "properties": { "linha_id": 293, "comp_m": 0.72, "ini_m": 76.84, "fim_m": 77.56, "faixa_id": 2, "classe": "0.50–1.50 m", "_coa_length_m": 0.72, "_coa_class": "0,50–1,50 m" }, "geometry": { "type": "MultiLineString", "coordinates": [ [ [ -48.6590858, -20.9228847 ], [ -48.659089, -20.9228904 ] ] ] } },
{ "type": "Feature", "properties": { "linha_id": 293, "comp_m": 1.36, "ini_m": 94.6, "fim_m": 95.96, "faixa_id": 2, "classe": "0.50–1.50 m", "_coa_length_m": 1.36, "_coa_class": "0,50–1,50 m" }, "geometry": { "type": "MultiLineString", "coordinates": [ [ [ -48.659162, -20.9230281 ], [ -48.6591674, -20.9230393 ] ] ] } },
{ "type": "Feature", "properties": { "linha_id": 293, "comp_m": 0.8, "ini_m": 378.6, "fim_m": 379.4, "faixa_id": 2, "classe": "0.50–1.50 m", "_coa_length_m": 0.8, "_coa_class": "0,50–1,50 m" }, "geometry": { "type": "MultiLineString", "coordinates": [ [ [ -48.6599441, -20.9252229 ], [ -48.6599513, -20.9252253 ] ] ] } },
{ "type": "Feature", "properties": { "linha_id": 293, "comp_m": 1.431, "ini_m": 562.04, "fim_m": 563.471, "faixa_id": 2, "classe": "0.50–1.50 m", "_coa_length_m": 1.431, "_coa_class": "0,50–1,50 m" }, "geometry": { "type": "MultiLineString", "coordinates": [ [ [ -48.6608539, -20.92652 ], [ -48.660854, -20.9265329 ] ] ] } },
{ "type": "Feature", "properties": { "linha_id": 294, "comp_m": 1.04, "ini_m": 67.56, "fim_m": 68.6, "faixa_id": 2, "classe": "0.50–1.50 m", "_coa_length_m": 1.04, "_coa_class": "0,50–1,50 m" }, "geometry": { "type": "MultiLineString", "coordinates": [ [ [ -48.6590362, -20.9228211 ], [ -48.6590403, -20.9228297 ] ] ] } },
{ "type": "Feature", "properties": { "linha_id": 294, "comp_m": 1.2, "ini_m": 71.96, "fim_m": 73.16, "faixa_id": 2, "classe": "0.50–1.50 m", "_coa_length_m": 1.2, "_coa_class": "0,50–1,50 m" }, "geometry": { "type": "MultiLineString", "coordinates": [ [ [ -48.6590547, -20.9228568 ], [ -48.6590601, -20.9228664 ] ] ] } },
{ "type": "Feature", "properties": { "linha_id": 294, "comp_m": 1.12, "ini_m": 73.64, "fim_m": 74.76, "faixa_id": 2, "classe": "0.50–1.50 m", "_coa_length_m": 1.12, "_coa_class": "0,50–1,50 m" }, "geometry": { "type": "MultiLineString", "coordinates": [ [ [ -48.6590622, -20.9228702 ], [ -48.6590672, -20.9228792 ] ] ] } },
{ "type": "Feature", "properties": { "linha_id": 294, "comp_m": 0.56, "ini_m": 352.6, "fim_m": 353.16, "faixa_id": 2, "classe": "0.50–1.50 m", "_coa_length_m": 0.56, "_coa_class": "0,50–1,50 m" }, "geometry": { "type": "MultiLineString", "coordinates": [ [ [ -48.6597092, -20.9251363 ], [ -48.6597136, -20.9251392 ] ] ] } },
{ "type": "Feature", "properties": { "linha_id": 294, "comp_m": 0.64, "ini_m": 526.2, "fim_m": 526.84, "faixa_id": 2, "classe": "0.50–1.50 m", "_coa_length_m": 0.64, "_coa_class": "0,50–1,50 m" }, "geometry": { "type": "MultiLineString", "coordinates": [ [ [ -48.6607804, -20.9262146 ], [ -48.6607816, -20.9262203 ] ] ] } },
{ "type": "Feature", "properties": { "linha_id": 294, "comp_m": 1.12, "ini_m": 557.08, "fim_m": 558.2, "faixa_id": 2, "classe": "0.50–1.50 m", "_coa_length_m": 1.12, "_coa_class": "0,50–1,50 m" }, "geometry": { "type": "MultiLineString", "coordinates": [ [ [ -48.6608331, -20.9264889 ], [ -48.6608352, -20.9264988 ] ] ] } },
{ "type": "Feature", "properties": { "linha_id": 294, "comp_m": 2.023, "ini_m": 558.76, "fim_m": 560.783, "faixa_id": 3, "classe": "1.50–3.00 m", "_coa_length_m": 2.022, "_coa_class": "1,50–3,00 m" }, "geometry": { "type": "MultiLineString", "coordinates": [ [ [ -48.6608363, -20.9265037 ], [ -48.6608391, -20.9265168 ], [ -48.6608395, -20.9265217 ] ] ] } },
{ "type": "Feature", "properties": { "linha_id": 296, "comp_m": 1.28, "ini_m": 27.08, "fim_m": 28.36, "faixa_id": 2, "classe": "0.50–1.50 m", "_coa_length_m": 1.28, "_coa_class": "0,50–1,50 m" }, "geometry": { "type": "MultiLineString", "coordinates": [ [ [ -48.6588309, -20.922517 ], [ -48.6588332, -20.9225198 ], [ -48.6588364, -20.9225241 ], [ -48.658838, -20.9225265 ] ] ] } },
{ "type": "Feature", "properties": { "linha_id": 296, "comp_m": 1.44, "ini_m": 65.48, "fim_m": 66.92, "faixa_id": 2, "classe": "0.50–1.50 m", "_coa_length_m": 1.44, "_coa_class": "0,50–1,50 m" }, "geometry": { "type": "MultiLineString", "coordinates": [ [ [ -48.6590182, -20.9228153 ], [ -48.6590242, -20.922827 ] ] ] } },
{ "type": "Feature", "properties": { "linha_id": 296, "comp_m": 0.64, "ini_m": 164.2, "fim_m": 164.84, "faixa_id": 2, "classe": "0.50–1.50 m", "_coa_length_m": 0.64, "_coa_class": "0,50–1,50 m" }, "geometry": { "type": "MultiLineString", "coordinates": [ [ [ -48.6592854, -20.923658 ], [ -48.6592857, -20.9236637 ] ] ] } },
{ "type": "Feature", "properties": { "linha_id": 296, "comp_m": 0.88, "ini_m": 273.72, "fim_m": 274.6, "faixa_id": 2, "classe": "0.50–1.50 m", "_coa_length_m": 0.88, "_coa_class": "0,50–1,50 m" }, "geometry": { "type": "MultiLineString", "coordinates": [ [ [ -48.6591933, -20.9246277 ], [ -48.6591938, -20.9246288 ], [ -48.6591967, -20.924635 ] ] ] } },
{ "type": "Feature", "properties": { "linha_id": 296, "comp_m": 2.72, "ini_m": 397.88, "fim_m": 400.6, "faixa_id": 3, "classe": "1.50–3.00 m", "_coa_length_m": 2.719, "_coa_class": "1,50–3,00 m" }, "geometry": { "type": "MultiLineString", "coordinates": [ [ [ -48.6600986, -20.9253124 ], [ -48.6601224, -20.9253226 ] ] ] } },
{ "type": "Feature", "properties": { "linha_id": 296, "comp_m": 0.72, "ini_m": 440.84, "fim_m": 441.56, "faixa_id": 2, "classe": "0.50–1.50 m", "_coa_length_m": 0.72, "_coa_class": "0,50–1,50 m" }, "geometry": { "type": "MultiLineString", "coordinates": [ [ [ -48.6604325, -20.9255299 ], [ -48.6604368, -20.9255351 ] ] ] } },
{ "type": "Feature", "properties": { "linha_id": 296, "comp_m": 0.64, "ini_m": 466.04, "fim_m": 466.68, "faixa_id": 2, "classe": "0.50–1.50 m", "_coa_length_m": 0.64, "_coa_class": "0,50–1,50 m" }, "geometry": { "type": "MultiLineString", "coordinates": [ [ [ -48.6605619, -20.9257219 ], [ -48.660565, -20.9257269 ] ] ] } },
{ "type": "Feature", "properties": { "linha_id": 296, "comp_m": 2.188, "ini_m": 555.56, "fim_m": 557.748, "faixa_id": 3, "classe": "1.50–3.00 m", "_coa_length_m": 2.187, "_coa_class": "1,50–3,00 m" }, "geometry": { "type": "MultiLineString", "coordinates": [ [ [ -48.6608165, -20.9264885 ], [ -48.6608165, -20.9264887 ], [ -48.6608203, -20.9265053 ], [ -48.6608213, -20.9265077 ] ] ] } },
{ "type": "Feature", "properties": { "linha_id": 299, "comp_m": 1.44, "ini_m": 47.56, "fim_m": 49.0, "faixa_id": 2, "classe": "0.50–1.50 m", "_coa_length_m": 1.44, "_coa_class": "0,50–1,50 m" }, "geometry": { "type": "MultiLineString", "coordinates": [ [ [ -48.6589269, -20.9226836 ], [ -48.6589337, -20.9226949 ] ] ] } },
{ "type": "Feature", "properties": { "linha_id": 299, "comp_m": 0.56, "ini_m": 52.04, "fim_m": 52.6, "faixa_id": 2, "classe": "0.50–1.50 m", "_coa_length_m": 0.56, "_coa_class": "0,50–1,50 m" }, "geometry": { "type": "MultiLineString", "coordinates": [ [ [ -48.6589482, -20.9227188 ], [ -48.6589508, -20.9227232 ] ] ] } },
{ "type": "Feature", "properties": { "linha_id": 299, "comp_m": 1.04, "ini_m": 70.44, "fim_m": 71.48, "faixa_id": 2, "classe": "0.50–1.50 m", "_coa_length_m": 1.04, "_coa_class": "0,50–1,50 m" }, "geometry": { "type": "MultiLineString", "coordinates": [ [ [ -48.659031, -20.9228656 ], [ -48.6590356, -20.9228739 ] ] ] } },
{ "type": "Feature", "properties": { "linha_id": 299, "comp_m": 1.12, "ini_m": 80.52, "fim_m": 81.64, "faixa_id": 2, "classe": "0.50–1.50 m", "_coa_length_m": 1.12, "_coa_class": "0,50–1,50 m" }, "geometry": { "type": "MultiLineString", "coordinates": [ [ [ -48.6590736, -20.9229473 ], [ -48.6590785, -20.9229563 ] ] ] } },
{ "type": "Feature", "properties": { "linha_id": 299, "comp_m": 0.56, "ini_m": 138.92, "fim_m": 139.48, "faixa_id": 2, "classe": "0.50–1.50 m", "_coa_length_m": 0.56, "_coa_class": "0,50–1,50 m" }, "geometry": { "type": "MultiLineString", "coordinates": [ [ [ -48.6592609, -20.9234416 ], [ -48.6592614, -20.9234466 ] ] ] } },
{ "type": "Feature", "properties": { "linha_id": 299, "comp_m": 0.88, "ini_m": 404.28, "fim_m": 405.16, "faixa_id": 2, "classe": "0.50–1.50 m", "_coa_length_m": 0.88, "_coa_class": "0,50–1,50 m" }, "geometry": { "type": "MultiLineString", "coordinates": [ [ [ -48.6601454, -20.9253462 ], [ -48.660153, -20.9253495 ] ] ] } },
{ "type": "Feature", "properties": { "linha_id": 299, "comp_m": 2.341, "ini_m": 551.96, "fim_m": 554.301, "faixa_id": 3, "classe": "1.50–3.00 m", "_coa_length_m": 2.34, "_coa_class": "1,50–3,00 m" }, "geometry": { "type": "MultiLineString", "coordinates": [ [ [ -48.6607981, -20.9264676 ], [ -48.6607993, -20.9264887 ] ] ] } },
{ "type": "Feature", "properties": { "linha_id": 300, "comp_m": 1.56, "ini_m": 0.0, "fim_m": 1.56, "faixa_id": 3, "classe": "1.50–3.00 m", "_coa_length_m": 1.559, "_coa_class": "1,50–3,00 m" }, "geometry": { "type": "MultiLineString", "coordinates": [ [ [ -48.6586407, -20.9223564 ], [ -48.6586519, -20.9223657 ] ] ] } },
{ "type": "Feature", "properties": { "linha_id": 300, "comp_m": 0.96, "ini_m": 430.36, "fim_m": 431.32, "faixa_id": 2, "classe": "0.50–1.50 m", "_coa_length_m": 0.96, "_coa_class": "0,50–1,50 m" }, "geometry": { "type": "MultiLineString", "coordinates": [ [ [ -48.6603499, -20.9254793 ], [ -48.6603564, -20.9254854 ] ] ] } },
{ "type": "Feature", "properties": { "linha_id": 300, "comp_m": 0.96, "ini_m": 545.72, "fim_m": 546.68, "faixa_id": 2, "classe": "0.50–1.50 m", "_coa_length_m": 0.96, "_coa_class": "0,50–1,50 m" }, "geometry": { "type": "MultiLineString", "coordinates": [ [ [ -48.6607788, -20.9264247 ], [ -48.6607799, -20.9264332 ] ] ] } },
{ "type": "Feature", "properties": { "linha_id": 300, "comp_m": 0.917, "ini_m": 551.0, "fim_m": 551.917, "faixa_id": 2, "classe": "0.50–1.50 m", "_coa_length_m": 0.917, "_coa_class": "0,50–1,50 m" }, "geometry": { "type": "MultiLineString", "coordinates": [ [ [ -48.6607853, -20.9264719 ], [ -48.6607864, -20.9264801 ] ] ] } },
{ "type": "Feature", "properties": { "linha_id": 302, "comp_m": 0.6, "ini_m": 0.0, "fim_m": 0.6, "faixa_id": 2, "classe": "0.50–1.50 m", "_coa_length_m": 0.6, "_coa_class": "0,50–1,50 m" }, "geometry": { "type": "MultiLineString", "coordinates": [ [ [ -48.6586323, -20.9223666 ], [ -48.6586366, -20.9223703 ] ] ] } },
{ "type": "Feature", "properties": { "linha_id": 302, "comp_m": 0.8, "ini_m": 177.96, "fim_m": 178.76, "faixa_id": 2, "classe": "0.50–1.50 m", "_coa_length_m": 0.8, "_coa_class": "0,50–1,50 m" }, "geometry": { "type": "MultiLineString", "coordinates": [ [ [ -48.6592292, -20.9238179 ], [ -48.6592292, -20.9238183 ], [ -48.6592269, -20.9238248 ] ] ] } },
{ "type": "Feature", "properties": { "linha_id": 302, "comp_m": 0.56, "ini_m": 355.88, "fim_m": 356.44, "faixa_id": 2, "classe": "0.50–1.50 m", "_coa_length_m": 0.56, "_coa_class": "0,50–1,50 m" }, "geometry": { "type": "MultiLineString", "coordinates": [ [ [ -48.659702, -20.9251939 ], [ -48.6597067, -20.9251963 ] ] ] } },
{ "type": "Feature", "properties": { "linha_id": 302, "comp_m": 1.12, "ini_m": 402.52, "fim_m": 403.64, "faixa_id": 2, "classe": "0.50–1.50 m", "_coa_length_m": 1.12, "_coa_class": "0,50–1,50 m" }, "geometry": { "type": "MultiLineString", "coordinates": [ [ [ -48.6601124, -20.9253617 ], [ -48.6601222, -20.9253659 ] ] ] } },
{ "type": "Feature", "properties": { "linha_id": 302, "comp_m": 1.12, "ini_m": 421.88, "fim_m": 423.0, "faixa_id": 2, "classe": "0.50–1.50 m", "_coa_length_m": 1.12, "_coa_class": "0,50–1,50 m" }, "geometry": { "type": "MultiLineString", "coordinates": [ [ [ -48.6602773, -20.9254425 ], [ -48.6602859, -20.9254485 ] ] ] } },
{ "type": "Feature", "properties": { "linha_id": 302, "comp_m": 0.56, "ini_m": 465.32, "fim_m": 465.88, "faixa_id": 2, "classe": "0.50–1.50 m", "_coa_length_m": 0.56, "_coa_class": "0,50–1,50 m" }, "geometry": { "type": "MultiLineString", "coordinates": [ [ [ -48.6605298, -20.9257501 ], [ -48.6605322, -20.9257546 ] ] ] } },
{ "type": "Feature", "properties": { "linha_id": 302, "comp_m": 0.56, "ini_m": 488.6, "fim_m": 489.16, "faixa_id": 2, "classe": "0.50–1.50 m", "_coa_length_m": 0.56, "_coa_class": "0,50–1,50 m" }, "geometry": { "type": "MultiLineString", "coordinates": [ [ [ -48.6606233, -20.925941 ], [ -48.6606254, -20.9259457 ] ] ] } },
{ "type": "Feature", "properties": { "linha_id": 302, "comp_m": 0.72, "ini_m": 499.96, "fim_m": 500.68, "faixa_id": 2, "classe": "0.50–1.50 m", "_coa_length_m": 0.72, "_coa_class": "0,50–1,50 m" }, "geometry": { "type": "MultiLineString", "coordinates": [ [ [ -48.6606631, -20.9260365 ], [ -48.6606655, -20.9260426 ] ] ] } },
{ "type": "Feature", "properties": { "linha_id": 302, "comp_m": 0.96, "ini_m": 518.36, "fim_m": 519.32, "faixa_id": 2, "classe": "0.50–1.50 m", "_coa_length_m": 0.96, "_coa_class": "0,50–1,50 m" }, "geometry": { "type": "MultiLineString", "coordinates": [ [ [ -48.6607153, -20.9261951 ], [ -48.6607176, -20.9262035 ] ] ] } },
{ "type": "Feature", "properties": { "linha_id": 302, "comp_m": 3.29, "ini_m": 545.8, "fim_m": 549.09, "faixa_id": 4, "classe": "3.00–5.00 m", "_coa_length_m": 3.289, "_coa_class": "3,00–5,00 m" }, "geometry": { "type": "MultiLineString", "coordinates": [ [ [ -48.6607657, -20.9264382 ], [ -48.6607694, -20.9264677 ] ] ] } },
{ "type": "Feature", "properties": { "linha_id": 303, "comp_m": 0.96, "ini_m": 265.24, "fim_m": 266.2, "faixa_id": 2, "classe": "0.50–1.50 m", "_coa_length_m": 0.96, "_coa_class": "0,50–1,50 m" }, "geometry": { "type": "MultiLineString", "coordinates": [ [ [ -48.6591232, -20.9246049 ], [ -48.6591257, -20.9246132 ] ] ] } },
{ "type": "Feature", "properties": { "linha_id": 303, "comp_m": 0.8, "ini_m": 351.88, "fim_m": 352.68, "faixa_id": 2, "classe": "0.50–1.50 m", "_coa_length_m": 0.8, "_coa_class": "0,50–1,50 m" }, "geometry": { "type": "MultiLineString", "coordinates": [ [ [ -48.659663, -20.9251861 ], [ -48.6596693, -20.9251902 ] ] ] } },
{ "type": "Feature", "properties": { "linha_id": 303, "comp_m": 1.96, "ini_m": 544.28, "fim_m": 546.24, "faixa_id": 3, "classe": "1.50–3.00 m", "_coa_length_m": 1.959, "_coa_class": "1,50–3,00 m" }, "geometry": { "type": "MultiLineString", "coordinates": [ [ [ -48.6607513, -20.9264391 ], [ -48.6607534, -20.9264527 ], [ -48.6607536, -20.9264524 ], [ -48.660754, -20.926456 ] ] ] } },
{ "type": "Feature", "properties": { "linha_id": 305, "comp_m": 0.76, "ini_m": 0.0, "fim_m": 0.76, "faixa_id": 2, "classe": "0.50–1.50 m", "_coa_length_m": 0.76, "_coa_class": "0,50–1,50 m" }, "geometry": { "type": "MultiLineString", "coordinates": [ [ [ -48.6586152, -20.9223877 ], [ -48.6586205, -20.9223923 ] ] ] } },
{ "type": "Feature", "properties": { "linha_id": 305, "comp_m": 0.64, "ini_m": 185.96, "fim_m": 186.6, "faixa_id": 2, "classe": "0.50–1.50 m", "_coa_length_m": 0.64, "_coa_class": "0,50–1,50 m" }, "geometry": { "type": "MultiLineString", "coordinates": [ [ [ -48.6591671, -20.9239093 ], [ -48.6591652, -20.9239148 ] ] ] } },
{ "type": "Feature", "properties": { "linha_id": 305, "comp_m": 2.415, "ini_m": 539.4, "fim_m": 541.815, "faixa_id": 3, "classe": "1.50–3.00 m", "_coa_length_m": 2.414, "_coa_class": "1,50–3,00 m" }, "geometry": { "type": "MultiLineString", "coordinates": [ [ [ -48.6607306, -20.926405 ], [ -48.6607315, -20.9264183 ], [ -48.6607339, -20.9264264 ] ] ] } },
{ "type": "Feature", "properties": { "linha_id": 306, "comp_m": 1.04, "ini_m": 430.44, "fim_m": 431.48, "faixa_id": 2, "classe": "0.50–1.50 m", "_coa_length_m": 1.04, "_coa_class": "0,50–1,50 m" }, "geometry": { "type": "MultiLineString", "coordinates": [ [ [ -48.6603158, -20.9255224 ], [ -48.6603174, -20.9255239 ], [ -48.6603227, -20.9255292 ] ] ] } },
{ "type": "Feature", "properties": { "linha_id": 306, "comp_m": 0.56, "ini_m": 436.04, "fim_m": 436.6, "faixa_id": 2, "classe": "0.50–1.50 m", "_coa_length_m": 0.56, "_coa_class": "0,50–1,50 m" }, "geometry": { "type": "MultiLineString", "coordinates": [ [ [ -48.6603516, -20.9255602 ], [ -48.6603549, -20.9255642 ] ] ] } },
{ "type": "Feature", "properties": { "linha_id": 306, "comp_m": 2.642, "ini_m": 537.64, "fim_m": 540.282, "faixa_id": 3, "classe": "1.50–3.00 m", "_coa_length_m": 2.641, "_coa_class": "1,50–3,00 m" }, "geometry": { "type": "MultiLineString", "coordinates": [ [ [ -48.6607145, -20.926402 ], [ -48.6607158, -20.9264175 ], [ -48.6607147, -20.9264257 ] ] ] } },
{ "type": "Feature", "properties": { "linha_id": 307, "comp_m": 0.56, "ini_m": 275.4, "fim_m": 275.96, "faixa_id": 2, "classe": "0.50–1.50 m", "_coa_length_m": 0.56, "_coa_class": "0,50–1,50 m" }, "geometry": { "type": "MultiLineString", "coordinates": [ [ [ -48.65913, -20.9247215 ], [ -48.6591326, -20.9247259 ] ] ] } },
{ "type": "Feature", "properties": { "linha_id": 307, "comp_m": 0.56, "ini_m": 487.8, "fim_m": 488.36, "faixa_id": 2, "classe": "0.50–1.50 m", "_coa_length_m": 0.56, "_coa_class": "0,50–1,50 m" }, "geometry": { "type": "MultiLineString", "coordinates": [ [ [ -48.6605783, -20.9259796 ], [ -48.6605804, -20.9259843 ] ] ] } },
{ "type": "Feature", "properties": { "linha_id": 307, "comp_m": 2.124, "ini_m": 535.72, "fim_m": 537.844, "faixa_id": 3, "classe": "1.50–3.00 m", "_coa_length_m": 2.123, "_coa_class": "1,50–3,00 m" }, "geometry": { "type": "MultiLineString", "coordinates": [ [ [ -48.6606984, -20.926396 ], [ -48.6607009, -20.9264151 ] ] ] } },
{ "type": "Feature", "properties": { "linha_id": 308, "comp_m": 0.537, "ini_m": 534.6, "fim_m": 535.137, "faixa_id": 2, "classe": "0.50–1.50 m", "_coa_length_m": 0.536, "_coa_class": "0,50–1,50 m" }, "geometry": { "type": "MultiLineString", "coordinates": [ [ [ -48.6606852, -20.9263989 ], [ -48.6606861, -20.9264037 ] ] ] } },
{ "type": "Feature", "properties": { "linha_id": 310, "comp_m": 2.525, "ini_m": 529.4, "fim_m": 531.925, "faixa_id": 3, "classe": "1.50–3.00 m", "_coa_length_m": 2.524, "_coa_class": "1,50–3,00 m" }, "geometry": { "type": "MultiLineString", "coordinates": [ [ [ -48.6606632, -20.9263659 ], [ -48.6606663, -20.9263885 ] ] ] } },
{ "type": "Feature", "properties": { "linha_id": 311, "comp_m": 0.64, "ini_m": 156.44, "fim_m": 157.08, "faixa_id": 2, "classe": "0.50–1.50 m", "_coa_length_m": 0.64, "_coa_class": "0,50–1,50 m" }, "geometry": { "type": "MultiLineString", "coordinates": [ [ [ -48.6591422, -20.9237116 ], [ -48.6591418, -20.9237173 ] ] ] } },
{ "type": "Feature", "properties": { "linha_id": 311, "comp_m": 1.989, "ini_m": 527.24, "fim_m": 529.229, "faixa_id": 3, "classe": "1.50–3.00 m", "_coa_length_m": 1.988, "_coa_class": "1,50–3,00 m" }, "geometry": { "type": "MultiLineString", "coordinates": [ [ [ -48.660647, -20.9263591 ], [ -48.660648, -20.9263674 ], [ -48.6606509, -20.9263766 ] ] ] } },
{ "type": "Feature", "properties": { "linha_id": 312, "comp_m": 0.8, "ini_m": 14.28, "fim_m": 15.08, "faixa_id": 2, "classe": "0.50–1.50 m", "_coa_length_m": 0.8, "_coa_class": "0,50–1,50 m" }, "geometry": { "type": "MultiLineString", "coordinates": [ [ [ -48.6605172, -20.9242421 ], [ -48.6605233, -20.9242465 ] ] ] } },
{ "type": "Feature", "properties": { "linha_id": 313, "comp_m": 0.56, "ini_m": 7.64, "fim_m": 8.2, "faixa_id": 2, "classe": "0.50–1.50 m", "_coa_length_m": 0.56, "_coa_class": "0,50–1,50 m" }, "geometry": { "type": "MultiLineString", "coordinates": [ [ [ -48.6586134, -20.9225017 ], [ -48.6586171, -20.9225055 ] ] ] } },
{ "type": "Feature", "properties": { "linha_id": 313, "comp_m": 0.72, "ini_m": 378.36, "fim_m": 379.08, "faixa_id": 2, "classe": "0.50–1.50 m", "_coa_length_m": 0.72, "_coa_class": "0,50–1,50 m" }, "geometry": { "type": "MultiLineString", "coordinates": [ [ [ -48.6598255, -20.9253689 ], [ -48.6598305, -20.9253708 ], [ -48.659832, -20.9253713 ] ] ] } },
{ "type": "Feature", "properties": { "linha_id": 313, "comp_m": 3.724, "ini_m": 522.6, "fim_m": 526.324, "faixa_id": 4, "classe": "3.00–5.00 m", "_coa_length_m": 3.723, "_coa_class": "3,00–5,00 m" }, "geometry": { "type": "MultiLineString", "coordinates": [ [ [ -48.6606273, -20.9263295 ], [ -48.6606329, -20.9263627 ] ] ] } },
{ "type": "Feature", "properties": { "linha_id": 314, "comp_m": 0.64, "ini_m": 47.72, "fim_m": 48.36, "faixa_id": 2, "classe": "0.50–1.50 m", "_coa_length_m": 0.64, "_coa_class": "0,50–1,50 m" }, "geometry": { "type": "MultiLineString", "coordinates": [ [ [ -48.6588213, -20.9228105 ], [ -48.6588241, -20.9228156 ] ] ] } },
{ "type": "Feature", "properties": { "linha_id": 314, "comp_m": 1.68, "ini_m": 268.44, "fim_m": 270.12, "faixa_id": 3, "classe": "1.50–3.00 m", "_coa_length_m": 1.679, "_coa_class": "1,50–3,00 m" }, "geometry": { "type": "MultiLineString", "coordinates": [ [ [ -48.6590499, -20.9247239 ], [ -48.6590572, -20.9247375 ] ] ] } },
{ "type": "Feature", "properties": { "linha_id": 314, "comp_m": 0.96, "ini_m": 520.28, "fim_m": 521.24, "faixa_id": 2, "classe": "0.50–1.50 m", "_coa_length_m": 0.96, "_coa_class": "0,50–1,50 m" }, "geometry": { "type": "MultiLineString", "coordinates": [ [ [ -48.66061, -20.9263212 ], [ -48.6606101, -20.9263221 ], [ -48.6606118, -20.9263297 ] ] ] } },
{ "type": "Feature", "properties": { "linha_id": 314, "comp_m": 0.76, "ini_m": 522.76, "fim_m": 523.52, "faixa_id": 2, "classe": "0.50–1.50 m", "_coa_length_m": 0.76, "_coa_class": "0,50–1,50 m" }, "geometry": { "type": "MultiLineString", "coordinates": [ [ [ -48.6606147, -20.9263431 ], [ -48.6606161, -20.9263499 ] ] ] } },
{ "type": "Feature", "properties": { "linha_id": 315, "comp_m": 0.64, "ini_m": 5.96, "fim_m": 6.6, "faixa_id": 2, "classe": "0.50–1.50 m", "_coa_length_m": 0.64, "_coa_class": "0,50–1,50 m" }, "geometry": { "type": "MultiLineString", "coordinates": [ [ [ -48.6604653, -20.9242214 ], [ -48.6604702, -20.9242249 ] ] ] } },
{ "type": "Feature", "properties": { "linha_id": 316, "comp_m": 0.72, "ini_m": 515.32, "fim_m": 516.04, "faixa_id": 2, "classe": "0.50–1.50 m", "_coa_length_m": 0.72, "_coa_class": "0,50–1,50 m" }, "geometry": { "type": "MultiLineString", "coordinates": [ [ [ -48.6605908, -20.9262894 ], [ -48.6605923, -20.9262958 ] ] ] } },
{ "type": "Feature", "properties": { "linha_id": 316, "comp_m": 3.825, "ini_m": 517.0, "fim_m": 520.825, "faixa_id": 4, "classe": "3.00–5.00 m", "_coa_length_m": 3.823, "_coa_class": "3,00–5,00 m" }, "geometry": { "type": "MultiLineString", "coordinates": [ [ [ -48.6605937, -20.9263043 ], [ -48.6605976, -20.926331 ], [ -48.6606007, -20.926338 ] ] ] } },
{ "type": "Feature", "properties": { "linha_id": 317, "comp_m": 5.424, "ini_m": 512.12, "fim_m": 517.544, "faixa_id": 5, "classe": "≥ 5.00 m", "_coa_length_m": 5.422, "_coa_class": ">= 5,00 m" }, "geometry": { "type": "MultiLineString", "coordinates": [ [ [ -48.6605715, -20.9262739 ], [ -48.6605826, -20.9263217 ] ] ] } },
{ "type": "Feature", "properties": { "linha_id": 319, "comp_m": 1.4, "ini_m": 0.0, "fim_m": 1.4, "faixa_id": 2, "classe": "0.50–1.50 m", "_coa_length_m": 1.4, "_coa_class": "0,50–1,50 m" }, "geometry": { "type": "MultiLineString", "coordinates": [ [ [ -48.6585267, -20.922496 ], [ -48.6585361, -20.922505 ] ] ] } },
{ "type": "Feature", "properties": { "linha_id": 319, "comp_m": 4.653, "ini_m": 510.6, "fim_m": 515.253, "faixa_id": 4, "classe": "3.00–5.00 m", "_coa_length_m": 4.651, "_coa_class": "3,00–5,00 m" }, "geometry": { "type": "MultiLineString", "coordinates": [ [ [ -48.6605565, -20.926273 ], [ -48.660563, -20.926301 ], [ -48.6605657, -20.926309 ], [ -48.6605684, -20.9263132 ] ] ] } },
{ "type": "Feature", "properties": { "linha_id": 320, "comp_m": 1.48, "ini_m": 0.0, "fim_m": 1.48, "faixa_id": 2, "classe": "0.50–1.50 m", "_coa_length_m": 1.48, "_coa_class": "0,50–1,50 m" }, "geometry": { "type": "MultiLineString", "coordinates": [ [ [ -48.6585172, -20.9225076 ], [ -48.658528, -20.9225163 ] ] ] } },
{ "type": "Feature", "properties": { "linha_id": 320, "comp_m": 1.963, "ini_m": 509.64, "fim_m": 511.603, "faixa_id": 3, "classe": "1.50–3.00 m", "_coa_length_m": 1.962, "_coa_class": "1,50–3,00 m" }, "geometry": { "type": "MultiLineString", "coordinates": [ [ [ -48.6605429, -20.9262768 ], [ -48.6605438, -20.9262807 ], [ -48.660544, -20.9262944 ] ] ] } },
{ "type": "Feature", "properties": { "linha_id": 322, "comp_m": 0.68, "ini_m": 0.0, "fim_m": 0.68, "faixa_id": 2, "classe": "0.50–1.50 m", "_coa_length_m": 0.68, "_coa_class": "0,50–1,50 m" }, "geometry": { "type": "MultiLineString", "coordinates": [ [ [ -48.6585095, -20.922517 ], [ -48.6585141, -20.9225214 ] ] ] } },
{ "type": "Feature", "properties": { "linha_id": 322, "comp_m": 1.28, "ini_m": 142.04, "fim_m": 143.32, "faixa_id": 2, "classe": "0.50–1.50 m", "_coa_length_m": 1.28, "_coa_class": "0,50–1,50 m" }, "geometry": { "type": "MultiLineString", "coordinates": [ [ [ -48.6590442, -20.9236688 ], [ -48.6590443, -20.9236804 ] ] ] } },
{ "type": "Feature", "properties": { "linha_id": 322, "comp_m": 0.56, "ini_m": 153.24, "fim_m": 153.8, "faixa_id": 2, "classe": "0.50–1.50 m", "_coa_length_m": 0.56, "_coa_class": "0,50–1,50 m" }, "geometry": { "type": "MultiLineString", "coordinates": [ [ [ -48.6590321, -20.9237689 ], [ -48.6590307, -20.9237737 ] ] ] } },
{ "type": "Feature", "properties": { "linha_id": 322, "comp_m": 1.919, "ini_m": 506.68, "fim_m": 508.599, "faixa_id": 3, "classe": "1.50–3.00 m", "_coa_length_m": 1.919, "_coa_class": "1,50–3,00 m" }, "geometry": { "type": "MultiLineString", "coordinates": [ [ [ -48.6605244, -20.9262633 ], [ -48.6605265, -20.926272 ], [ -48.6605297, -20.9262798 ] ] ] } },
{ "type": "Feature", "properties": { "linha_id": 323, "comp_m": 0.8, "ini_m": 471.48, "fim_m": 472.28, "faixa_id": 2, "classe": "0.50–1.50 m", "_coa_length_m": 0.8, "_coa_class": "0,50–1,50 m" }, "geometry": { "type": "MultiLineString", "coordinates": [ [ [ -48.6604041, -20.9259743 ], [ -48.6604073, -20.9259809 ] ] ] } },
{ "type": "Feature", "properties": { "linha_id": 324, "comp_m": 1.48, "ini_m": 0.0, "fim_m": 1.48, "faixa_id": 2, "classe": "0.50–1.50 m", "_coa_length_m": 1.48, "_coa_class": "0,50–1,50 m" }, "geometry": { "type": "MultiLineString", "coordinates": [ [ [ -48.6584962, -20.922541 ], [ -48.6585058, -20.9225508 ] ] ] } },
{ "type": "Feature", "properties": { "linha_id": 324, "comp_m": 3.174, "ini_m": 499.08, "fim_m": 502.254, "faixa_id": 4, "classe": "3.00–5.00 m", "_coa_length_m": 3.173, "_coa_class": "3,00–5,00 m" }, "geometry": { "type": "MultiLineString", "coordinates": [ [ [ -48.660484, -20.9262253 ], [ -48.6604905, -20.9262532 ] ] ] } },
{ "type": "Feature", "properties": { "linha_id": 325, "comp_m": 2.04, "ini_m": 0.0, "fim_m": 2.04, "faixa_id": 3, "classe": "1.50–3.00 m", "_coa_length_m": 2.039, "_coa_class": "1,50–3,00 m" }, "geometry": { "type": "MultiLineString", "coordinates": [ [ [ -48.6584835, -20.9225489 ], [ -48.6584967, -20.9225625 ] ] ] } },
{ "type": "Feature", "properties": { "linha_id": 325, "comp_m": 2.351, "ini_m": 497.48, "fim_m": 499.831, "faixa_id": 3, "classe": "1.50–3.00 m", "_coa_length_m": 2.35, "_coa_class": "1,50–3,00 m" }, "geometry": { "type": "MultiLineString", "coordinates": [ [ [ -48.660467, -20.926219 ], [ -48.6604727, -20.9262395 ] ] ] } },
{ "type": "Feature", "properties": { "linha_id": 326, "comp_m": 0.64, "ini_m": 0.36, "fim_m": 1.0, "faixa_id": 2, "classe": "0.50–1.50 m", "_coa_length_m": 0.64, "_coa_class": "0,50–1,50 m" }, "geometry": { "type": "MultiLineString", "coordinates": [ [ [ -48.658477, -20.9225621 ], [ -48.6584811, -20.9225664 ] ] ] } },
{ "type": "Feature", "properties": { "linha_id": 326, "comp_m": 0.56, "ini_m": 289.0, "fim_m": 289.56, "faixa_id": 2, "classe": "0.50–1.50 m", "_coa_length_m": 0.56, "_coa_class": "0,50–1,50 m" }, "geometry": { "type": "MultiLineString", "coordinates": [ [ [ -48.6590771, -20.9249782 ], [ -48.6590805, -20.9249821 ] ] ] } },
{ "type": "Feature", "properties": { "linha_id": 326, "comp_m": 0.64, "ini_m": 375.72, "fim_m": 376.36, "faixa_id": 2, "classe": "0.50–1.50 m", "_coa_length_m": 0.64, "_coa_class": "0,50–1,50 m" }, "geometry": { "type": "MultiLineString", "coordinates": [ [ [ -48.6597134, -20.925471 ], [ -48.659719, -20.9254733 ] ] ] } },
{ "type": "Feature", "properties": { "linha_id": 326, "comp_m": 0.96, "ini_m": 495.64, "fim_m": 496.6, "faixa_id": 2, "classe": "0.50–1.50 m", "_coa_length_m": 0.96, "_coa_class": "0,50–1,50 m" }, "geometry": { "type": "MultiLineString", "coordinates": [ [ [ -48.660451, -20.9262152 ], [ -48.6604522, -20.9262224 ], [ -48.6604527, -20.9262237 ] ] ] } },
{ "type": "Feature", "properties": { "linha_id": 327, "comp_m": 1.2, "ini_m": 21.32, "fim_m": 22.52, "faixa_id": 2, "classe": "0.50–1.50 m", "_coa_length_m": 1.2, "_coa_class": "0,50–1,50 m" }, "geometry": { "type": "MultiLineString", "coordinates": [ [ [ -48.658595, -20.9227197 ], [ -48.6585962, -20.9227213 ], [ -48.6586014, -20.9227286 ] ] ] } },
{ "type": "Feature", "properties": { "linha_id": 327, "comp_m": 0.8, "ini_m": 30.52, "fim_m": 31.32, "faixa_id": 2, "classe": "0.50–1.50 m", "_coa_length_m": 0.8, "_coa_class": "0,50–1,50 m" }, "geometry": { "type": "MultiLineString", "coordinates": [ [ [ -48.6586431, -20.9227893 ], [ -48.6586471, -20.9227955 ] ] ] } },
{ "type": "Feature", "properties": { "linha_id": 328, "comp_m": 2.12, "ini_m": 0.0, "fim_m": 2.12, "faixa_id": 3, "classe": "1.50–3.00 m", "_coa_length_m": 2.119, "_coa_class": "1,50–3,00 m" }, "geometry": { "type": "MultiLineString", "coordinates": [ [ [ -48.6584563, -20.9225822 ], [ -48.6584698, -20.9225965 ] ] ] } },
{ "type": "Feature", "properties": { "linha_id": 328, "comp_m": 2.0, "ini_m": 3.64, "fim_m": 5.64, "faixa_id": 3, "classe": "1.50–3.00 m", "_coa_length_m": 1.999, "_coa_class": "1,50–3,00 m" }, "geometry": { "type": "MultiLineString", "coordinates": [ [ [ -48.6584795, -20.9226068 ], [ -48.6584922, -20.9226203 ] ] ] } },
{ "type": "Feature", "properties": { "linha_id": 328, "comp_m": 1.36, "ini_m": 6.28, "fim_m": 7.64, "faixa_id": 2, "classe": "0.50–1.50 m", "_coa_length_m": 1.36, "_coa_class": "0,50–1,50 m" }, "geometry": { "type": "MultiLineString", "coordinates": [ [ [ -48.6584963, -20.9226247 ], [ -48.6585049, -20.9226339 ] ] ] } },
{ "type": "Feature", "properties": { "linha_id": 328, "comp_m": 1.44, "ini_m": 28.6, "fim_m": 30.04, "faixa_id": 2, "classe": "0.50–1.50 m", "_coa_length_m": 1.44, "_coa_class": "0,50–1,50 m" }, "geometry": { "type": "MultiLineString", "coordinates": [ [ [ -48.6586248, -20.9227857 ], [ -48.6586319, -20.9227968 ] ] ] } },
{ "type": "Feature", "properties": { "linha_id": 328, "comp_m": 2.273, "ini_m": 488.44, "fim_m": 490.713, "faixa_id": 3, "classe": "1.50–3.00 m", "_coa_length_m": 2.272, "_coa_class": "1,50–3,00 m" }, "geometry": { "type": "MultiLineString", "coordinates": [ [ [ -48.6604087, -20.9261749 ], [ -48.6604132, -20.9261883 ], [ -48.6604143, -20.9261947 ] ] ] } },
{ "type": "Feature", "properties": { "linha_id": 329, "comp_m": 5.88, "ini_m": 0.0, "fim_m": 5.88, "faixa_id": 5, "classe": "≥ 5.00 m", "_coa_length_m": 5.878, "_coa_class": ">= 5,00 m" }, "geometry": { "type": "MultiLineString", "coordinates": [ [ [ -48.6584484, -20.9225949 ], [ -48.658486, -20.9226345 ] ] ] } },
{ "type": "Feature", "properties": { "linha_id": 329, "comp_m": 3.84, "ini_m": 27.08, "fim_m": 30.92, "faixa_id": 4, "classe": "3.00–5.00 m", "_coa_length_m": 3.839, "_coa_class": "3,00–5,00 m" }, "geometry": { "type": "MultiLineString", "coordinates": [ [ [ -48.6586092, -20.9227867 ], [ -48.6586174, -20.9227983 ], [ -48.6586286, -20.9228162 ] ] ] } },
{ "type": "Feature", "properties": { "linha_id": 329, "comp_m": 1.04, "ini_m": 37.64, "fim_m": 38.68, "faixa_id": 2, "classe": "0.50–1.50 m", "_coa_length_m": 1.04, "_coa_class": "0,50–1,50 m" }, "geometry": { "type": "MultiLineString", "coordinates": [ [ [ -48.6586598, -20.9228693 ], [ -48.6586645, -20.9228776 ] ] ] } },
{ "type": "Feature", "properties": { "linha_id": 329, "comp_m": 0.56, "ini_m": 418.84, "fim_m": 419.4, "faixa_id": 2, "classe": "0.50–1.50 m", "_coa_length_m": 0.56, "_coa_class": "0,50–1,50 m" }, "geometry": { "type": "MultiLineString", "coordinates": [ [ [ -48.6600695, -20.925656 ], [ -48.6600743, -20.9256581 ] ] ] } },
{ "type": "Feature", "properties": { "linha_id": 329, "comp_m": 0.96, "ini_m": 428.28, "fim_m": 429.24, "faixa_id": 2, "classe": "0.50–1.50 m", "_coa_length_m": 0.96, "_coa_class": "0,50–1,50 m" }, "geometry": { "type": "MultiLineString", "coordinates": [ [ [ -48.6601421, -20.9257056 ], [ -48.6601481, -20.9257122 ] ] ] } },
{ "type": "Feature", "properties": { "linha_id": 329, "comp_m": 1.6, "ini_m": 475.72, "fim_m": 477.32, "faixa_id": 3, "classe": "1.50–3.00 m", "_coa_length_m": 1.599, "_coa_class": "1,50–3,00 m" }, "geometry": { "type": "MultiLineString", "coordinates": [ [ [ -48.6603604, -20.9260799 ], [ -48.6603632, -20.9260859 ], [ -48.6603658, -20.9260934 ] ] ] } },
{ "type": "Feature", "properties": { "linha_id": 329, "comp_m": 0.872, "ini_m": 486.92, "fim_m": 487.792, "faixa_id": 2, "classe": "0.50–1.50 m", "_coa_length_m": 0.872, "_coa_class": "0,50–1,50 m" }, "geometry": { "type": "MultiLineString", "coordinates": [ [ [ -48.6603931, -20.926176 ], [ -48.6603971, -20.9261813 ], [ -48.6603976, -20.9261827 ] ] ] } },
{ "type": "Feature", "properties": { "linha_id": 332, "comp_m": 0.64, "ini_m": 4.36, "fim_m": 5.0, "faixa_id": 2, "classe": "0.50–1.50 m", "_coa_length_m": 0.64, "_coa_class": "0,50–1,50 m" }, "geometry": { "type": "MultiLineString", "coordinates": [ [ [ -48.6603649, -20.9231854 ], [ -48.6603671, -20.9231908 ] ] ] } },
{ "type": "Feature", "properties": { "linha_id": 332, "comp_m": 0.88, "ini_m": 49.8, "fim_m": 50.68, "faixa_id": 2, "classe": "0.50–1.50 m", "_coa_length_m": 0.88, "_coa_class": "0,50–1,50 m" }, "geometry": { "type": "MultiLineString", "coordinates": [ [ [ -48.6604229, -20.9235889 ], [ -48.6604225, -20.9235968 ] ] ] } },
{ "type": "Feature", "properties": { "linha_id": 332, "comp_m": 1.52, "ini_m": 51.24, "fim_m": 52.76, "faixa_id": 3, "classe": "1.50–3.00 m", "_coa_length_m": 1.519, "_coa_class": "1,50–3,00 m" }, "geometry": { "type": "MultiLineString", "coordinates": [ [ [ -48.6604222, -20.9236018 ], [ -48.6604213, -20.9236155 ] ] ] } },
{ "type": "Feature", "properties": { "linha_id": 332, "comp_m": 0.56, "ini_m": 62.6, "fim_m": 63.16, "faixa_id": 2, "classe": "0.50–1.50 m", "_coa_length_m": 0.56, "_coa_class": "0,50–1,50 m" }, "geometry": { "type": "MultiLineString", "coordinates": [ [ [ -48.660416, -20.9237043 ], [ -48.6604157, -20.9237093 ] ] ] } },
{ "type": "Feature", "properties": { "linha_id": 333, "comp_m": 3.2, "ini_m": 2.36, "fim_m": 5.56, "faixa_id": 4, "classe": "3.00–5.00 m", "_coa_length_m": 3.199, "_coa_class": "3,00–5,00 m" }, "geometry": { "type": "MultiLineString", "coordinates": [ [ [ -48.6584548, -20.922622 ], [ -48.6584751, -20.9226437 ] ] ] } },
{ "type": "Feature", "properties": { "linha_id": 333, "comp_m": 1.04, "ini_m": 89.08, "fim_m": 90.12, "faixa_id": 2, "classe": "0.50–1.50 m", "_coa_length_m": 1.04, "_coa_class": "0,50–1,50 m" }, "geometry": { "type": "MultiLineString", "coordinates": [ [ [ -48.6588628, -20.9232999 ], [ -48.6588661, -20.9233088 ] ] ] } },
{ "type": "Feature", "properties": { "linha_id": 333, "comp_m": 1.84, "ini_m": 121.08, "fim_m": 122.92, "faixa_id": 3, "classe": "1.50–3.00 m", "_coa_length_m": 1.839, "_coa_class": "1,50–3,00 m" }, "geometry": { "type": "MultiLineString", "coordinates": [ [ [ -48.6589221, -20.9235816 ], [ -48.6589228, -20.9235982 ] ] ] } },
{ "type": "Feature", "properties": { "linha_id": 333, "comp_m": 0.96, "ini_m": 473.64, "fim_m": 474.6, "faixa_id": 2, "classe": "0.50–1.50 m", "_coa_length_m": 0.96, "_coa_class": "0,50–1,50 m" }, "geometry": { "type": "MultiLineString", "coordinates": [ [ [ -48.6603417, -20.9260739 ], [ -48.6603453, -20.9260819 ] ] ] } },
{ "type": "Feature", "properties": { "linha_id": 333, "comp_m": 2.533, "ini_m": 481.32, "fim_m": 483.853, "faixa_id": 3, "classe": "1.50–3.00 m", "_coa_length_m": 2.532, "_coa_class": "1,50–3,00 m" }, "geometry": { "type": "MultiLineString", "coordinates": [ [ [ -48.6603659, -20.9261393 ], [ -48.6603682, -20.9261484 ], [ -48.6603692, -20.926157 ], [ -48.6603684, -20.9261618 ] ] ] } },
{ "type": "Feature", "properties": { "linha_id": 334, "comp_m": 0.68, "ini_m": 0.0, "fim_m": 0.68, "faixa_id": 2, "classe": "0.50–1.50 m", "_coa_length_m": 0.68, "_coa_class": "0,50–1,50 m" }, "geometry": { "type": "MultiLineString", "coordinates": [ [ [ -48.6584306, -20.9226136 ], [ -48.6584312, -20.922615 ], [ -48.6584345, -20.9226185 ] ] ] } },
{ "type": "Feature", "properties": { "linha_id": 334, "comp_m": 1.2, "ini_m": 4.2, "fim_m": 5.4, "faixa_id": 2, "classe": "0.50–1.50 m", "_coa_length_m": 1.2, "_coa_class": "0,50–1,50 m" }, "geometry": { "type": "MultiLineString", "coordinates": [ [ [ -48.6584564, -20.9226427 ], [ -48.6584639, -20.9226509 ] ] ] } },
{ "type": "Feature", "properties": { "linha_id": 334, "comp_m": 0.64, "ini_m": 134.04, "fim_m": 134.68, "faixa_id": 2, "classe": "0.50–1.50 m", "_coa_length_m": 0.64, "_coa_class": "0,50–1,50 m" }, "geometry": { "type": "MultiLineString", "coordinates": [ [ [ -48.6589133, -20.9237073 ], [ -48.6589119, -20.923713 ] ] ] } },
{ "type": "Feature", "properties": { "linha_id": 334, "comp_m": 1.36, "ini_m": 179.88, "fim_m": 181.24, "faixa_id": 2, "classe": "0.50–1.50 m", "_coa_length_m": 1.36, "_coa_class": "0,50–1,50 m" }, "geometry": { "type": "MultiLineString", "coordinates": [ [ [ -48.6588072, -20.9241084 ], [ -48.658806, -20.9241172 ], [ -48.6588057, -20.9241206 ] ] ] } },
{ "type": "Feature", "properties": { "linha_id": 334, "comp_m": 0.72, "ini_m": 396.12, "fim_m": 396.84, "faixa_id": 2, "classe": "0.50–1.50 m", "_coa_length_m": 0.72, "_coa_class": "0,50–1,50 m" }, "geometry": { "type": "MultiLineString", "coordinates": [ [ [ -48.659849, -20.925594 ], [ -48.6598554, -20.9255965 ] ] ] } },
{ "type": "Feature", "properties": { "linha_id": 334, "comp_m": 0.537, "ini_m": 480.84, "fim_m": 481.377, "faixa_id": 2, "classe": "0.50–1.50 m", "_coa_length_m": 0.536, "_coa_class": "0,50–1,50 m" }, "geometry": { "type": "MultiLineString", "coordinates": [ [ [ -48.6603514, -20.9261456 ], [ -48.6603516, -20.926146 ], [ -48.6603524, -20.9261504 ] ] ] } },
{ "type": "Feature", "properties": { "linha_id": 335, "comp_m": 0.84, "ini_m": 0.0, "fim_m": 0.84, "faixa_id": 2, "classe": "0.50–1.50 m", "_coa_length_m": 0.84, "_coa_class": "0,50–1,50 m" }, "geometry": { "type": "MultiLineString", "coordinates": [ [ [ -48.6584212, -20.9226251 ], [ -48.6584266, -20.9226308 ] ] ] } },
{ "type": "Feature", "properties": { "linha_id": 335, "comp_m": 0.64, "ini_m": 109.88, "fim_m": 110.52, "faixa_id": 2, "classe": "0.50–1.50 m", "_coa_length_m": 0.64, "_coa_class": "0,50–1,50 m" }, "geometry": { "type": "MultiLineString", "coordinates": [ [ [ -48.6588895, -20.9235023 ], [ -48.65889, -20.923507 ], [ -48.65889, -20.9235081 ] ] ] } },
{ "type": "Feature", "properties": { "linha_id": 335, "comp_m": 1.76, "ini_m": 175.0, "fim_m": 176.76, "faixa_id": 3, "classe": "1.50–3.00 m", "_coa_length_m": 1.759, "_coa_class": "1,50–3,00 m" }, "geometry": { "type": "MultiLineString", "coordinates": [ [ [ -48.658798, -20.9240775 ], [ -48.6587961, -20.9240932 ] ] ] } },
{ "type": "Feature", "properties": { "linha_id": 335, "comp_m": 0.56, "ini_m": 308.28, "fim_m": 308.84, "faixa_id": 2, "classe": "0.50–1.50 m", "_coa_length_m": 0.56, "_coa_class": "0,50–1,50 m" }, "geometry": { "type": "MultiLineString", "coordinates": [ [ [ -48.6591426, -20.9251755 ], [ -48.6591464, -20.9251791 ] ] ] } },
{ "type": "Feature", "properties": { "linha_id": 335, "comp_m": 0.72, "ini_m": 317.32, "fim_m": 318.04, "faixa_id": 2, "classe": "0.50–1.50 m", "_coa_length_m": 0.72, "_coa_class": "0,50–1,50 m" }, "geometry": { "type": "MultiLineString", "coordinates": [ [ [ -48.6592038, -20.9252335 ], [ -48.6592089, -20.9252379 ] ] ] } },
{ "type": "Feature", "properties": { "linha_id": 335, "comp_m": 1.68, "ini_m": 332.76, "fim_m": 334.44, "faixa_id": 3, "classe": "1.50–3.00 m", "_coa_length_m": 1.679, "_coa_class": "1,50–3,00 m" }, "geometry": { "type": "MultiLineString", "coordinates": [ [ [ -48.6593133, -20.9253275 ], [ -48.6593258, -20.9253371 ] ] ] } },
{ "type": "Feature", "properties": { "linha_id": 335, "comp_m": 1.28, "ini_m": 472.6, "fim_m": 473.88, "faixa_id": 2, "classe": "0.50–1.50 m", "_coa_length_m": 1.28, "_coa_class": "0,50–1,50 m" }, "geometry": { "type": "MultiLineString", "coordinates": [ [ [ -48.6603147, -20.9260869 ], [ -48.6603171, -20.9260916 ], [ -48.6603191, -20.9260976 ] ] ] } },
{ "type": "Feature", "properties": { "linha_id": 335, "comp_m": 1.666, "ini_m": 476.6, "fim_m": 478.266, "faixa_id": 3, "classe": "1.50–3.00 m", "_coa_length_m": 1.665, "_coa_class": "1,50–3,00 m" }, "geometry": { "type": "MultiLineString", "coordinates": [ [ [ -48.6603268, -20.9261211 ], [ -48.6603315, -20.9261355 ] ] ] } },
{ "type": "Feature", "properties": { "linha_id": 336, "comp_m": 1.4, "ini_m": 0.0, "fim_m": 1.4, "faixa_id": 2, "classe": "0.50–1.50 m", "_coa_length_m": 1.4, "_coa_class": "0,50–1,50 m" }, "geometry": { "type": "MultiLineString", "coordinates": [ [ [ -48.6584133, -20.9226349 ], [ -48.6584222, -20.9226443 ] ] ] } },
{ "type": "Feature", "properties": { "linha_id": 336, "comp_m": 0.96, "ini_m": 102.52, "fim_m": 103.48, "faixa_id": 2, "classe": "0.50–1.50 m", "_coa_length_m": 0.96, "_coa_class": "0,50–1,50 m" }, "geometry": { "type": "MultiLineString", "coordinates": [ [ [ -48.6588673, -20.923449 ], [ -48.6588694, -20.9234574 ] ] ] } },
{ "type": "Feature", "properties": { "linha_id": 336, "comp_m": 1.36, "ini_m": 352.52, "fim_m": 353.88, "faixa_id": 2, "classe": "0.50–1.50 m", "_coa_length_m": 1.36, "_coa_class": "0,50–1,50 m" }, "geometry": { "type": "MultiLineString", "coordinates": [ [ [ -48.6594542, -20.9254482 ], [ -48.6594649, -20.9254552 ] ] ] } },
{ "type": "Feature", "properties": { "linha_id": 338, "comp_m": 0.68, "ini_m": 0.0, "fim_m": 0.68, "faixa_id": 2, "classe": "0.50–1.50 m", "_coa_length_m": 0.68, "_coa_class": "0,50–1,50 m" }, "geometry": { "type": "MultiLineString", "coordinates": [ [ [ -48.658404, -20.9226462 ], [ -48.6584085, -20.9226507 ] ] ] } },
{ "type": "Feature", "properties": { "linha_id": 339, "comp_m": 1.04, "ini_m": 167.32, "fim_m": 168.36, "faixa_id": 2, "classe": "0.50–1.50 m", "_coa_length_m": 1.04, "_coa_class": "0,50–1,50 m" }, "geometry": { "type": "MultiLineString", "coordinates": [ [ [ -48.6587581, -20.9240546 ], [ -48.6587565, -20.9240639 ] ] ] } },
{ "type": "Feature", "properties": { "linha_id": 339, "comp_m": 1.52, "ini_m": 292.36, "fim_m": 293.88, "faixa_id": 3, "classe": "1.50–3.00 m", "_coa_length_m": 1.519, "_coa_class": "1,50–3,00 m" }, "geometry": { "type": "MultiLineString", "coordinates": [ [ [ -48.6590222, -20.9251066 ], [ -48.6590318, -20.925117 ] ] ] } },
{ "type": "Feature", "properties": { "linha_id": 339, "comp_m": 0.56, "ini_m": 345.32, "fim_m": 345.88, "faixa_id": 2, "classe": "0.50–1.50 m", "_coa_length_m": 0.56, "_coa_class": "0,50–1,50 m" }, "geometry": { "type": "MultiLineString", "coordinates": [ [ [ -48.6593877, -20.9254378 ], [ -48.659392, -20.9254408 ] ] ] } },
{ "type": "Feature", "properties": { "linha_id": 339, "comp_m": 1.28, "ini_m": 423.24, "fim_m": 424.52, "faixa_id": 2, "classe": "0.50–1.50 m", "_coa_length_m": 1.28, "_coa_class": "0,50–1,50 m" }, "geometry": { "type": "MultiLineString", "coordinates": [ [ [ -48.6600571, -20.9257465 ], [ -48.6600607, -20.9257492 ], [ -48.6600659, -20.9257545 ] ] ] } },
{ "type": "Feature", "properties": { "linha_id": 341, "comp_m": 8.76, "ini_m": 0.0, "fim_m": 8.76, "faixa_id": 5, "classe": "≥ 5.00 m", "_coa_length_m": 8.757, "_coa_class": ">= 5,00 m" }, "geometry": { "type": "MultiLineString", "coordinates": [ [ [ -48.6594547, -20.925499 ], [ -48.6594675, -20.925507 ], [ -48.6594742, -20.9255132 ], [ -48.6594839, -20.9255184 ], [ -48.6595153, -20.9255357 ], [ -48.6595259, -20.9255407 ] ] ] } },
{ "type": "Feature", "properties": { "linha_id": 341, "comp_m": 1.52, "ini_m": 19.32, "fim_m": 20.84, "faixa_id": 3, "classe": "1.50–3.00 m", "_coa_length_m": 1.519, "_coa_class": "1,50–3,00 m" }, "geometry": { "type": "MultiLineString", "coordinates": [ [ [ -48.6596175, -20.9255816 ], [ -48.6596308, -20.9255874 ] ] ] } },
{ "type": "Feature", "properties": { "linha_id": 341, "comp_m": 0.676, "ini_m": 108.12, "fim_m": 108.796, "faixa_id": 2, "classe": "0.50–1.50 m", "_coa_length_m": 0.675, "_coa_class": "0,50–1,50 m" }, "geometry": { "type": "MultiLineString", "coordinates": [ [ [ -48.6602402, -20.9260662 ], [ -48.6602425, -20.9260718 ] ] ] } },
{ "type": "Feature", "properties": { "linha_id": 343, "comp_m": 2.12, "ini_m": 0.0, "fim_m": 2.12, "faixa_id": 3, "classe": "1.50–3.00 m", "_coa_length_m": 2.119, "_coa_class": "1,50–3,00 m" }, "geometry": { "type": "MultiLineString", "coordinates": [ [ [ -48.6595502, -20.9255682 ], [ -48.6595688, -20.9255761 ] ] ] } },
{ "type": "Feature", "properties": { "linha_id": 343, "comp_m": 0.8, "ini_m": 10.92, "fim_m": 11.72, "faixa_id": 2, "classe": "0.50–1.50 m", "_coa_length_m": 0.8, "_coa_class": "0,50–1,50 m" }, "geometry": { "type": "MultiLineString", "coordinates": [ [ [ -48.6596463, -20.9256078 ], [ -48.6596534, -20.9256105 ] ] ] } },
{ "type": "Feature", "properties": { "linha_id": 343, "comp_m": 1.036, "ini_m": 91.88, "fim_m": 92.916, "faixa_id": 2, "classe": "0.50–1.50 m", "_coa_length_m": 1.036, "_coa_class": "0,50–1,50 m" }, "geometry": { "type": "MultiLineString", "coordinates": [ [ [ -48.6602163, -20.9260477 ], [ -48.6602203, -20.9260552 ], [ -48.6602206, -20.9260561 ] ] ] } },
{ "type": "Feature", "properties": { "linha_id": 345, "comp_m": 2.44, "ini_m": 0.0, "fim_m": 2.44, "faixa_id": 3, "classe": "1.50–3.00 m", "_coa_length_m": 2.439, "_coa_class": "1,50–3,00 m" }, "geometry": { "type": "MultiLineString", "coordinates": [ [ [ -48.6596125, -20.9256092 ], [ -48.6596202, -20.9256139 ], [ -48.6596339, -20.9256177 ] ] ] } },
{ "type": "Feature", "properties": { "linha_id": 348, "comp_m": 1.48, "ini_m": 0.0, "fim_m": 1.48, "faixa_id": 2, "classe": "0.50–1.50 m", "_coa_length_m": 1.48, "_coa_class": "0,50–1,50 m" }, "geometry": { "type": "MultiLineString", "coordinates": [ [ [ -48.6596889, -20.9256676 ], [ -48.659702, -20.9256729 ] ] ] } },
{ "type": "Feature", "properties": { "linha_id": 352, "comp_m": 2.52, "ini_m": 0.0, "fim_m": 2.52, "faixa_id": 3, "classe": "1.50–3.00 m", "_coa_length_m": 2.519, "_coa_class": "1,50–3,00 m" }, "geometry": { "type": "MultiLineString", "coordinates": [ [ [ -48.6597506, -20.9257201 ], [ -48.6597737, -20.925727 ] ] ] } },
{ "type": "Feature", "properties": { "linha_id": 352, "comp_m": 0.942, "ini_m": 44.2, "fim_m": 45.142, "faixa_id": 2, "classe": "0.50–1.50 m", "_coa_length_m": 0.942, "_coa_class": "0,50–1,50 m" }, "geometry": { "type": "MultiLineString", "coordinates": [ [ [ -48.6600836, -20.9259398 ], [ -48.6600882, -20.9259472 ] ] ] } },
{ "type": "Feature", "properties": { "linha_id": 354, "comp_m": 0.88, "ini_m": 4.12, "fim_m": 5.0, "faixa_id": 2, "classe": "0.50–1.50 m", "_coa_length_m": 0.88, "_coa_class": "0,50–1,50 m" }, "geometry": { "type": "MultiLineString", "coordinates": [ [ [ -48.660083, -20.9234533 ], [ -48.6600832, -20.9234613 ] ] ] } },
{ "type": "Feature", "properties": { "linha_id": 354, "comp_m": 0.64, "ini_m": 6.92, "fim_m": 7.56, "faixa_id": 2, "classe": "0.50–1.50 m", "_coa_length_m": 0.64, "_coa_class": "0,50–1,50 m" }, "geometry": { "type": "MultiLineString", "coordinates": [ [ [ -48.6600837, -20.9234786 ], [ -48.6600839, -20.9234844 ] ] ] } },
{ "type": "Feature", "properties": { "linha_id": 355, "comp_m": 1.4, "ini_m": 0.0, "fim_m": 1.4, "faixa_id": 2, "classe": "0.50–1.50 m", "_coa_length_m": 1.4, "_coa_class": "0,50–1,50 m" }, "geometry": { "type": "MultiLineString", "coordinates": [ [ [ -48.659831, -20.9257776 ], [ -48.6598436, -20.9257821 ] ] ] } },
{ "type": "Feature", "properties": { "linha_id": 355, "comp_m": 2.622, "ini_m": 26.12, "fim_m": 28.742, "faixa_id": 3, "classe": "1.50–3.00 m", "_coa_length_m": 2.621, "_coa_class": "1,50–3,00 m" }, "geometry": { "type": "MultiLineString", "coordinates": [ [ [ -48.6600289, -20.9259079 ], [ -48.6600417, -20.9259283 ] ] ] } },
{ "type": "Feature", "properties": { "linha_id": 357, "comp_m": 0.56, "ini_m": 1.4, "fim_m": 1.96, "faixa_id": 2, "classe": "0.50–1.50 m", "_coa_length_m": 0.56, "_coa_class": "0,50–1,50 m" }, "geometry": { "type": "MultiLineString", "coordinates": [ [ [ -48.6588743, -20.9220555 ], [ -48.6588786, -20.9220585 ] ] ] } },
{ "type": "Feature", "properties": { "linha_id": 357, "comp_m": 0.64, "ini_m": 193.56, "fim_m": 194.2, "faixa_id": 2, "classe": "0.50–1.50 m", "_coa_length_m": 0.64, "_coa_class": "0,50–1,50 m" }, "geometry": { "type": "MultiLineString", "coordinates": [ [ [ -48.6596528, -20.9235834 ], [ -48.6596531, -20.9235892 ] ] ] } },
{ "type": "Feature", "properties": { "linha_id": 357, "comp_m": 2.8, "ini_m": 285.08, "fim_m": 287.88, "faixa_id": 3, "classe": "1.50–3.00 m", "_coa_length_m": 2.799, "_coa_class": "1,50–3,00 m" }, "geometry": { "type": "MultiLineString", "coordinates": [ [ [ -48.6595342, -20.9243965 ], [ -48.6595326, -20.9244197 ], [ -48.6595327, -20.9244217 ] ] ] } },
{ "type": "Feature", "properties": { "linha_id": 357, "comp_m": 0.8, "ini_m": 293.96, "fim_m": 294.76, "faixa_id": 2, "classe": "0.50–1.50 m", "_coa_length_m": 0.8, "_coa_class": "0,50–1,50 m" }, "geometry": { "type": "MultiLineString", "coordinates": [ [ [ -48.6595383, -20.9244762 ], [ -48.6595406, -20.9244831 ] ] ] } },
{ "type": "Feature", "properties": { "linha_id": 357, "comp_m": 0.64, "ini_m": 295.08, "fim_m": 295.72, "faixa_id": 2, "classe": "0.50–1.50 m", "_coa_length_m": 0.64, "_coa_class": "0,50–1,50 m" }, "geometry": { "type": "MultiLineString", "coordinates": [ [ [ -48.6595415, -20.9244858 ], [ -48.6595434, -20.9244913 ] ] ] } },
{ "type": "Feature", "properties": { "linha_id": 357, "comp_m": 0.56, "ini_m": 324.84, "fim_m": 325.4, "faixa_id": 2, "classe": "0.50–1.50 m", "_coa_length_m": 0.56, "_coa_class": "0,50–1,50 m" }, "geometry": { "type": "MultiLineString", "coordinates": [ [ [ -48.6597145, -20.9246973 ], [ -48.6597184, -20.9247008 ] ] ] } },
{ "type": "Feature", "properties": { "linha_id": 358, "comp_m": 0.72, "ini_m": 3.88, "fim_m": 4.6, "faixa_id": 2, "classe": "0.50–1.50 m", "_coa_length_m": 0.72, "_coa_class": "0,50–1,50 m" }, "geometry": { "type": "MultiLineString", "coordinates": [ [ [ -48.6589005, -20.9220571 ], [ -48.6589059, -20.9220612 ] ] ] } },
{ "type": "Feature", "properties": { "linha_id": 358, "comp_m": 1.2, "ini_m": 57.88, "fim_m": 59.08, "faixa_id": 2, "classe": "0.50–1.50 m", "_coa_length_m": 1.2, "_coa_class": "0,50–1,50 m" }, "geometry": { "type": "MultiLineString", "coordinates": [ [ [ -48.6592305, -20.9224305 ], [ -48.6592368, -20.9224396 ] ] ] } },
{ "type": "Feature", "properties": { "linha_id": 358, "comp_m": 0.56, "ini_m": 62.36, "fim_m": 62.92, "faixa_id": 2, "classe": "0.50–1.50 m", "_coa_length_m": 0.56, "_coa_class": "0,50–1,50 m" }, "geometry": { "type": "MultiLineString", "coordinates": [ [ [ -48.6592528, -20.9224651 ], [ -48.6592555, -20.9224695 ] ] ] } },
{ "type": "Feature", "properties": { "linha_id": 358, "comp_m": 0.8, "ini_m": 64.76, "fim_m": 65.56, "faixa_id": 2, "classe": "0.50–1.50 m", "_coa_length_m": 0.8, "_coa_class": "0,50–1,50 m" }, "geometry": { "type": "MultiLineString", "coordinates": [ [ [ -48.6592642, -20.9224839 ], [ -48.659268, -20.9224902 ] ] ] } },
{ "type": "Feature", "properties": { "linha_id": 358, "comp_m": 1.12, "ini_m": 86.92, "fim_m": 88.04, "faixa_id": 2, "classe": "0.50–1.50 m", "_coa_length_m": 1.12, "_coa_class": "0,50–1,50 m" }, "geometry": { "type": "MultiLineString", "coordinates": [ [ [ -48.6593671, -20.9226591 ], [ -48.6593722, -20.922668 ] ] ] } },
{ "type": "Feature", "properties": { "linha_id": 358, "comp_m": 1.28, "ini_m": 107.24, "fim_m": 108.52, "faixa_id": 2, "classe": "0.50–1.50 m", "_coa_length_m": 1.28, "_coa_class": "0,50–1,50 m" }, "geometry": { "type": "MultiLineString", "coordinates": [ [ [ -48.6594537, -20.9228235 ], [ -48.659459, -20.922834 ] ] ] } },
{ "type": "Feature", "properties": { "linha_id": 358, "comp_m": 1.6, "ini_m": 293.08, "fim_m": 294.68, "faixa_id": 3, "classe": "1.50–3.00 m", "_coa_length_m": 1.599, "_coa_class": "1,50–3,00 m" }, "geometry": { "type": "MultiLineString", "coordinates": [ [ [ -48.6595476, -20.9244542 ], [ -48.6595493, -20.9244686 ] ] ] } },
{ "type": "Feature", "properties": { "linha_id": 360, "comp_m": 1.44, "ini_m": 67.24, "fim_m": 68.68, "faixa_id": 2, "classe": "0.50–1.50 m", "_coa_length_m": 1.44, "_coa_class": "0,50–1,50 m" }, "geometry": { "type": "MultiLineString", "coordinates": [ [ [ -48.6598291, -20.9230806 ], [ -48.659833, -20.9230931 ] ] ] } },
{ "type": "Feature", "properties": { "linha_id": 362, "comp_m": 0.64, "ini_m": 177.32, "fim_m": 177.96, "faixa_id": 2, "classe": "0.50–1.50 m", "_coa_length_m": 0.64, "_coa_class": "0,50–1,50 m" }, "geometry": { "type": "MultiLineString", "coordinates": [ [ [ -48.6598744, -20.9238706 ], [ -48.6598732, -20.9238763 ] ] ] } },
{ "type": "Feature", "properties": { "linha_id": 363, "comp_m": 2.872, "ini_m": 0.0, "fim_m": 2.872, "faixa_id": 3, "classe": "1.50–3.00 m", "_coa_length_m": 2.871, "_coa_class": "1,50–3,00 m" }, "geometry": { "type": "MultiLineString", "coordinates": [ [ [ -48.6596211, -20.9223499 ], [ -48.6596375, -20.9223707 ] ] ] } },
{ "type": "Feature", "properties": { "linha_id": 364, "comp_m": 0.76, "ini_m": 0.0, "fim_m": 0.76, "faixa_id": 2, "classe": "0.50–1.50 m", "_coa_length_m": 0.76, "_coa_class": "0,50–1,50 m" }, "geometry": { "type": "MultiLineString", "coordinates": [ [ [ -48.6588424, -20.922081 ], [ -48.6588482, -20.9220853 ] ] ] } },
{ "type": "Feature", "properties": { "linha_id": 364, "comp_m": 3.171, "ini_m": 281.8, "fim_m": 284.971, "faixa_id": 4, "classe": "3.00–5.00 m", "_coa_length_m": 3.17, "_coa_class": "3,00–5,00 m" }, "geometry": { "type": "MultiLineString", "coordinates": [ [ [ -48.6594887, -20.924408 ], [ -48.659487, -20.9244366 ] ] ] } },
{ "type": "Feature", "properties": { "linha_id": 365, "comp_m": 0.56, "ini_m": 120.28, "fim_m": 120.84, "faixa_id": 2, "classe": "0.50–1.50 m", "_coa_length_m": 0.56, "_coa_class": "0,50–1,50 m" }, "geometry": { "type": "MultiLineString", "coordinates": [ [ [ -48.6588252, -20.9236642 ], [ -48.6588255, -20.9236693 ] ] ] } },
{ "type": "Feature", "properties": { "linha_id": 365, "comp_m": 13.759, "ini_m": 313.08, "fim_m": 326.839, "faixa_id": 5, "classe": "≥ 5.00 m", "_coa_length_m": 13.754, "_coa_class": ">= 5,00 m" }, "geometry": { "type": "MultiLineString", "coordinates": [ [ [ -48.6591336, -20.9252671 ], [ -48.6591357, -20.9252696 ], [ -48.6591397, -20.925277 ], [ -48.6591524, -20.9252811 ], [ -48.6591889, -20.9253162 ], [ -48.6591938, -20.9253203 ], [ -48.6592091, -20.9253322 ], [ -48.659217, -20.9253376 ], [ -48.6592282, -20.9253456 ], [ -48.6592309, -20.9253485 ] ] ] } },
{ "type": "Feature", "properties": { "linha_id": 366, "comp_m": 0.52, "ini_m": 0.0, "fim_m": 0.52, "faixa_id": 2, "classe": "0.50–1.50 m", "_coa_length_m": 0.52, "_coa_class": "0,50–1,50 m" }, "geometry": { "type": "MultiLineString", "coordinates": [ [ [ -48.658394, -20.9226748 ], [ -48.6583972, -20.9226785 ] ] ] } },
{ "type": "Feature", "properties": { "linha_id": 366, "comp_m": 0.72, "ini_m": 49.64, "fim_m": 50.36, "faixa_id": 2, "classe": "0.50–1.50 m", "_coa_length_m": 0.72, "_coa_class": "0,50–1,50 m" }, "geometry": { "type": "MultiLineString", "coordinates": [ [ [ -48.6586464, -20.9230533 ], [ -48.6586495, -20.9230592 ] ] ] } },
{ "type": "Feature", "properties": { "linha_id": 366, "comp_m": 0.56, "ini_m": 60.04, "fim_m": 60.6, "faixa_id": 2, "classe": "0.50–1.50 m", "_coa_length_m": 0.56, "_coa_class": "0,50–1,50 m" }, "geometry": { "type": "MultiLineString", "coordinates": [ [ [ -48.65869, -20.9231378 ], [ -48.6586924, -20.9231424 ] ] ] } },
{ "type": "Feature", "properties": { "linha_id": 366, "comp_m": 0.56, "ini_m": 111.8, "fim_m": 112.36, "faixa_id": 2, "classe": "0.50–1.50 m", "_coa_length_m": 0.56, "_coa_class": "0,50–1,50 m" }, "geometry": { "type": "MultiLineString", "coordinates": [ [ [ -48.6588358, -20.92358 ], [ -48.658836, -20.923585 ] ] ] } },
{ "type": "Feature", "properties": { "linha_id": 366, "comp_m": 0.56, "ini_m": 165.8, "fim_m": 166.36, "faixa_id": 2, "classe": "0.50–1.50 m", "_coa_length_m": 0.56, "_coa_class": "0,50–1,50 m" }, "geometry": { "type": "MultiLineString", "coordinates": [ [ [ -48.6587435, -20.9240556 ], [ -48.6587427, -20.9240601 ], [ -48.6587427, -20.9240606 ] ] ] } },
{ "type": "Feature", "properties": { "linha_id": 366, "comp_m": 1.68, "ini_m": 167.48, "fim_m": 169.16, "faixa_id": 3, "classe": "1.50–3.00 m", "_coa_length_m": 1.679, "_coa_class": "1,50–3,00 m" }, "geometry": { "type": "MultiLineString", "coordinates": [ [ [ -48.6587415, -20.9240706 ], [ -48.6587399, -20.9240857 ] ] ] } },
{ "type": "Feature", "properties": { "linha_id": 366, "comp_m": 1.12, "ini_m": 241.4, "fim_m": 242.52, "faixa_id": 2, "classe": "0.50–1.50 m", "_coa_length_m": 1.12, "_coa_class": "0,50–1,50 m" }, "geometry": { "type": "MultiLineString", "coordinates": [ [ [ -48.6587583, -20.9247313 ], [ -48.658762, -20.9247408 ] ] ] } },
{ "type": "Feature", "properties": { "linha_id": 366, "comp_m": 1.52, "ini_m": 256.92, "fim_m": 258.44, "faixa_id": 3, "classe": "1.50–3.00 m", "_coa_length_m": 1.519, "_coa_class": "1,50–3,00 m" }, "geometry": { "type": "MultiLineString", "coordinates": [ [ [ -48.658817, -20.9248599 ], [ -48.6588238, -20.9248721 ] ] ] } },
{ "type": "Feature", "properties": { "linha_id": 366, "comp_m": 0.8, "ini_m": 273.24, "fim_m": 274.04, "faixa_id": 2, "classe": "0.50–1.50 m", "_coa_length_m": 0.8, "_coa_class": "0,50–1,50 m" }, "geometry": { "type": "MultiLineString", "coordinates": [ [ [ -48.6588995, -20.924985 ], [ -48.6589042, -20.9249907 ] ] ] } },
{ "type": "Feature", "properties": { "linha_id": 366, "comp_m": 0.56, "ini_m": 278.76, "fim_m": 279.32, "faixa_id": 2, "classe": "0.50–1.50 m", "_coa_length_m": 0.56, "_coa_class": "0,50–1,50 m" }, "geometry": { "type": "MultiLineString", "coordinates": [ [ [ -48.6589321, -20.9250243 ], [ -48.6589354, -20.9250283 ] ] ] } },
{ "type": "Feature", "properties": { "linha_id": 366, "comp_m": 7.959, "ini_m": 314.12, "fim_m": 322.079, "faixa_id": 5, "classe": "≥ 5.00 m", "_coa_length_m": 7.956, "_coa_class": ">= 5,00 m" }, "geometry": { "type": "MultiLineString", "coordinates": [ [ [ -48.6591549, -20.9252652 ], [ -48.6591763, -20.9252865 ], [ -48.6591825, -20.9252921 ], [ -48.6592094, -20.9253156 ] ] ] } },
{ "type": "Feature", "properties": { "linha_id": 367, "comp_m": 0.56, "ini_m": 7.24, "fim_m": 7.8, "faixa_id": 2, "classe": "0.50–1.50 m", "_coa_length_m": 0.56, "_coa_class": "0,50–1,50 m" }, "geometry": { "type": "MultiLineString", "coordinates": [ [ [ -48.6584149, -20.9227425 ], [ -48.6584183, -20.9227464 ] ] ] } },
{ "type": "Feature", "properties": { "linha_id": 367, "comp_m": 6.759, "ini_m": 302.2, "fim_m": 308.959, "faixa_id": 5, "classe": "≥ 5.00 m", "_coa_length_m": 6.757, "_coa_class": ">= 5,00 m" }, "geometry": { "type": "MultiLineString", "coordinates": [ [ [ -48.6590514, -20.925203 ], [ -48.6590724, -20.9252261 ], [ -48.6590747, -20.9252277 ], [ -48.6590941, -20.9252489 ] ] ] } },
{ "type": "Feature", "properties": { "linha_id": 368, "comp_m": 1.32, "ini_m": 0.0, "fim_m": 1.32, "faixa_id": 2, "classe": "0.50–1.50 m", "_coa_length_m": 1.32, "_coa_class": "0,50–1,50 m" }, "geometry": { "type": "MultiLineString", "coordinates": [ [ [ -48.6589715, -20.9218801 ], [ -48.658981, -20.921888 ] ] ] } },
{ "type": "Feature", "properties": { "linha_id": 369, "comp_m": 1.591, "ini_m": 301.48, "fim_m": 303.071, "faixa_id": 3, "classe": "1.50–3.00 m", "_coa_length_m": 1.59, "_coa_class": "1,50–3,00 m" }, "geometry": { "type": "MultiLineString", "coordinates": [ [ [ -48.6590361, -20.9252066 ], [ -48.6590468, -20.9252169 ] ] ] } },
{ "type": "Feature", "properties": { "linha_id": 370, "comp_m": 1.8, "ini_m": 0.0, "fim_m": 1.8, "faixa_id": 3, "classe": "1.50–3.00 m", "_coa_length_m": 1.799, "_coa_class": "1,50–3,00 m" }, "geometry": { "type": "MultiLineString", "coordinates": [ [ [ -48.6589779, -20.9218717 ], [ -48.6589918, -20.9218813 ] ] ] } },
{ "type": "Feature", "properties": { "linha_id": 371, "comp_m": 0.88, "ini_m": 71.8, "fim_m": 72.68, "faixa_id": 2, "classe": "0.50–1.50 m", "_coa_length_m": 0.88, "_coa_class": "0,50–1,50 m" }, "geometry": { "type": "MultiLineString", "coordinates": [ [ [ -48.658683, -20.923283 ], [ -48.6586861, -20.9232903 ] ] ] } },
{ "type": "Feature", "properties": { "linha_id": 371, "comp_m": 11.764, "ini_m": 282.6, "fim_m": 294.364, "faixa_id": 5, "classe": "≥ 5.00 m", "_coa_length_m": 11.76, "_coa_class": ">= 5,00 m" }, "geometry": { "type": "MultiLineString", "coordinates": [ [ [ -48.658901, -20.9250988 ], [ -48.6589107, -20.925111 ], [ -48.65894, -20.9251405 ], [ -48.6589412, -20.9251416 ], [ -48.6589425, -20.9251427 ], [ -48.6589438, -20.9251439 ], [ -48.6589453, -20.925145 ], [ -48.6589468, -20.9251461 ], [ -48.6589483, -20.9251471 ], [ -48.6589498, -20.9251479 ], [ -48.6589513, -20.9251486 ], [ -48.6589587, -20.9251449 ], [ -48.6589725, -20.9251594 ], [ -48.6589782, -20.9251678 ] ] ] } },
{ "type": "Feature", "properties": { "linha_id": 372, "comp_m": 0.88, "ini_m": 65.4, "fim_m": 66.28, "faixa_id": 2, "classe": "0.50–1.50 m", "_coa_length_m": 0.88, "_coa_class": "0,50–1,50 m" }, "geometry": { "type": "MultiLineString", "coordinates": [ [ [ -48.6586676, -20.9232188 ], [ -48.6586713, -20.923226 ] ] ] } },
{ "type": "Feature", "properties": { "linha_id": 372, "comp_m": 1.36, "ini_m": 98.84, "fim_m": 100.2, "faixa_id": 2, "classe": "0.50–1.50 m", "_coa_length_m": 1.36, "_coa_class": "0,50–1,50 m" }, "geometry": { "type": "MultiLineString", "coordinates": [ [ [ -48.6587732, -20.9235026 ], [ -48.6587748, -20.9235148 ] ] ] } },
{ "type": "Feature", "properties": { "linha_id": 372, "comp_m": 1.2, "ini_m": 278.52, "fim_m": 279.72, "faixa_id": 2, "classe": "0.50–1.50 m", "_coa_length_m": 1.2, "_coa_class": "0,50–1,50 m" }, "geometry": { "type": "MultiLineString", "coordinates": [ [ [ -48.6588865, -20.9250578 ], [ -48.6588935, -20.9250664 ] ] ] } },
{ "type": "Feature", "properties": { "linha_id": 372, "comp_m": 5.12, "ini_m": 282.84, "fim_m": 287.96, "faixa_id": 5, "classe": "≥ 5.00 m", "_coa_length_m": 5.118, "_coa_class": ">= 5,00 m" }, "geometry": { "type": "MultiLineString", "coordinates": [ [ [ -48.6589124, -20.9250883 ], [ -48.6589441, -20.9251236 ] ] ] } },
{ "type": "Feature", "properties": { "linha_id": 372, "comp_m": 0.906, "ini_m": 288.28, "fim_m": 289.186, "faixa_id": 2, "classe": "0.50–1.50 m", "_coa_length_m": 0.906, "_coa_class": "0,50–1,50 m" }, "geometry": { "type": "MultiLineString", "coordinates": [ [ [ -48.6589461, -20.9251258 ], [ -48.6589517, -20.9251321 ] ] ] } },
{ "type": "Feature", "properties": { "linha_id": 373, "comp_m": 0.96, "ini_m": 71.16, "fim_m": 72.12, "faixa_id": 2, "classe": "0.50–1.50 m", "_coa_length_m": 0.96, "_coa_class": "0,50–1,50 m" }, "geometry": { "type": "MultiLineString", "coordinates": [ [ [ -48.6586704, -20.9232894 ], [ -48.6586739, -20.9232974 ] ] ] } },
{ "type": "Feature", "properties": { "linha_id": 373, "comp_m": 1.36, "ini_m": 73.48, "fim_m": 74.84, "faixa_id": 2, "classe": "0.50–1.50 m", "_coa_length_m": 1.36, "_coa_class": "0,50–1,50 m" }, "geometry": { "type": "MultiLineString", "coordinates": [ [ [ -48.6586789, -20.9233088 ], [ -48.658684, -20.9233201 ] ] ] } },
{ "type": "Feature", "properties": { "linha_id": 373, "comp_m": 0.56, "ini_m": 76.28, "fim_m": 76.84, "faixa_id": 2, "classe": "0.50–1.50 m", "_coa_length_m": 0.56, "_coa_class": "0,50–1,50 m" }, "geometry": { "type": "MultiLineString", "coordinates": [ [ [ -48.6586893, -20.9233321 ], [ -48.6586914, -20.9233368 ] ] ] } },
{ "type": "Feature", "properties": { "linha_id": 373, "comp_m": 1.12, "ini_m": 91.64, "fim_m": 92.76, "faixa_id": 2, "classe": "0.50–1.50 m", "_coa_length_m": 1.12, "_coa_class": "0,50–1,50 m" }, "geometry": { "type": "MultiLineString", "coordinates": [ [ [ -48.6587364, -20.9234634 ], [ -48.6587391, -20.9234732 ] ] ] } },
{ "type": "Feature", "properties": { "linha_id": 373, "comp_m": 7.477, "ini_m": 273.48, "fim_m": 280.957, "faixa_id": 5, "classe": "≥ 5.00 m", "_coa_length_m": 7.475, "_coa_class": ">= 5,00 m" }, "geometry": { "type": "MultiLineString", "coordinates": [ [ [ -48.6588377, -20.9250451 ], [ -48.6588642, -20.9250785 ], [ -48.6588679, -20.9250821 ], [ -48.6588815, -20.9250987 ] ] ] } },
{ "type": "Feature", "properties": { "linha_id": 374, "comp_m": 0.88, "ini_m": 28.52, "fim_m": 29.4, "faixa_id": 2, "classe": "0.50–1.50 m", "_coa_length_m": 0.88, "_coa_class": "0,50–1,50 m" }, "geometry": { "type": "MultiLineString", "coordinates": [ [ [ -48.65848, -20.9229556 ], [ -48.6584839, -20.9229626 ] ] ] } },
{ "type": "Feature", "properties": { "linha_id": 374, "comp_m": 1.537, "ini_m": 273.4, "fim_m": 274.937, "faixa_id": 3, "classe": "1.50–3.00 m", "_coa_length_m": 1.536, "_coa_class": "1,50–3,00 m" }, "geometry": { "type": "MultiLineString", "coordinates": [ [ [ -48.6588282, -20.9250561 ], [ -48.6588373, -20.9250671 ] ] ] } },
{ "type": "Feature", "properties": { "linha_id": 375, "comp_m": 6.114, "ini_m": 263.08, "fim_m": 269.194, "faixa_id": 5, "classe": "≥ 5.00 m", "_coa_length_m": 6.112, "_coa_class": ">= 5,00 m" }, "geometry": { "type": "MultiLineString", "coordinates": [ [ [ -48.6587617, -20.9249909 ], [ -48.6587668, -20.9249988 ], [ -48.6587692, -20.9250069 ], [ -48.65877, -20.925006 ], [ -48.658793, -20.9250354 ] ] ] } },
{ "type": "Feature", "properties": { "linha_id": 376, "comp_m": 4.042, "ini_m": 261.48, "fim_m": 265.522, "faixa_id": 4, "classe": "3.00–5.00 m", "_coa_length_m": 4.04, "_coa_class": "3,00–5,00 m" }, "geometry": { "type": "MultiLineString", "coordinates": [ [ [ -48.6587426, -20.9249909 ], [ -48.6587496, -20.9249961 ], [ -48.6587567, -20.9250077 ], [ -48.6587605, -20.9250099 ], [ -48.6587647, -20.92501 ], [ -48.658764, -20.9250104 ], [ -48.6587658, -20.9250159 ] ] ] } },
{ "type": "Feature", "properties": { "linha_id": 377, "comp_m": 0.64, "ini_m": 30.28, "fim_m": 30.92, "faixa_id": 2, "classe": "0.50–1.50 m", "_coa_length_m": 0.64, "_coa_class": "0,50–1,50 m" }, "geometry": { "type": "MultiLineString", "coordinates": [ [ [ -48.6584571, -20.9230045 ], [ -48.6584599, -20.9230096 ] ] ] } },
{ "type": "Feature", "properties": { "linha_id": 377, "comp_m": 3.304, "ini_m": 252.92, "fim_m": 256.224, "faixa_id": 4, "classe": "3.00–5.00 m", "_coa_length_m": 3.302, "_coa_class": "3,00–5,00 m" }, "geometry": { "type": "MultiLineString", "coordinates": [ [ [ -48.6586938, -20.9249348 ], [ -48.6587005, -20.9249462 ], [ -48.6587077, -20.9249616 ] ] ] } },
{ "type": "Feature", "properties": { "linha_id": 378, "comp_m": 0.8, "ini_m": 30.76, "fim_m": 31.56, "faixa_id": 2, "classe": "0.50–1.50 m", "_coa_length_m": 0.8, "_coa_class": "0,50–1,50 m" }, "geometry": { "type": "MultiLineString", "coordinates": [ [ [ -48.6584491, -20.9230195 ], [ -48.6584527, -20.9230259 ] ] ] } },
{ "type": "Feature", "properties": { "linha_id": 378, "comp_m": 0.8, "ini_m": 107.8, "fim_m": 108.6, "faixa_id": 2, "classe": "0.50–1.50 m", "_coa_length_m": 0.8, "_coa_class": "0,50–1,50 m" }, "geometry": { "type": "MultiLineString", "coordinates": [ [ [ -48.6586802, -20.9236699 ], [ -48.6586797, -20.9236771 ] ] ] } },
{ "type": "Feature", "properties": { "linha_id": 378, "comp_m": 4.731, "ini_m": 250.84, "fim_m": 255.571, "faixa_id": 4, "classe": "3.00–5.00 m", "_coa_length_m": 4.729, "_coa_class": "3,00–5,00 m" }, "geometry": { "type": "MultiLineString", "coordinates": [ [ [ -48.6586743, -20.9249298 ], [ -48.658677, -20.9249353 ], [ -48.6586915, -20.924957 ], [ -48.658697, -20.9249667 ] ] ] } },
{ "type": "Feature", "properties": { "linha_id": 379, "comp_m": 0.8, "ini_m": 107.24, "fim_m": 108.04, "faixa_id": 2, "classe": "0.50–1.50 m", "_coa_length_m": 0.8, "_coa_class": "0,50–1,50 m" }, "geometry": { "type": "MultiLineString", "coordinates": [ [ [ -48.658666, -20.9236767 ], [ -48.6586644, -20.9236838 ] ] ] } },
{ "type": "Feature", "properties": { "linha_id": 379, "comp_m": 4.201, "ini_m": 246.76, "fim_m": 250.961, "faixa_id": 4, "classe": "3.00–5.00 m", "_coa_length_m": 4.2, "_coa_class": "3,00–5,00 m" }, "geometry": { "type": "MultiLineString", "coordinates": [ [ [ -48.658647, -20.9249079 ], [ -48.658659, -20.9249329 ], [ -48.6586603, -20.9249405 ], [ -48.6586607, -20.9249408 ], [ -48.6586612, -20.9249398 ], [ -48.658661, -20.924941 ] ] ] } },
{ "type": "Feature", "properties": { "linha_id": 380, "comp_m": 0.64, "ini_m": 87.4, "fim_m": 88.04, "faixa_id": 2, "classe": "0.50–1.50 m", "_coa_length_m": 0.64, "_coa_class": "0,50–1,50 m" }, "geometry": { "type": "MultiLineString", "coordinates": [ [ [ -48.658643, -20.9235106 ], [ -48.658644, -20.9235163 ] ] ] } },
{ "type": "Feature", "properties": { "linha_id": 380, "comp_m": 1.28, "ini_m": 145.88, "fim_m": 147.16, "faixa_id": 2, "classe": "0.50–1.50 m", "_coa_length_m": 1.28, "_coa_class": "0,50–1,50 m" }, "geometry": { "type": "MultiLineString", "coordinates": [ [ [ -48.6585575, -20.9240265 ], [ -48.6585559, -20.924038 ] ] ] } },
{ "type": "Feature", "properties": { "linha_id": 380, "comp_m": 0.56, "ini_m": 166.68, "fim_m": 167.24, "faixa_id": 2, "classe": "0.50–1.50 m", "_coa_length_m": 0.56, "_coa_class": "0,50–1,50 m" }, "geometry": { "type": "MultiLineString", "coordinates": [ [ [ -48.6585368, -20.9242132 ], [ -48.6585364, -20.9242183 ] ] ] } },
{ "type": "Feature", "properties": { "linha_id": 380, "comp_m": 2.282, "ini_m": 244.28, "fim_m": 246.562, "faixa_id": 3, "classe": "1.50–3.00 m", "_coa_length_m": 2.281, "_coa_class": "1,50–3,00 m" }, "geometry": { "type": "MultiLineString", "coordinates": [ [ [ -48.6586262, -20.9248989 ], [ -48.6586358, -20.9249174 ] ] ] } },
{ "type": "Feature", "properties": { "linha_id": 381, "comp_m": 7.039, "ini_m": 236.84, "fim_m": 243.879, "faixa_id": 5, "classe": "≥ 5.00 m", "_coa_length_m": 7.036, "_coa_class": ">= 5,00 m" }, "geometry": { "type": "MultiLineString", "coordinates": [ [ [ -48.6585877, -20.9248486 ], [ -48.6586138, -20.9249072 ] ] ] } },
{ "type": "Feature", "properties": { "linha_id": 382, "comp_m": 0.56, "ini_m": 25.72, "fim_m": 26.28, "faixa_id": 2, "classe": "0.50–1.50 m", "_coa_length_m": 0.56, "_coa_class": "0,50–1,50 m" }, "geometry": { "type": "MultiLineString", "coordinates": [ [ [ -48.6583871, -20.9230246 ], [ -48.6583897, -20.923029 ] ] ] } },
{ "type": "Feature", "properties": { "linha_id": 382, "comp_m": 3.42, "ini_m": 236.44, "fim_m": 239.86, "faixa_id": 4, "classe": "3.00–5.00 m", "_coa_length_m": 3.419, "_coa_class": "3,00–5,00 m" }, "geometry": { "type": "MultiLineString", "coordinates": [ [ [ -48.6585758, -20.9248577 ], [ -48.6585779, -20.924863 ], [ -48.6585895, -20.9248858 ] ] ] } },
{ "type": "Feature", "properties": { "linha_id": 383, "comp_m": 0.999, "ini_m": 234.52, "fim_m": 235.519, "faixa_id": 2, "classe": "0.50–1.50 m", "_coa_length_m": 0.999, "_coa_class": "0,50–1,50 m" }, "geometry": { "type": "MultiLineString", "coordinates": [ [ [ -48.658558, -20.9248538 ], [ -48.6585609, -20.9248624 ] ] ] } },
{ "type": "Feature", "properties": { "linha_id": 385, "comp_m": 2.464, "ini_m": 227.88, "fim_m": 230.344, "faixa_id": 3, "classe": "1.50–3.00 m", "_coa_length_m": 2.464, "_coa_class": "1,50–3,00 m" }, "geometry": { "type": "MultiLineString", "coordinates": [ [ [ -48.6585155, -20.9248211 ], [ -48.6585228, -20.9248422 ] ] ] } },
{ "type": "Feature", "properties": { "linha_id": 386, "comp_m": 0.92, "ini_m": 0.0, "fim_m": 0.92, "faixa_id": 2, "classe": "0.50–1.50 m", "_coa_length_m": 0.92, "_coa_class": "0,50–1,50 m" }, "geometry": { "type": "MultiLineString", "coordinates": [ [ [ -48.6582142, -20.9228741 ], [ -48.6582196, -20.9228807 ] ] ] } },
{ "type": "Feature", "properties": { "linha_id": 386, "comp_m": 1.287, "ini_m": 226.28, "fim_m": 227.567, "faixa_id": 2, "classe": "0.50–1.50 m", "_coa_length_m": 1.287, "_coa_class": "0,50–1,50 m" }, "geometry": { "type": "MultiLineString", "coordinates": [ [ [ -48.6584989, -20.9248176 ], [ -48.6585036, -20.9248284 ] ] ] } },
{ "type": "Feature", "properties": { "linha_id": 387, "comp_m": 0.72, "ini_m": 21.88, "fim_m": 22.6, "faixa_id": 2, "classe": "0.50–1.50 m", "_coa_length_m": 0.72, "_coa_class": "0,50–1,50 m" }, "geometry": { "type": "MultiLineString", "coordinates": [ [ [ -48.6583187, -20.9230507 ], [ -48.6583219, -20.9230565 ] ] ] } },
{ "type": "Feature", "properties": { "linha_id": 387, "comp_m": 1.04, "ini_m": 96.44, "fim_m": 97.48, "faixa_id": 2, "classe": "0.50–1.50 m", "_coa_length_m": 1.04, "_coa_class": "0,50–1,50 m" }, "geometry": { "type": "MultiLineString", "coordinates": [ [ [ -48.6585479, -20.9236769 ], [ -48.6585458, -20.9236861 ] ] ] } },
{ "type": "Feature", "properties": { "linha_id": 387, "comp_m": 1.12, "ini_m": 179.96, "fim_m": 181.08, "faixa_id": 2, "classe": "0.50–1.50 m", "_coa_length_m": 1.12, "_coa_class": "0,50–1,50 m" }, "geometry": { "type": "MultiLineString", "coordinates": [ [ [ -48.6584206, -20.9244183 ], [ -48.6584201, -20.9244284 ] ] ] } },
{ "type": "Feature", "properties": { "linha_id": 387, "comp_m": 2.91, "ini_m": 221.4, "fim_m": 224.31, "faixa_id": 3, "classe": "1.50–3.00 m", "_coa_length_m": 2.909, "_coa_class": "1,50–3,00 m" }, "geometry": { "type": "MultiLineString", "coordinates": [ [ [ -48.6584741, -20.9247873 ], [ -48.6584815, -20.9248127 ] ] ] } },
{ "type": "Feature", "properties": { "linha_id": 388, "comp_m": 0.523, "ini_m": 220.6, "fim_m": 221.123, "faixa_id": 2, "classe": "0.50–1.50 m", "_coa_length_m": 0.523, "_coa_class": "0,50–1,50 m" }, "geometry": { "type": "MultiLineString", "coordinates": [ [ [ -48.6584608, -20.9247914 ], [ -48.6584629, -20.9247957 ] ] ] } },
{ "type": "Feature", "properties": { "linha_id": 389, "comp_m": 4.2, "ini_m": 0.0, "fim_m": 4.2, "faixa_id": 4, "classe": "3.00–5.00 m", "_coa_length_m": 4.199, "_coa_class": "3,00–5,00 m" }, "geometry": { "type": "MultiLineString", "coordinates": [ [ [ -48.6581855, -20.9229077 ], [ -48.6582098, -20.922938 ] ] ] } },
{ "type": "Feature", "properties": { "linha_id": 389, "comp_m": 3.167, "ini_m": 214.2, "fim_m": 217.367, "faixa_id": 4, "classe": "3.00–5.00 m", "_coa_length_m": 3.166, "_coa_class": "3,00–5,00 m" }, "geometry": { "type": "MultiLineString", "coordinates": [ [ [ -48.6584314, -20.9247483 ], [ -48.6584382, -20.9247762 ] ] ] } },
{ "type": "Feature", "properties": { "linha_id": 390, "comp_m": 1.16, "ini_m": 0.0, "fim_m": 1.16, "faixa_id": 2, "classe": "0.50–1.50 m", "_coa_length_m": 1.16, "_coa_class": "0,50–1,50 m" }, "geometry": { "type": "MultiLineString", "coordinates": [ [ [ -48.6581956, -20.9229415 ], [ -48.6582022, -20.9229477 ], [ -48.6582032, -20.9229491 ] ] ] } },
{ "type": "Feature", "properties": { "linha_id": 390, "comp_m": 2.338, "ini_m": 209.96, "fim_m": 212.298, "faixa_id": 3, "classe": "1.50–3.00 m", "_coa_length_m": 2.337, "_coa_class": "1,50–3,00 m" }, "geometry": { "type": "MultiLineString", "coordinates": [ [ [ -48.6584168, -20.9247512 ], [ -48.6584235, -20.9247701 ], [ -48.6584236, -20.9247713 ] ] ] } },
{ "type": "Feature", "properties": { "linha_id": 391, "comp_m": 1.16, "ini_m": 0.0, "fim_m": 1.16, "faixa_id": 2, "classe": "0.50–1.50 m", "_coa_length_m": 1.16, "_coa_class": "0,50–1,50 m" }, "geometry": { "type": "MultiLineString", "coordinates": [ [ [ -48.6581693, -20.9229266 ], [ -48.6581726, -20.922933 ], [ -48.6581747, -20.9229357 ] ] ] } },
{ "type": "Feature", "properties": { "linha_id": 391, "comp_m": 1.52, "ini_m": 21.56, "fim_m": 23.08, "faixa_id": 3, "classe": "1.50–3.00 m", "_coa_length_m": 1.519, "_coa_class": "1,50–3,00 m" }, "geometry": { "type": "MultiLineString", "coordinates": [ [ [ -48.6582778, -20.9230921 ], [ -48.6582845, -20.9231043 ] ] ] } },
{ "type": "Feature", "properties": { "linha_id": 391, "comp_m": 3.489, "ini_m": 209.24, "fim_m": 212.729, "faixa_id": 4, "classe": "3.00–5.00 m", "_coa_length_m": 3.488, "_coa_class": "3,00–5,00 m" }, "geometry": { "type": "MultiLineString", "coordinates": [ [ [ -48.6583952, -20.9247273 ], [ -48.6583967, -20.9247339 ], [ -48.6584045, -20.9247576 ] ] ] } },
{ "type": "Feature", "properties": { "linha_id": 392, "comp_m": 1.177, "ini_m": 207.8, "fim_m": 208.977, "faixa_id": 2, "classe": "0.50–1.50 m", "_coa_length_m": 1.177, "_coa_class": "0,50–1,50 m" }, "geometry": { "type": "MultiLineString", "coordinates": [ [ [ -48.6583813, -20.9247329 ], [ -48.6583843, -20.9247431 ] ] ] } },
{ "type": "Feature", "properties": { "linha_id": 393, "comp_m": 2.2, "ini_m": 0.0, "fim_m": 2.2, "faixa_id": 3, "classe": "1.50–3.00 m", "_coa_length_m": 2.199, "_coa_class": "1,50–3,00 m" }, "geometry": { "type": "MultiLineString", "coordinates": [ [ [ -48.6581511, -20.9229528 ], [ -48.6581634, -20.922969 ] ] ] } },
{ "type": "Feature", "properties": { "linha_id": 393, "comp_m": 0.72, "ini_m": 13.4, "fim_m": 14.12, "faixa_id": 2, "classe": "0.50–1.50 m", "_coa_length_m": 0.72, "_coa_class": "0,50–1,50 m" }, "geometry": { "type": "MultiLineString", "coordinates": [ [ [ -48.6582221, -20.9230536 ], [ -48.6582257, -20.9230592 ] ] ] } },
{ "type": "Feature", "properties": { "linha_id": 393, "comp_m": 1.04, "ini_m": 18.84, "fim_m": 19.88, "faixa_id": 2, "classe": "0.50–1.50 m", "_coa_length_m": 1.04, "_coa_class": "0,50–1,50 m" }, "geometry": { "type": "MultiLineString", "coordinates": [ [ [ -48.6582481, -20.9230962 ], [ -48.6582526, -20.9231046 ] ] ] } },
{ "type": "Feature", "properties": { "linha_id": 393, "comp_m": 3.36, "ini_m": 22.12, "fim_m": 25.48, "faixa_id": 4, "classe": "3.00–5.00 m", "_coa_length_m": 3.359, "_coa_class": "3,00–5,00 m" }, "geometry": { "type": "MultiLineString", "coordinates": [ [ [ -48.6582624, -20.9231226 ], [ -48.6582772, -20.9231496 ] ] ] } },
{ "type": "Feature", "properties": { "linha_id": 393, "comp_m": 0.88, "ini_m": 27.8, "fim_m": 28.68, "faixa_id": 2, "classe": "0.50–1.50 m", "_coa_length_m": 0.88, "_coa_class": "0,50–1,50 m" }, "geometry": { "type": "MultiLineString", "coordinates": [ [ [ -48.6582873, -20.9231682 ], [ -48.6582912, -20.9231753 ] ] ] } },
{ "type": "Feature", "properties": { "linha_id": 393, "comp_m": 1.84, "ini_m": 31.08, "fim_m": 32.92, "faixa_id": 3, "classe": "1.50–3.00 m", "_coa_length_m": 1.839, "_coa_class": "1,50–3,00 m" }, "geometry": { "type": "MultiLineString", "coordinates": [ [ [ -48.6583017, -20.9231946 ], [ -48.6583098, -20.9232094 ] ] ] } },
{ "type": "Feature", "properties": { "linha_id": 393, "comp_m": 0.96, "ini_m": 35.0, "fim_m": 35.96, "faixa_id": 2, "classe": "0.50–1.50 m", "_coa_length_m": 0.96, "_coa_class": "0,50–1,50 m" }, "geometry": { "type": "MultiLineString", "coordinates": [ [ [ -48.6583189, -20.9232261 ], [ -48.6583231, -20.9232338 ] ] ] } },
{ "type": "Feature", "properties": { "linha_id": 393, "comp_m": 3.365, "ini_m": 202.52, "fim_m": 205.885, "faixa_id": 4, "classe": "3.00–5.00 m", "_coa_length_m": 3.364, "_coa_class": "3,00–5,00 m" }, "geometry": { "type": "MultiLineString", "coordinates": [ [ [ -48.6583584, -20.9246966 ], [ -48.6583634, -20.9247266 ] ] ] } },
{ "type": "Feature", "properties": { "linha_id": 394, "comp_m": 2.36, "ini_m": 0.0, "fim_m": 2.36, "faixa_id": 3, "classe": "1.50–3.00 m", "_coa_length_m": 2.359, "_coa_class": "1,50–3,00 m" }, "geometry": { "type": "MultiLineString", "coordinates": [ [ [ -48.6581405, -20.9229602 ], [ -48.6581429, -20.9229644 ], [ -48.6581532, -20.9229778 ] ] ] } },
{ "type": "Feature", "properties": { "linha_id": 394, "comp_m": 0.56, "ini_m": 26.52, "fim_m": 27.08, "faixa_id": 2, "classe": "0.50–1.50 m", "_coa_length_m": 0.56, "_coa_class": "0,50–1,50 m" }, "geometry": { "type": "MultiLineString", "coordinates": [ [ [ -48.6582705, -20.9231657 ], [ -48.658273, -20.9231702 ] ] ] } },
{ "type": "Feature", "properties": { "linha_id": 394, "comp_m": 0.8, "ini_m": 33.24, "fim_m": 34.04, "faixa_id": 2, "classe": "0.50–1.50 m", "_coa_length_m": 0.8, "_coa_class": "0,50–1,50 m" }, "geometry": { "type": "MultiLineString", "coordinates": [ [ [ -48.6583002, -20.9232196 ], [ -48.6583036, -20.923226 ] ] ] } },
{ "type": "Feature", "properties": { "linha_id": 394, "comp_m": 2.429, "ini_m": 201.32, "fim_m": 203.749, "faixa_id": 3, "classe": "1.50–3.00 m", "_coa_length_m": 2.428, "_coa_class": "1,50–3,00 m" }, "geometry": { "type": "MultiLineString", "coordinates": [ [ [ -48.6583437, -20.9246946 ], [ -48.6583469, -20.9247164 ] ] ] } },
{ "type": "Feature", "properties": { "linha_id": 395, "comp_m": 0.56, "ini_m": 14.2, "fim_m": 14.76, "faixa_id": 2, "classe": "0.50–1.50 m", "_coa_length_m": 0.56, "_coa_class": "0,50–1,50 m" }, "geometry": { "type": "MultiLineString", "coordinates": [ [ [ -48.6582051, -20.9230788 ], [ -48.6582079, -20.9230832 ] ] ] } },
{ "type": "Feature", "properties": { "linha_id": 395, "comp_m": 0.88, "ini_m": 93.96, "fim_m": 94.84, "faixa_id": 2, "classe": "0.50–1.50 m", "_coa_length_m": 0.88, "_coa_class": "0,50–1,50 m" }, "geometry": { "type": "MultiLineString", "coordinates": [ [ [ -48.6584064, -20.9237479 ], [ -48.6584038, -20.9237555 ] ] ] } },
{ "type": "Feature", "properties": { "linha_id": 395, "comp_m": 0.72, "ini_m": 95.48, "fim_m": 96.2, "faixa_id": 2, "classe": "0.50–1.50 m", "_coa_length_m": 0.72, "_coa_class": "0,50–1,50 m" }, "geometry": { "type": "MultiLineString", "coordinates": [ [ [ -48.6584019, -20.923761 ], [ -48.6584016, -20.9237618 ], [ -48.6584001, -20.9237672 ] ] ] } },
{ "type": "Feature", "properties": { "linha_id": 395, "comp_m": 0.72, "ini_m": 99.32, "fim_m": 100.04, "faixa_id": 2, "classe": "0.50–1.50 m", "_coa_length_m": 0.72, "_coa_class": "0,50–1,50 m" }, "geometry": { "type": "MultiLineString", "coordinates": [ [ [ -48.6583926, -20.9237945 ], [ -48.6583908, -20.9238008 ] ] ] } },
{ "type": "Feature", "properties": { "linha_id": 395, "comp_m": 0.96, "ini_m": 111.0, "fim_m": 111.96, "faixa_id": 2, "classe": "0.50–1.50 m", "_coa_length_m": 0.96, "_coa_class": "0,50–1,50 m" }, "geometry": { "type": "MultiLineString", "coordinates": [ [ [ -48.6583642, -20.9238965 ], [ -48.6583622, -20.9239049 ] ] ] } },
{ "type": "Feature", "properties": { "linha_id": 395, "comp_m": 0.752, "ini_m": 199.8, "fim_m": 200.552, "faixa_id": 2, "classe": "0.50–1.50 m", "_coa_length_m": 0.752, "_coa_class": "0,50–1,50 m" }, "geometry": { "type": "MultiLineString", "coordinates": [ [ [ -48.6583274, -20.9246936 ], [ -48.6583279, -20.9247004 ] ] ] } },
{ "type": "Feature", "properties": { "linha_id": 396, "comp_m": 1.04, "ini_m": 7.88, "fim_m": 8.92, "faixa_id": 2, "classe": "0.50–1.50 m", "_coa_length_m": 1.04, "_coa_class": "0,50–1,50 m" }, "geometry": { "type": "MultiLineString", "coordinates": [ [ [ -48.6581651, -20.9230403 ], [ -48.6581665, -20.9230422 ], [ -48.6581703, -20.9230484 ] ] ] } },
{ "type": "Feature", "properties": { "linha_id": 396, "comp_m": 0.56, "ini_m": 11.72, "fim_m": 12.28, "faixa_id": 2, "classe": "0.50–1.50 m", "_coa_length_m": 0.56, "_coa_class": "0,50–1,50 m" }, "geometry": { "type": "MultiLineString", "coordinates": [ [ [ -48.6581837, -20.9230703 ], [ -48.6581863, -20.9230747 ] ] ] } },
{ "type": "Feature", "properties": { "linha_id": 396, "comp_m": 0.56, "ini_m": 59.32, "fim_m": 59.88, "faixa_id": 2, "classe": "0.50–1.50 m", "_coa_length_m": 0.56, "_coa_class": "0,50–1,50 m" }, "geometry": { "type": "MultiLineString", "coordinates": [ [ [ -48.6583854, -20.9234558 ], [ -48.6583872, -20.9234605 ] ] ] } },
{ "type": "Feature", "properties": { "linha_id": 396, "comp_m": 0.936, "ini_m": 197.16, "fim_m": 198.096, "faixa_id": 2, "classe": "0.50–1.50 m", "_coa_length_m": 0.935, "_coa_class": "0,50–1,50 m" }, "geometry": { "type": "MultiLineString", "coordinates": [ [ [ -48.6583113, -20.924682 ], [ -48.6583115, -20.9246845 ], [ -48.6583105, -20.9246903 ] ] ] } },
{ "type": "Feature", "properties": { "linha_id": 397, "comp_m": 1.12, "ini_m": 7.64, "fim_m": 8.76, "faixa_id": 2, "classe": "0.50–1.50 m", "_coa_length_m": 1.12, "_coa_class": "0,50–1,50 m" }, "geometry": { "type": "MultiLineString", "coordinates": [ [ [ -48.6581543, -20.923049 ], [ -48.6581597, -20.9230577 ] ] ] } },
{ "type": "Feature", "properties": { "linha_id": 397, "comp_m": 1.894, "ini_m": 193.64, "fim_m": 195.534, "faixa_id": 3, "classe": "1.50–3.00 m", "_coa_length_m": 1.893, "_coa_class": "1,50–3,00 m" }, "geometry": { "type": "MultiLineString", "coordinates": [ [ [ -48.6582931, -20.924662 ], [ -48.6582947, -20.9246748 ], [ -48.6582947, -20.924679 ] ] ] } },
{ "type": "Feature", "properties": { "linha_id": 399, "comp_m": 3.401, "ini_m": 186.52, "fim_m": 189.921, "faixa_id": 4, "classe": "3.00–5.00 m", "_coa_length_m": 3.4, "_coa_class": "3,00–5,00 m" }, "geometry": { "type": "MultiLineString", "coordinates": [ [ [ -48.6582585, -20.924624 ], [ -48.6582609, -20.9246462 ], [ -48.6582606, -20.9246546 ] ] ] } },
{ "type": "Feature", "properties": { "linha_id": 400, "comp_m": 0.72, "ini_m": 21.8, "fim_m": 22.52, "faixa_id": 2, "classe": "0.50–1.50 m", "_coa_length_m": 0.72, "_coa_class": "0,50–1,50 m" }, "geometry": { "type": "MultiLineString", "coordinates": [ [ [ -48.6581893, -20.9231959 ], [ -48.6581924, -20.9232017 ] ] ] } },
{ "type": "Feature", "properties": { "linha_id": 400, "comp_m": 1.262, "ini_m": 185.0, "fim_m": 186.262, "faixa_id": 2, "classe": "0.50–1.50 m", "_coa_length_m": 1.261, "_coa_class": "0,50–1,50 m" }, "geometry": { "type": "MultiLineString", "coordinates": [ [ [ -48.6582439, -20.9246227 ], [ -48.6582455, -20.924634 ] ] ] } },
{ "type": "Feature", "properties": { "linha_id": 401, "comp_m": 0.72, "ini_m": 1.64, "fim_m": 2.36, "faixa_id": 2, "classe": "0.50–1.50 m", "_coa_length_m": 0.72, "_coa_class": "0,50–1,50 m" }, "geometry": { "type": "MultiLineString", "coordinates": [ [ [ -48.6582263, -20.9246145 ], [ -48.6582256, -20.9246081 ] ] ] } },
{ "type": "Feature", "properties": { "linha_id": 401, "comp_m": 0.96, "ini_m": 108.2, "fim_m": 109.16, "faixa_id": 2, "classe": "0.50–1.50 m", "_coa_length_m": 0.96, "_coa_class": "0,50–1,50 m" }, "geometry": { "type": "MultiLineString", "coordinates": [ [ [ -48.6583449, -20.9236656 ], [ -48.6583459, -20.923657 ] ] ] } },
{ "type": "Feature", "properties": { "linha_id": 401, "comp_m": 1.086, "ini_m": 183.4, "fim_m": 184.486, "faixa_id": 2, "classe": "0.50–1.50 m", "_coa_length_m": 1.085, "_coa_class": "0,50–1,50 m" }, "geometry": { "type": "MultiLineString", "coordinates": [ [ [ -48.6580802, -20.9230455 ], [ -48.6580744, -20.9230374 ] ] ] } },
{ "type": "Feature", "properties": { "linha_id": 402, "comp_m": 1.44, "ini_m": 0.6, "fim_m": 2.04, "faixa_id": 2, "classe": "0.50–1.50 m", "_coa_length_m": 1.44, "_coa_class": "0,50–1,50 m" }, "geometry": { "type": "MultiLineString", "coordinates": [ [ [ -48.6580681, -20.9230531 ], [ -48.6580761, -20.9230637 ] ] ] } },
{ "type": "Feature", "properties": { "linha_id": 402, "comp_m": 2.0, "ini_m": 99.72, "fim_m": 101.72, "faixa_id": 3, "classe": "1.50–3.00 m", "_coa_length_m": 1.999, "_coa_class": "1,50–3,00 m" }, "geometry": { "type": "MultiLineString", "coordinates": [ [ [ -48.658263, -20.9238791 ], [ -48.658259, -20.9238968 ] ] ] } },
{ "type": "Feature", "properties": { "linha_id": 402, "comp_m": 1.264, "ini_m": 181.0, "fim_m": 182.264, "faixa_id": 2, "classe": "0.50–1.50 m", "_coa_length_m": 1.263, "_coa_class": "0,50–1,50 m" }, "geometry": { "type": "MultiLineString", "coordinates": [ [ [ -48.6582109, -20.9246093 ], [ -48.658213, -20.9246205 ] ] ] } },
{ "type": "Feature", "properties": { "linha_id": 403, "comp_m": 0.84, "ini_m": 0.0, "fim_m": 0.84, "faixa_id": 2, "classe": "0.50–1.50 m", "_coa_length_m": 0.84, "_coa_class": "0,50–1,50 m" }, "geometry": { "type": "MultiLineString", "coordinates": [ [ [ -48.6580545, -20.9230606 ], [ -48.6580595, -20.9230666 ] ] ] } },
{ "type": "Feature", "properties": { "linha_id": 403, "comp_m": 1.84, "ini_m": 19.8, "fim_m": 21.64, "faixa_id": 3, "classe": "1.50–3.00 m", "_coa_length_m": 1.839, "_coa_class": "1,50–3,00 m" }, "geometry": { "type": "MultiLineString", "coordinates": [ [ [ -48.6581511, -20.9232141 ], [ -48.6581591, -20.9232289 ] ] ] } },
{ "type": "Feature", "properties": { "linha_id": 403, "comp_m": 0.56, "ini_m": 37.0, "fim_m": 37.56, "faixa_id": 2, "classe": "0.50–1.50 m", "_coa_length_m": 0.56, "_coa_class": "0,50–1,50 m" }, "geometry": { "type": "MultiLineString", "coordinates": [ [ [ -48.6582258, -20.9233526 ], [ -48.6582276, -20.923356 ], [ -48.6582282, -20.9233571 ] ] ] } },
{ "type": "Feature", "properties": { "linha_id": 403, "comp_m": 1.76, "ini_m": 70.84, "fim_m": 72.6, "faixa_id": 3, "classe": "1.50–3.00 m", "_coa_length_m": 1.759, "_coa_class": "1,50–3,00 m" }, "geometry": { "type": "MultiLineString", "coordinates": [ [ [ -48.6583219, -20.9236405 ], [ -48.6583221, -20.9236559 ], [ -48.658322, -20.9236563 ] ] ] } },
{ "type": "Feature", "properties": { "linha_id": 403, "comp_m": 1.76, "ini_m": 73.0, "fim_m": 74.76, "faixa_id": 3, "classe": "1.50–3.00 m", "_coa_length_m": 1.759, "_coa_class": "1,50–3,00 m" }, "geometry": { "type": "MultiLineString", "coordinates": [ [ [ -48.6583208, -20.9236598 ], [ -48.6583177, -20.9236687 ], [ -48.6583142, -20.9236743 ] ] ] } },
{ "type": "Feature", "properties": { "linha_id": 403, "comp_m": 0.96, "ini_m": 76.12, "fim_m": 77.08, "faixa_id": 2, "classe": "0.50–1.50 m", "_coa_length_m": 0.96, "_coa_class": "0,50–1,50 m" }, "geometry": { "type": "MultiLineString", "coordinates": [ [ [ -48.6583075, -20.9236849 ], [ -48.6583051, -20.9236887 ], [ -48.6583035, -20.9236926 ] ] ] } },
{ "type": "Feature", "properties": { "linha_id": 403, "comp_m": 1.912, "ini_m": 177.8, "fim_m": 179.712, "faixa_id": 3, "classe": "1.50–3.00 m", "_coa_length_m": 1.912, "_coa_class": "1,50–3,00 m" }, "geometry": { "type": "MultiLineString", "coordinates": [ [ [ -48.6581935, -20.9245913 ], [ -48.658194, -20.9245973 ], [ -48.6581961, -20.9246084 ] ] ] } },
{ "type": "Feature", "properties": { "linha_id": 404, "comp_m": 0.84, "ini_m": 0.0, "fim_m": 0.84, "faixa_id": 2, "classe": "0.50–1.50 m", "_coa_length_m": 0.84, "_coa_class": "0,50–1,50 m" }, "geometry": { "type": "MultiLineString", "coordinates": [ [ [ -48.6580454, -20.9230735 ], [ -48.6580506, -20.9230793 ] ] ] } },
{ "type": "Feature", "properties": { "linha_id": 404, "comp_m": 0.96, "ini_m": 4.76, "fim_m": 5.72, "faixa_id": 2, "classe": "0.50–1.50 m", "_coa_length_m": 0.96, "_coa_class": "0,50–1,50 m" }, "geometry": { "type": "MultiLineString", "coordinates": [ [ [ -48.6580736, -20.9231071 ], [ -48.6580783, -20.9231146 ] ] ] } },
{ "type": "Feature", "properties": { "linha_id": 404, "comp_m": 3.84, "ini_m": 73.16, "fim_m": 77.0, "faixa_id": 4, "classe": "3.00–5.00 m", "_coa_length_m": 3.839, "_coa_class": "3,00–5,00 m" }, "geometry": { "type": "MultiLineString", "coordinates": [ [ [ -48.6582985, -20.9236741 ], [ -48.6582924, -20.9236872 ], [ -48.6582846, -20.9237062 ] ] ] } },
{ "type": "Feature", "properties": { "linha_id": 405, "comp_m": 1.72, "ini_m": 0.0, "fim_m": 1.72, "faixa_id": 3, "classe": "1.50–3.00 m", "_coa_length_m": 1.719, "_coa_class": "1,50–3,00 m" }, "geometry": { "type": "MultiLineString", "coordinates": [ [ [ -48.6580352, -20.9230831 ], [ -48.6580458, -20.923095 ] ] ] } },
{ "type": "Feature", "properties": { "linha_id": 405, "comp_m": 1.92, "ini_m": 62.92, "fim_m": 64.84, "faixa_id": 3, "classe": "1.50–3.00 m", "_coa_length_m": 1.919, "_coa_class": "1,50–3,00 m" }, "geometry": { "type": "MultiLineString", "coordinates": [ [ [ -48.6582913, -20.923594 ], [ -48.6582917, -20.9236114 ] ] ] } },
{ "type": "Feature", "properties": { "linha_id": 405, "comp_m": 3.337, "ini_m": 170.84, "fim_m": 174.177, "faixa_id": 4, "classe": "3.00–5.00 m", "_coa_length_m": 3.336, "_coa_class": "3,00–5,00 m" }, "geometry": { "type": "MultiLineString", "coordinates": [ [ [ -48.6581611, -20.9245551 ], [ -48.6581612, -20.9245599 ], [ -48.6581636, -20.9245852 ] ] ] } },
{ "type": "Feature", "properties": { "linha_id": 406, "comp_m": 0.88, "ini_m": 61.48, "fim_m": 62.36, "faixa_id": 2, "classe": "0.50–1.50 m", "_coa_length_m": 0.88, "_coa_class": "0,50–1,50 m" }, "geometry": { "type": "MultiLineString", "coordinates": [ [ [ -48.6582777, -20.9236025 ], [ -48.6582776, -20.9236104 ] ] ] } },
{ "type": "Feature", "properties": { "linha_id": 406, "comp_m": 1.498, "ini_m": 169.08, "fim_m": 170.578, "faixa_id": 2, "classe": "0.50–1.50 m", "_coa_length_m": 1.498, "_coa_class": "0,50–1,50 m" }, "geometry": { "type": "MultiLineString", "coordinates": [ [ [ -48.6581479, -20.9245611 ], [ -48.6581489, -20.9245746 ] ] ] } },
{ "type": "Feature", "properties": { "linha_id": 407, "comp_m": 3.353, "ini_m": 163.64, "fim_m": 166.993, "faixa_id": 4, "classe": "3.00–5.00 m", "_coa_length_m": 3.352, "_coa_class": "3,00–5,00 m" }, "geometry": { "type": "MultiLineString", "coordinates": [ [ [ -48.6581319, -20.9245322 ], [ -48.6581319, -20.9245625 ] ] ] } },
{ "type": "Feature", "properties": { "linha_id": 408, "comp_m": 1.727, "ini_m": 161.96, "fim_m": 163.687, "faixa_id": 3, "classe": "1.50–3.00 m", "_coa_length_m": 1.727, "_coa_class": "1,50–3,00 m" }, "geometry": { "type": "MultiLineString", "coordinates": [ [ [ -48.658117, -20.9245262 ], [ -48.6581178, -20.9245418 ] ] ] } },
{ "type": "Feature", "properties": { "linha_id": 409, "comp_m": 2.84, "ini_m": 0.0, "fim_m": 2.84, "faixa_id": 3, "classe": "1.50–3.00 m", "_coa_length_m": 2.839, "_coa_class": "1,50–3,00 m" }, "geometry": { "type": "MultiLineString", "coordinates": [ [ [ -48.6580037, -20.9231199 ], [ -48.6580071, -20.9231353 ], [ -48.6580125, -20.9231438 ] ] ] } },
{ "type": "Feature", "properties": { "linha_id": 409, "comp_m": 3.61, "ini_m": 159.8, "fim_m": 163.41, "faixa_id": 4, "classe": "3.00–5.00 m", "_coa_length_m": 3.609, "_coa_class": "3,00–5,00 m" }, "geometry": { "type": "MultiLineString", "coordinates": [ [ [ -48.658101, -20.9245004 ], [ -48.6581005, -20.9245159 ], [ -48.6581025, -20.9245329 ] ] ] } },
{ "type": "Feature", "properties": { "linha_id": 410, "comp_m": 1.24, "ini_m": 0.0, "fim_m": 1.24, "faixa_id": 2, "classe": "0.50–1.50 m", "_coa_length_m": 1.24, "_coa_class": "0,50–1,50 m" }, "geometry": { "type": "MultiLineString", "coordinates": [ [ [ -48.6579937, -20.9231418 ], [ -48.658, -20.9231513 ] ] ] } },
{ "type": "Feature", "properties": { "linha_id": 410, "comp_m": 2.353, "ini_m": 158.28, "fim_m": 160.633, "faixa_id": 3, "classe": "1.50–3.00 m", "_coa_length_m": 2.353, "_coa_class": "1,50–3,00 m" }, "geometry": { "type": "MultiLineString", "coordinates": [ [ [ -48.6580891, -20.9245092 ], [ -48.6580893, -20.9245132 ], [ -48.6580869, -20.9245303 ] ] ] } },
{ "type": "Feature", "properties": { "linha_id": 411, "comp_m": 2.28, "ini_m": 0.0, "fim_m": 2.28, "faixa_id": 3, "classe": "1.50–3.00 m", "_coa_length_m": 2.279, "_coa_class": "1,50–3,00 m" }, "geometry": { "type": "MultiLineString", "coordinates": [ [ [ -48.6579859, -20.9231565 ], [ -48.6579966, -20.9231744 ] ] ] } },
{ "type": "Feature", "properties": { "linha_id": 411, "comp_m": 3.591, "ini_m": 153.64, "fim_m": 157.231, "faixa_id": 4, "classe": "3.00–5.00 m", "_coa_length_m": 3.59, "_coa_class": "3,00–5,00 m" }, "geometry": { "type": "MultiLineString", "coordinates": [ [ [ -48.6580738, -20.9244832 ], [ -48.658074, -20.9244983 ], [ -48.6580764, -20.9245155 ] ] ] } },
{ "type": "Feature", "properties": { "linha_id": 412, "comp_m": 0.56, "ini_m": 21.96, "fim_m": 22.52, "faixa_id": 2, "classe": "0.50–1.50 m", "_coa_length_m": 0.56, "_coa_class": "0,50–1,50 m" }, "geometry": { "type": "MultiLineString", "coordinates": [ [ [ -48.658082, -20.9233541 ], [ -48.6580844, -20.9233586 ] ] ] } },
{ "type": "Feature", "properties": { "linha_id": 412, "comp_m": 1.641, "ini_m": 151.72, "fim_m": 153.361, "faixa_id": 3, "classe": "1.50–3.00 m", "_coa_length_m": 1.64, "_coa_class": "1,50–3,00 m" }, "geometry": { "type": "MultiLineString", "coordinates": [ [ [ -48.6580578, -20.9244913 ], [ -48.6580579, -20.9244973 ], [ -48.6580595, -20.924506 ] ] ] } },
{ "type": "Feature", "properties": { "linha_id": 413, "comp_m": 2.52, "ini_m": 0.0, "fim_m": 2.52, "faixa_id": 3, "classe": "1.50–3.00 m", "_coa_length_m": 2.519, "_coa_class": "1,50–3,00 m" }, "geometry": { "type": "MultiLineString", "coordinates": [ [ [ -48.658043, -20.9244885 ], [ -48.6580439, -20.9244658 ] ] ] } },
{ "type": "Feature", "properties": { "linha_id": 413, "comp_m": 5.28, "ini_m": 148.76, "fim_m": 154.04, "faixa_id": 5, "classe": "≥ 5.00 m", "_coa_length_m": 5.278, "_coa_class": ">= 5,00 m" }, "geometry": { "type": "MultiLineString", "coordinates": [ [ [ -48.6579803, -20.9231997 ], [ -48.6579789, -20.9231972 ], [ -48.6579744, -20.92319 ], [ -48.6579676, -20.9231846 ], [ -48.6579678, -20.9231849 ], [ -48.6579638, -20.9231932 ], [ -48.6579652, -20.9232012 ], [ -48.6579705, -20.9232107 ] ] ] } },
{ "type": "Feature", "properties": { "linha_id": 413, "comp_m": 0.8, "ini_m": 193.24, "fim_m": 194.04, "faixa_id": 2, "classe": "0.50–1.50 m", "_coa_length_m": 0.8, "_coa_class": "0,50–1,50 m" }, "geometry": { "type": "MultiLineString", "coordinates": [ [ [ -48.6581406, -20.9235264 ], [ -48.6581436, -20.9235322 ], [ -48.6581439, -20.9235329 ] ] ] } },
{ "type": "Feature", "properties": { "linha_id": 413, "comp_m": 0.56, "ini_m": 295.16, "fim_m": 295.72, "faixa_id": 2, "classe": "0.50–1.50 m", "_coa_length_m": 0.56, "_coa_class": "0,50–1,50 m" }, "geometry": { "type": "MultiLineString", "coordinates": [ [ [ -48.6580306, -20.9244323 ], [ -48.6580305, -20.9244373 ] ] ] } },
{ "type": "Feature", "properties": { "linha_id": 413, "comp_m": 1.956, "ini_m": 299.08, "fim_m": 301.036, "faixa_id": 3, "classe": "1.50–3.00 m", "_coa_length_m": 1.956, "_coa_class": "1,50–3,00 m" }, "geometry": { "type": "MultiLineString", "coordinates": [ [ [ -48.6580291, -20.9244676 ], [ -48.6580278, -20.9244766 ], [ -48.6580244, -20.9244846 ] ] ] } },
{ "type": "Feature", "properties": { "linha_id": 414, "comp_m": 1.16, "ini_m": 0.0, "fim_m": 1.16, "faixa_id": 2, "classe": "0.50–1.50 m", "_coa_length_m": 1.16, "_coa_class": "0,50–1,50 m" }, "geometry": { "type": "MultiLineString", "coordinates": [ [ [ -48.6580372, -20.9235639 ], [ -48.6580375, -20.9235744 ] ] ] } },
{ "type": "Feature", "properties": { "linha_id": 414, "comp_m": 1.948, "ini_m": 90.92, "fim_m": 92.868, "faixa_id": 3, "classe": "1.50–3.00 m", "_coa_length_m": 1.948, "_coa_class": "1,50–3,00 m" }, "geometry": { "type": "MultiLineString", "coordinates": [ [ [ -48.6579156, -20.9243745 ], [ -48.6579142, -20.924392 ] ] ] } },
{ "type": "Feature", "properties": { "linha_id": 415, "comp_m": 0.68, "ini_m": 0.0, "fim_m": 0.68, "faixa_id": 2, "classe": "0.50–1.50 m", "_coa_length_m": 0.68, "_coa_class": "0,50–1,50 m" }, "geometry": { "type": "MultiLineString", "coordinates": [ [ [ -48.6579534, -20.9232005 ], [ -48.6579556, -20.9232063 ] ] ] } },
{ "type": "Feature", "properties": { "linha_id": 415, "comp_m": 3.501, "ini_m": 143.72, "fim_m": 147.221, "faixa_id": 4, "classe": "3.00–5.00 m", "_coa_length_m": 3.5, "_coa_class": "3,00–5,00 m" }, "geometry": { "type": "MultiLineString", "coordinates": [ [ [ -48.6580154, -20.9244471 ], [ -48.6580149, -20.9244787 ] ] ] } },
{ "type": "Feature", "properties": { "linha_id": 416, "comp_m": 1.32, "ini_m": 0.0, "fim_m": 1.32, "faixa_id": 2, "classe": "0.50–1.50 m", "_coa_length_m": 1.32, "_coa_class": "0,50–1,50 m" }, "geometry": { "type": "MultiLineString", "coordinates": [ [ [ -48.6578786, -20.9232915 ], [ -48.6578847, -20.9232969 ], [ -48.6578872, -20.9233002 ] ] ] } },
{ "type": "Feature", "properties": { "linha_id": 416, "comp_m": 1.224, "ini_m": 33.0, "fim_m": 34.224, "faixa_id": 2, "classe": "0.50–1.50 m", "_coa_length_m": 1.224, "_coa_class": "0,50–1,50 m" }, "geometry": { "type": "MultiLineString", "coordinates": [ [ [ -48.6580271, -20.9235537 ], [ -48.6580288, -20.9235646 ] ] ] } },
{ "type": "Feature", "properties": { "linha_id": 418, "comp_m": 4.28, "ini_m": 0.0, "fim_m": 4.28, "faixa_id": 4, "classe": "3.00–5.00 m", "_coa_length_m": 4.279, "_coa_class": "3,00–5,00 m" }, "geometry": { "type": "MultiLineString", "coordinates": [ [ [ -48.6579209, -20.9232166 ], [ -48.657928, -20.9232241 ], [ -48.6579422, -20.9232494 ] ] ] } },
{ "type": "Feature", "properties": { "linha_id": 418, "comp_m": 2.603, "ini_m": 140.44, "fim_m": 143.043, "faixa_id": 3, "classe": "1.50–3.00 m", "_coa_length_m": 2.602, "_coa_class": "1,50–3,00 m" }, "geometry": { "type": "MultiLineString", "coordinates": [ [ [ -48.6579875, -20.9244309 ], [ -48.6579892, -20.9244544 ] ] ] } },
{ "type": "Feature", "properties": { "linha_id": 419, "comp_m": 0.637, "ini_m": 136.44, "fim_m": 137.077, "faixa_id": 2, "classe": "0.50–1.50 m", "_coa_length_m": 0.637, "_coa_class": "0,50–1,50 m" }, "geometry": { "type": "MultiLineString", "coordinates": [ [ [ -48.6579729, -20.9244317 ], [ -48.6579726, -20.9244374 ] ] ] } },
{ "type": "Feature", "properties": { "linha_id": 420, "comp_m": 1.56, "ini_m": 0.0, "fim_m": 1.56, "faixa_id": 3, "classe": "1.50–3.00 m", "_coa_length_m": 1.559, "_coa_class": "1,50–3,00 m" }, "geometry": { "type": "MultiLineString", "coordinates": [ [ [ -48.657915, -20.9232578 ], [ -48.6579218, -20.9232704 ] ] ] } },
{ "type": "Feature", "properties": { "linha_id": 420, "comp_m": 1.04, "ini_m": 34.84, "fim_m": 35.88, "faixa_id": 2, "classe": "0.50–1.50 m", "_coa_length_m": 1.04, "_coa_class": "0,50–1,50 m" }, "geometry": { "type": "MultiLineString", "coordinates": [ [ [ -48.6580699, -20.9235367 ], [ -48.6580748, -20.9235449 ] ] ] } },
{ "type": "Feature", "properties": { "linha_id": 420, "comp_m": 0.88, "ini_m": 41.24, "fim_m": 42.12, "faixa_id": 2, "classe": "0.50–1.50 m", "_coa_length_m": 0.88, "_coa_class": "0,50–1,50 m" }, "geometry": { "type": "MultiLineString", "coordinates": [ [ [ -48.6580847, -20.9235889 ], [ -48.6580848, -20.9235968 ] ] ] } },
{ "type": "Feature", "properties": { "linha_id": 420, "comp_m": 2.589, "ini_m": 133.48, "fim_m": 136.069, "faixa_id": 3, "classe": "1.50–3.00 m", "_coa_length_m": 2.588, "_coa_class": "1,50–3,00 m" }, "geometry": { "type": "MultiLineString", "coordinates": [ [ [ -48.6579579, -20.9244107 ], [ -48.6579584, -20.924434 ] ] ] } },
{ "type": "Feature", "properties": { "linha_id": 421, "comp_m": 1.595, "ini_m": 129.88, "fim_m": 131.475, "faixa_id": 3, "classe": "1.50–3.00 m", "_coa_length_m": 1.594, "_coa_class": "1,50–3,00 m" }, "geometry": { "type": "MultiLineString", "coordinates": [ [ [ -48.6579438, -20.924401 ], [ -48.657943, -20.9244154 ] ] ] } },
{ "type": "Feature", "properties": { "linha_id": 422, "comp_m": 1.36, "ini_m": 33.32, "fim_m": 34.68, "faixa_id": 2, "classe": "0.50–1.50 m", "_coa_length_m": 1.36, "_coa_class": "0,50–1,50 m" }, "geometry": { "type": "MultiLineString", "coordinates": [ [ [ -48.6580446, -20.9235534 ], [ -48.6580489, -20.9235651 ] ] ] } },
{ "type": "Feature", "properties": { "linha_id": 422, "comp_m": 1.973, "ini_m": 127.32, "fim_m": 129.293, "faixa_id": 3, "classe": "1.50–3.00 m", "_coa_length_m": 1.972, "_coa_class": "1,50–3,00 m" }, "geometry": { "type": "MultiLineString", "coordinates": [ [ [ -48.657928, -20.9243897 ], [ -48.6579265, -20.9244074 ] ] ] } },
{ "type": "Feature", "properties": { "linha_id": 423, "comp_m": 1.707, "ini_m": 123.64, "fim_m": 125.347, "faixa_id": 3, "classe": "1.50–3.00 m", "_coa_length_m": 1.706, "_coa_class": "1,50–3,00 m" }, "geometry": { "type": "MultiLineString", "coordinates": [ [ [ -48.6579017, -20.9243703 ], [ -48.6579006, -20.9243857 ] ] ] } },
{ "type": "Feature", "properties": { "linha_id": 424, "comp_m": 1.4, "ini_m": 0.0, "fim_m": 1.4, "faixa_id": 2, "classe": "0.50–1.50 m", "_coa_length_m": 1.4, "_coa_class": "0,50–1,50 m" }, "geometry": { "type": "MultiLineString", "coordinates": [ [ [ -48.6578602, -20.9232942 ], [ -48.6578635, -20.9233064 ] ] ] } },
{ "type": "Feature", "properties": { "linha_id": 424, "comp_m": 0.64, "ini_m": 80.68, "fim_m": 81.32, "faixa_id": 2, "classe": "0.50–1.50 m", "_coa_length_m": 0.64, "_coa_class": "0,50–1,50 m" }, "geometry": { "type": "MultiLineString", "coordinates": [ [ [ -48.6579241, -20.9239855 ], [ -48.6579234, -20.9239912 ] ] ] } },
{ "type": "Feature", "properties": { "linha_id": 424, "comp_m": 1.008, "ini_m": 122.92, "fim_m": 123.928, "faixa_id": 2, "classe": "0.50–1.50 m", "_coa_length_m": 1.008, "_coa_class": "0,50–1,50 m" }, "geometry": { "type": "MultiLineString", "coordinates": [ [ [ -48.6578865, -20.9243652 ], [ -48.6578858, -20.9243742 ] ] ] } },
{ "type": "Feature", "properties": { "linha_id": 425, "comp_m": 1.8, "ini_m": 0.0, "fim_m": 1.8, "faixa_id": 3, "classe": "1.50–3.00 m", "_coa_length_m": 1.799, "_coa_class": "1,50–3,00 m" }, "geometry": { "type": "MultiLineString", "coordinates": [ [ [ -48.6578456, -20.9233158 ], [ -48.6578561, -20.9233287 ] ] ] } },
{ "type": "Feature", "properties": { "linha_id": 425, "comp_m": 0.56, "ini_m": 82.6, "fim_m": 83.16, "faixa_id": 2, "classe": "0.50–1.50 m", "_coa_length_m": 0.56, "_coa_class": "0,50–1,50 m" }, "geometry": { "type": "MultiLineString", "coordinates": [ [ [ -48.6579046, -20.924025 ], [ -48.657904, -20.92403 ] ] ] } },
{ "type": "Feature", "properties": { "linha_id": 425, "comp_m": 3.122, "ini_m": 118.68, "fim_m": 121.802, "faixa_id": 4, "classe": "3.00–5.00 m", "_coa_length_m": 3.121, "_coa_class": "3,00–5,00 m" }, "geometry": { "type": "MultiLineString", "coordinates": [ [ [ -48.6578729, -20.9243493 ], [ -48.657872, -20.9243638 ], [ -48.6578734, -20.9243774 ] ] ] } },
{ "type": "Feature", "properties": { "linha_id": 426, "comp_m": 0.84, "ini_m": 0.0, "fim_m": 0.84, "faixa_id": 2, "classe": "0.50–1.50 m", "_coa_length_m": 0.84, "_coa_class": "0,50–1,50 m" }, "geometry": { "type": "MultiLineString", "coordinates": [ [ [ -48.6578409, -20.9233289 ], [ -48.6578446, -20.9233357 ] ] ] } },
{ "type": "Feature", "properties": { "linha_id": 426, "comp_m": 0.88, "ini_m": 101.16, "fim_m": 102.04, "faixa_id": 2, "classe": "0.50–1.50 m", "_coa_length_m": 0.88, "_coa_class": "0,50–1,50 m" }, "geometry": { "type": "MultiLineString", "coordinates": [ [ [ -48.6578721, -20.9242086 ], [ -48.6578714, -20.9242165 ] ] ] } },
{ "type": "Feature", "properties": { "linha_id": 426, "comp_m": 3.176, "ini_m": 115.56, "fim_m": 118.736, "faixa_id": 4, "classe": "3.00–5.00 m", "_coa_length_m": 3.175, "_coa_class": "3,00–5,00 m" }, "geometry": { "type": "MultiLineString", "coordinates": [ [ [ -48.6578603, -20.9243382 ], [ -48.6578587, -20.9243668 ] ] ] } },
{ "type": "Feature", "properties": { "linha_id": 427, "comp_m": 0.8, "ini_m": 41.96, "fim_m": 42.76, "faixa_id": 2, "classe": "0.50–1.50 m", "_coa_length_m": 0.8, "_coa_class": "0,50–1,50 m" }, "geometry": { "type": "MultiLineString", "coordinates": [ [ [ -48.6579412, -20.9236953 ], [ -48.6579393, -20.9237023 ] ] ] } },
{ "type": "Feature", "properties": { "linha_id": 427, "comp_m": 1.84, "ini_m": 85.8, "fim_m": 87.64, "faixa_id": 3, "classe": "1.50–3.00 m", "_coa_length_m": 1.839, "_coa_class": "1,50–3,00 m" }, "geometry": { "type": "MultiLineString", "coordinates": [ [ [ -48.6578698, -20.9240847 ], [ -48.6578682, -20.9241012 ] ] ] } },
{ "type": "Feature", "properties": { "linha_id": 427, "comp_m": 4.014, "ini_m": 112.12, "fim_m": 116.134, "faixa_id": 4, "classe": "3.00–5.00 m", "_coa_length_m": 4.013, "_coa_class": "3,00–5,00 m" }, "geometry": { "type": "MultiLineString", "coordinates": [ [ [ -48.6578473, -20.9243214 ], [ -48.6578457, -20.9243576 ] ] ] } },
{ "type": "Feature", "properties": { "linha_id": 428, "comp_m": 1.76, "ini_m": 0.12, "fim_m": 1.88, "faixa_id": 3, "classe": "1.50–3.00 m", "_coa_length_m": 1.759, "_coa_class": "1,50–3,00 m" }, "geometry": { "type": "MultiLineString", "coordinates": [ [ [ -48.657818, -20.923338 ], [ -48.6578197, -20.9233472 ], [ -48.6578224, -20.9233532 ] ] ] } },
{ "type": "Feature", "properties": { "linha_id": 428, "comp_m": 1.04, "ini_m": 96.04, "fim_m": 97.08, "faixa_id": 2, "classe": "0.50–1.50 m", "_coa_length_m": 1.04, "_coa_class": "0,50–1,50 m" }, "geometry": { "type": "MultiLineString", "coordinates": [ [ [ -48.6578464, -20.9241731 ], [ -48.6578453, -20.9241825 ] ] ] } },
{ "type": "Feature", "properties": { "linha_id": 428, "comp_m": 1.948, "ini_m": 113.4, "fim_m": 115.348, "faixa_id": 3, "classe": "1.50–3.00 m", "_coa_length_m": 1.947, "_coa_class": "1,50–3,00 m" }, "geometry": { "type": "MultiLineString", "coordinates": [ [ [ -48.6578315, -20.9243292 ], [ -48.6578305, -20.9243468 ] ] ] } },
{ "type": "Feature", "properties": { "linha_id": 429, "comp_m": 2.951, "ini_m": 108.36, "fim_m": 111.311, "faixa_id": 3, "classe": "1.50–3.00 m", "_coa_length_m": 2.95, "_coa_class": "1,50–3,00 m" }, "geometry": { "type": "MultiLineString", "coordinates": [ [ [ -48.6578172, -20.9243099 ], [ -48.6578167, -20.9243136 ], [ -48.6578162, -20.9243365 ] ] ] } },
{ "type": "Feature", "properties": { "linha_id": 430, "comp_m": 1.364, "ini_m": 106.92, "fim_m": 108.284, "faixa_id": 2, "classe": "0.50–1.50 m", "_coa_length_m": 1.364, "_coa_class": "0,50–1,50 m" }, "geometry": { "type": "MultiLineString", "coordinates": [ [ [ -48.657804, -20.9243092 ], [ -48.6578034, -20.9243215 ] ] ] } },
{ "type": "Feature", "properties": { "linha_id": 431, "comp_m": 3.48, "ini_m": 0.0, "fim_m": 3.48, "faixa_id": 4, "classe": "3.00–5.00 m", "_coa_length_m": 3.479, "_coa_class": "3,00–5,00 m" }, "geometry": { "type": "MultiLineString", "coordinates": [ [ [ -48.6577866, -20.9233779 ], [ -48.657802, -20.9234058 ] ] ] } },
{ "type": "Feature", "properties": { "linha_id": 431, "comp_m": 1.12, "ini_m": 39.32, "fim_m": 40.44, "faixa_id": 2, "classe": "0.50–1.50 m", "_coa_length_m": 1.12, "_coa_class": "0,50–1,50 m" }, "geometry": { "type": "MultiLineString", "coordinates": [ [ [ -48.6578764, -20.9237104 ], [ -48.6578739, -20.9237202 ] ] ] } },
{ "type": "Feature", "properties": { "linha_id": 431, "comp_m": 0.56, "ini_m": 89.64, "fim_m": 90.2, "faixa_id": 2, "classe": "0.50–1.50 m", "_coa_length_m": 0.56, "_coa_class": "0,50–1,50 m" }, "geometry": { "type": "MultiLineString", "coordinates": [ [ [ -48.6578047, -20.924159 ], [ -48.6578043, -20.9241641 ] ] ] } },
{ "type": "Feature", "properties": { "linha_id": 431, "comp_m": 4.854, "ini_m": 102.6, "fim_m": 107.454, "faixa_id": 4, "classe": "3.00–5.00 m", "_coa_length_m": 4.853, "_coa_class": "3,00–5,00 m" }, "geometry": { "type": "MultiLineString", "coordinates": [ [ [ -48.6577922, -20.9242754 ], [ -48.6577901, -20.9242931 ], [ -48.65779, -20.9243104 ], [ -48.6577918, -20.924319 ] ] ] } },
{ "type": "Feature", "properties": { "linha_id": 432, "comp_m": 3.08, "ini_m": 0.0, "fim_m": 3.08, "faixa_id": 4, "classe": "3.00–5.00 m", "_coa_length_m": 3.079, "_coa_class": "3,00–5,00 m" }, "geometry": { "type": "MultiLineString", "coordinates": [ [ [ -48.6577709, -20.9233917 ], [ -48.6577819, -20.923396 ], [ -48.6577896, -20.9234109 ] ] ] } },
{ "type": "Feature", "properties": { "linha_id": 432, "comp_m": 0.56, "ini_m": 85.48, "fim_m": 86.04, "faixa_id": 2, "classe": "0.50–1.50 m", "_coa_length_m": 0.56, "_coa_class": "0,50–1,50 m" }, "geometry": { "type": "MultiLineString", "coordinates": [ [ [ -48.6577928, -20.9241312 ], [ -48.6577923, -20.9241363 ] ] ] } },
{ "type": "Feature", "properties": { "linha_id": 432, "comp_m": 0.601, "ini_m": 102.76, "fim_m": 103.361, "faixa_id": 2, "classe": "0.50–1.50 m", "_coa_length_m": 0.601, "_coa_class": "0,50–1,50 m" }, "geometry": { "type": "MultiLineString", "coordinates": [ [ [ -48.657777, -20.9242865 ], [ -48.6577764, -20.9242919 ] ] ] } },
{ "type": "Feature", "properties": { "linha_id": 433, "comp_m": 0.88, "ini_m": 55.08, "fim_m": 55.96, "faixa_id": 2, "classe": "0.50–1.50 m", "_coa_length_m": 0.88, "_coa_class": "0,50–1,50 m" }, "geometry": { "type": "MultiLineString", "coordinates": [ [ [ -48.6578071, -20.9238881 ], [ -48.6578057, -20.923896 ] ] ] } },
{ "type": "Feature", "properties": { "linha_id": 433, "comp_m": 0.64, "ini_m": 63.48, "fim_m": 64.12, "faixa_id": 2, "classe": "0.50–1.50 m", "_coa_length_m": 0.64, "_coa_class": "0,50–1,50 m" }, "geometry": { "type": "MultiLineString", "coordinates": [ [ [ -48.657795, -20.9239631 ], [ -48.6577943, -20.9239688 ] ] ] } },
{ "type": "Feature", "properties": { "linha_id": 433, "comp_m": 2.155, "ini_m": 97.16, "fim_m": 99.315, "faixa_id": 3, "classe": "1.50–3.00 m", "_coa_length_m": 2.154, "_coa_class": "1,50–3,00 m" }, "geometry": { "type": "MultiLineString", "coordinates": [ [ [ -48.6577639, -20.9242657 ], [ -48.6577618, -20.9242851 ] ] ] } },
{ "type": "Feature", "properties": { "linha_id": 434, "comp_m": 0.68, "ini_m": 0.0, "fim_m": 0.68, "faixa_id": 2, "classe": "0.50–1.50 m", "_coa_length_m": 0.68, "_coa_class": "0,50–1,50 m" }, "geometry": { "type": "MultiLineString", "coordinates": [ [ [ -48.6577609, -20.923415 ], [ -48.6577634, -20.9234207 ] ] ] } },
{ "type": "Feature", "properties": { "linha_id": 434, "comp_m": 0.72, "ini_m": 15.08, "fim_m": 15.8, "faixa_id": 2, "classe": "0.50–1.50 m", "_coa_length_m": 0.72, "_coa_class": "0,50–1,50 m" }, "geometry": { "type": "MultiLineString", "coordinates": [ [ [ -48.6578227, -20.9235381 ], [ -48.6578256, -20.923544 ] ] ] } },
{ "type": "Feature", "properties": { "linha_id": 434, "comp_m": 1.533, "ini_m": 96.52, "fim_m": 98.053, "faixa_id": 3, "classe": "1.50–3.00 m", "_coa_length_m": 1.532, "_coa_class": "1,50–3,00 m" }, "geometry": { "type": "MultiLineString", "coordinates": [ [ [ -48.6577487, -20.9242606 ], [ -48.6577467, -20.9242743 ] ] ] } },
{ "type": "Feature", "properties": { "linha_id": 435, "comp_m": 2.68, "ini_m": 0.0, "fim_m": 2.68, "faixa_id": 3, "classe": "1.50–3.00 m", "_coa_length_m": 2.679, "_coa_class": "1,50–3,00 m" }, "geometry": { "type": "MultiLineString", "coordinates": [ [ [ -48.6577439, -20.9234275 ], [ -48.6577507, -20.9234328 ], [ -48.6577558, -20.9234396 ], [ -48.6577594, -20.9234464 ] ] ] } },
{ "type": "Feature", "properties": { "linha_id": 435, "comp_m": 1.2, "ini_m": 84.92, "fim_m": 86.12, "faixa_id": 2, "classe": "0.50–1.50 m", "_coa_length_m": 1.2, "_coa_class": "0,50–1,50 m" }, "geometry": { "type": "MultiLineString", "coordinates": [ [ [ -48.6577463, -20.9241659 ], [ -48.6577453, -20.9241767 ] ] ] } },
{ "type": "Feature", "properties": { "linha_id": 435, "comp_m": 3.87, "ini_m": 92.92, "fim_m": 96.79, "faixa_id": 4, "classe": "3.00–5.00 m", "_coa_length_m": 3.869, "_coa_class": "3,00–5,00 m" }, "geometry": { "type": "MultiLineString", "coordinates": [ [ [ -48.6577377, -20.9242376 ], [ -48.6577326, -20.9242722 ] ] ] } },
{ "type": "Feature", "properties": { "linha_id": 436, "comp_m": 1.16, "ini_m": 0.0, "fim_m": 1.16, "faixa_id": 2, "classe": "0.50–1.50 m", "_coa_length_m": 1.16, "_coa_class": "0,50–1,50 m" }, "geometry": { "type": "MultiLineString", "coordinates": [ [ [ -48.6577351, -20.9234565 ], [ -48.6577368, -20.9234647 ], [ -48.6577378, -20.9234667 ] ] ] } },
{ "type": "Feature", "properties": { "linha_id": 436, "comp_m": 1.44, "ini_m": 29.64, "fim_m": 31.08, "faixa_id": 2, "classe": "0.50–1.50 m", "_coa_length_m": 1.44, "_coa_class": "0,50–1,50 m" }, "geometry": { "type": "MultiLineString", "coordinates": [ [ [ -48.6577865, -20.9237093 ], [ -48.6577835, -20.9237219 ] ] ] } },
{ "type": "Feature", "properties": { "linha_id": 436, "comp_m": 1.2, "ini_m": 37.0, "fim_m": 38.2, "faixa_id": 2, "classe": "0.50–1.50 m", "_coa_length_m": 1.2, "_coa_class": "0,50–1,50 m" }, "geometry": { "type": "MultiLineString", "coordinates": [ [ [ -48.6577717, -20.9237742 ], [ -48.6577695, -20.9237849 ] ] ] } },
{ "type": "Feature", "properties": { "linha_id": 436, "comp_m": 1.04, "ini_m": 55.96, "fim_m": 57.0, "faixa_id": 2, "classe": "0.50–1.50 m", "_coa_length_m": 1.04, "_coa_class": "0,50–1,50 m" }, "geometry": { "type": "MultiLineString", "coordinates": [ [ [ -48.6577402, -20.9239428 ], [ -48.6577388, -20.9239521 ] ] ] } },
{ "type": "Feature", "properties": { "linha_id": 436, "comp_m": 0.88, "ini_m": 62.92, "fim_m": 63.8, "faixa_id": 2, "classe": "0.50–1.50 m", "_coa_length_m": 0.88, "_coa_class": "0,50–1,50 m" }, "geometry": { "type": "MultiLineString", "coordinates": [ [ [ -48.6577322, -20.9240052 ], [ -48.6577314, -20.9240131 ] ] ] } },
{ "type": "Feature", "properties": { "linha_id": 436, "comp_m": 0.56, "ini_m": 67.88, "fim_m": 68.44, "faixa_id": 2, "classe": "0.50–1.50 m", "_coa_length_m": 0.56, "_coa_class": "0,50–1,50 m" }, "geometry": { "type": "MultiLineString", "coordinates": [ [ [ -48.6577276, -20.9240498 ], [ -48.6577271, -20.9240548 ] ] ] } },
{ "type": "Feature", "properties": { "linha_id": 436, "comp_m": 3.223, "ini_m": 86.52, "fim_m": 89.743, "faixa_id": 4, "classe": "3.00–5.00 m", "_coa_length_m": 3.222, "_coa_class": "3,00–5,00 m" }, "geometry": { "type": "MultiLineString", "coordinates": [ [ [ -48.657712, -20.9242174 ], [ -48.6577088, -20.9242463 ] ] ] } },
{ "type": "Feature", "properties": { "linha_id": 437, "comp_m": 2.84, "ini_m": 0.0, "fim_m": 2.84, "faixa_id": 3, "classe": "1.50–3.00 m", "_coa_length_m": 2.839, "_coa_class": "1,50–3,00 m" }, "geometry": { "type": "MultiLineString", "coordinates": [ [ [ -48.6577345, -20.9234341 ], [ -48.6577428, -20.9234445 ], [ -48.6577489, -20.9234558 ] ] ] } },
{ "type": "Feature", "properties": { "linha_id": 437, "comp_m": 0.8, "ini_m": 10.68, "fim_m": 11.48, "faixa_id": 2, "classe": "0.50–1.50 m", "_coa_length_m": 0.8, "_coa_class": "0,50–1,50 m" }, "geometry": { "type": "MultiLineString", "coordinates": [ [ [ -48.6577828, -20.923519 ], [ -48.6577862, -20.9235255 ] ] ] } },
{ "type": "Feature", "properties": { "linha_id": 437, "comp_m": 2.72, "ini_m": 78.44, "fim_m": 81.16, "faixa_id": 3, "classe": "1.50–3.00 m", "_coa_length_m": 2.719, "_coa_class": "1,50–3,00 m" }, "geometry": { "type": "MultiLineString", "coordinates": [ [ [ -48.6577361, -20.9241172 ], [ -48.657734, -20.9241417 ] ] ] } },
{ "type": "Feature", "properties": { "linha_id": 437, "comp_m": 3.257, "ini_m": 92.04, "fim_m": 95.297, "faixa_id": 4, "classe": "3.00–5.00 m", "_coa_length_m": 3.256, "_coa_class": "3,00–5,00 m" }, "geometry": { "type": "MultiLineString", "coordinates": [ [ [ -48.6577226, -20.9242393 ], [ -48.6577218, -20.9242441 ], [ -48.6577214, -20.9242686 ] ] ] } },
{ "type": "Feature", "properties": { "linha_id": 438, "comp_m": 0.6, "ini_m": 0.0, "fim_m": 0.6, "faixa_id": 2, "classe": "0.50–1.50 m", "_coa_length_m": 0.6, "_coa_class": "0,50–1,50 m" }, "geometry": { "type": "MultiLineString", "coordinates": [ [ [ -48.657727, -20.9236006 ], [ -48.657727, -20.923606 ] ] ] } },
{ "type": "Feature", "properties": { "linha_id": 438, "comp_m": 1.615, "ini_m": 64.28, "fim_m": 65.895, "faixa_id": 3, "classe": "1.50–3.00 m", "_coa_length_m": 1.615, "_coa_class": "1,50–3,00 m" }, "geometry": { "type": "MultiLineString", "coordinates": [ [ [ -48.6576423, -20.9241746 ], [ -48.6576407, -20.9241891 ] ] ] } },
{ "type": "Feature", "properties": { "linha_id": 439, "comp_m": 0.72, "ini_m": 3.72, "fim_m": 4.44, "faixa_id": 2, "classe": "0.50–1.50 m", "_coa_length_m": 0.72, "_coa_class": "0,50–1,50 m" }, "geometry": { "type": "MultiLineString", "coordinates": [ [ [ -48.6577453, -20.9235064 ], [ -48.6577488, -20.923512 ] ] ] } },
{ "type": "Feature", "properties": { "linha_id": 439, "comp_m": 0.56, "ini_m": 83.8, "fim_m": 84.36, "faixa_id": 2, "classe": "0.50–1.50 m", "_coa_length_m": 0.56, "_coa_class": "0,50–1,50 m" }, "geometry": { "type": "MultiLineString", "coordinates": [ [ [ -48.657698, -20.9242155 ], [ -48.6576975, -20.9242205 ] ] ] } },
{ "type": "Feature", "properties": { "linha_id": 439, "comp_m": 0.765, "ini_m": 85.08, "fim_m": 85.845, "faixa_id": 2, "classe": "0.50–1.50 m", "_coa_length_m": 0.764, "_coa_class": "0,50–1,50 m" }, "geometry": { "type": "MultiLineString", "coordinates": [ [ [ -48.6576969, -20.924227 ], [ -48.6576962, -20.9242338 ] ] ] } },
{ "type": "Feature", "properties": { "linha_id": 440, "comp_m": 0.6, "ini_m": 0.0, "fim_m": 0.6, "faixa_id": 2, "classe": "0.50–1.50 m", "_coa_length_m": 0.6, "_coa_class": "0,50–1,50 m" }, "geometry": { "type": "MultiLineString", "coordinates": [ [ [ -48.6577191, -20.9234891 ], [ -48.6577218, -20.9234938 ] ] ] } },
{ "type": "Feature", "properties": { "linha_id": 440, "comp_m": 1.92, "ini_m": 7.08, "fim_m": 9.0, "faixa_id": 3, "classe": "1.50–3.00 m", "_coa_length_m": 1.919, "_coa_class": "1,50–3,00 m" }, "geometry": { "type": "MultiLineString", "coordinates": [ [ [ -48.6577497, -20.9235461 ], [ -48.6577569, -20.9235621 ] ] ] } },
{ "type": "Feature", "properties": { "linha_id": 440, "comp_m": 3.026, "ini_m": 82.2, "fim_m": 85.226, "faixa_id": 4, "classe": "3.00–5.00 m", "_coa_length_m": 3.025, "_coa_class": "3,00–5,00 m" }, "geometry": { "type": "MultiLineString", "coordinates": [ [ [ -48.657685, -20.9242151 ], [ -48.6576847, -20.9242424 ] ] ] } },
{ "type": "Feature", "properties": { "linha_id": 441, "comp_m": 7.0, "ini_m": 0.0, "fim_m": 7.0, "faixa_id": 5, "classe": "≥ 5.00 m", "_coa_length_m": 6.998, "_coa_class": ">= 5,00 m" }, "geometry": { "type": "MultiLineString", "coordinates": [ [ [ -48.6576783, -20.9234998 ], [ -48.6576787, -20.9235064 ], [ -48.657683, -20.9235175 ], [ -48.6577062, -20.9235566 ] ] ] } },
{ "type": "Feature", "properties": { "linha_id": 442, "comp_m": 1.68, "ini_m": 9.08, "fim_m": 10.76, "faixa_id": 3, "classe": "1.50–3.00 m", "_coa_length_m": 1.679, "_coa_class": "1,50–3,00 m" }, "geometry": { "type": "MultiLineString", "coordinates": [ [ [ -48.6577428, -20.9235681 ], [ -48.6577473, -20.9235793 ], [ -48.657748, -20.9235824 ] ] ] } },
{ "type": "Feature", "properties": { "linha_id": 442, "comp_m": 2.732, "ini_m": 80.68, "fim_m": 83.412, "faixa_id": 3, "classe": "1.50–3.00 m", "_coa_length_m": 2.731, "_coa_class": "1,50–3,00 m" }, "geometry": { "type": "MultiLineString", "coordinates": [ [ [ -48.6576704, -20.9242065 ], [ -48.657669, -20.9242311 ] ] ] } },
{ "type": "Feature", "properties": { "linha_id": 443, "comp_m": 0.84, "ini_m": 0.0, "fim_m": 0.84, "faixa_id": 2, "classe": "0.50–1.50 m", "_coa_length_m": 0.84, "_coa_class": "0,50–1,50 m" }, "geometry": { "type": "MultiLineString", "coordinates": [ [ [ -48.6576962, -20.9235072 ], [ -48.6576998, -20.923514 ] ] ] } },
{ "type": "Feature", "properties": { "linha_id": 443, "comp_m": 1.28, "ini_m": 8.68, "fim_m": 9.96, "faixa_id": 2, "classe": "0.50–1.50 m", "_coa_length_m": 1.28, "_coa_class": "0,50–1,50 m" }, "geometry": { "type": "MultiLineString", "coordinates": [ [ [ -48.6577317, -20.923578 ], [ -48.6577345, -20.9235847 ], [ -48.6577355, -20.923589 ] ] ] } },
{ "type": "Feature", "properties": { "linha_id": 443, "comp_m": 1.41, "ini_m": 78.52, "fim_m": 79.93, "faixa_id": 2, "classe": "0.50–1.50 m", "_coa_length_m": 1.41, "_coa_class": "0,50–1,50 m" }, "geometry": { "type": "MultiLineString", "coordinates": [ [ [ -48.6576547, -20.9242009 ], [ -48.6576535, -20.9242136 ] ] ] } },
{ "type": "Feature", "properties": { "linha_id": 444, "comp_m": 1.0, "ini_m": 0.0, "fim_m": 1.0, "faixa_id": 2, "classe": "0.50–1.50 m", "_coa_length_m": 1.0, "_coa_class": "0,50–1,50 m" }, "geometry": { "type": "MultiLineString", "coordinates": [ [ [ -48.6576699, -20.9235287 ], [ -48.6576758, -20.9235359 ] ] ] } },
{ "type": "Feature", "properties": { "linha_id": 444, "comp_m": 3.12, "ini_m": 6.12, "fim_m": 9.24, "faixa_id": 4, "classe": "3.00–5.00 m", "_coa_length_m": 3.119, "_coa_class": "3,00–5,00 m" }, "geometry": { "type": "MultiLineString", "coordinates": [ [ [ -48.6577005, -20.9235757 ], [ -48.6577107, -20.923595 ], [ -48.6577124, -20.9236014 ] ] ] } },
{ "type": "Feature", "properties": { "linha_id": 444, "comp_m": 1.56, "ini_m": 73.16, "fim_m": 74.72, "faixa_id": 3, "classe": "1.50–3.00 m", "_coa_length_m": 1.56, "_coa_class": "1,50–3,00 m" }, "geometry": { "type": "MultiLineString", "coordinates": [ [ [ -48.6576278, -20.9241712 ], [ -48.6576261, -20.9241852 ] ] ] } },
{ "type": "Feature", "properties": { "linha_id": 445, "comp_m": 1.102, "ini_m": 64.68, "fim_m": 65.782, "faixa_id": 2, "classe": "0.50–1.50 m", "_coa_length_m": 1.102, "_coa_class": "0,50–1,50 m" }, "geometry": { "type": "MultiLineString", "coordinates": [ [ [ -48.6575892, -20.9241467 ], [ -48.6575886, -20.9241566 ] ] ] } },
{ "type": "Feature", "properties": { "linha_id": 446, "comp_m": 1.28, "ini_m": 0.6, "fim_m": 1.88, "faixa_id": 2, "classe": "0.50–1.50 m", "_coa_length_m": 1.28, "_coa_class": "0,50–1,50 m" }, "geometry": { "type": "MultiLineString", "coordinates": [ [ [ -48.6576563, -20.9235338 ], [ -48.6576638, -20.923543 ] ] ] } },
{ "type": "Feature", "properties": { "linha_id": 446, "comp_m": 1.28, "ini_m": 8.76, "fim_m": 10.04, "faixa_id": 2, "classe": "0.50–1.50 m", "_coa_length_m": 1.28, "_coa_class": "0,50–1,50 m" }, "geometry": { "type": "MultiLineString", "coordinates": [ [ [ -48.6576959, -20.9235969 ], [ -48.6576998, -20.9236078 ] ] ] } },
{ "type": "Feature", "properties": { "linha_id": 446, "comp_m": 1.672, "ini_m": 71.16, "fim_m": 72.832, "faixa_id": 3, "classe": "1.50–3.00 m", "_coa_length_m": 1.672, "_coa_class": "1,50–3,00 m" }, "geometry": { "type": "MultiLineString", "coordinates": [ [ [ -48.6576157, -20.9241524 ], [ -48.6576142, -20.9241674 ] ] ] } },
{ "type": "Feature", "properties": { "linha_id": 447, "comp_m": 3.48, "ini_m": 0.0, "fim_m": 3.48, "faixa_id": 4, "classe": "3.00–5.00 m", "_coa_length_m": 3.479, "_coa_class": "3,00–5,00 m" }, "geometry": { "type": "MultiLineString", "coordinates": [ [ [ -48.6576441, -20.9235397 ], [ -48.6576633, -20.9235655 ] ] ] } },
{ "type": "Feature", "properties": { "linha_id": 448, "comp_m": 5.24, "ini_m": 0.0, "fim_m": 5.24, "faixa_id": 5, "classe": "≥ 5.00 m", "_coa_length_m": 5.238, "_coa_class": ">= 5,00 m" }, "geometry": { "type": "MultiLineString", "coordinates": [ [ [ -48.6576336, -20.923552 ], [ -48.6576398, -20.9235565 ], [ -48.6576422, -20.9235645 ], [ -48.6576441, -20.9235816 ], [ -48.6576475, -20.9235957 ] ] ] } },
{ "type": "Feature", "properties": { "linha_id": 448, "comp_m": 1.768, "ini_m": 66.28, "fim_m": 68.048, "faixa_id": 3, "classe": "1.50–3.00 m", "_coa_length_m": 1.768, "_coa_class": "1,50–3,00 m" }, "geometry": { "type": "MultiLineString", "coordinates": [ [ [ -48.6575743, -20.9241397 ], [ -48.6575727, -20.9241556 ] ] ] } },
{ "type": "Feature", "properties": { "linha_id": 449, "comp_m": 3.4, "ini_m": 0.0, "fim_m": 3.4, "faixa_id": 4, "classe": "3.00–5.00 m", "_coa_length_m": 3.399, "_coa_class": "3,00–5,00 m" }, "geometry": { "type": "MultiLineString", "coordinates": [ [ [ -48.6576252, -20.923569 ], [ -48.6576317, -20.9235991 ] ] ] } },
{ "type": "Feature", "properties": { "linha_id": 449, "comp_m": 2.519, "ini_m": 63.24, "fim_m": 65.759, "faixa_id": 3, "classe": "1.50–3.00 m", "_coa_length_m": 2.518, "_coa_class": "1,50–3,00 m" }, "geometry": { "type": "MultiLineString", "coordinates": [ [ [ -48.6575599, -20.9241324 ], [ -48.6575598, -20.9241453 ], [ -48.6575625, -20.9241549 ] ] ] } },
{ "type": "Feature", "properties": { "linha_id": 450, "comp_m": 1.32, "ini_m": 0.0, "fim_m": 1.32, "faixa_id": 2, "classe": "0.50–1.50 m", "_coa_length_m": 1.32, "_coa_class": "0,50–1,50 m" }, "geometry": { "type": "MultiLineString", "coordinates": [ [ [ -48.6576185, -20.9236046 ], [ -48.6576202, -20.9236164 ] ] ] } },
{ "type": "Feature", "properties": { "linha_id": 450, "comp_m": 3.134, "ini_m": 57.24, "fim_m": 60.374, "faixa_id": 4, "classe": "3.00–5.00 m", "_coa_length_m": 3.133, "_coa_class": "3,00–5,00 m" }, "geometry": { "type": "MultiLineString", "coordinates": [ [ [ -48.657547, -20.924115 ], [ -48.6575459, -20.9241261 ], [ -48.6575462, -20.9241433 ] ] ] } },
{ "type": "Feature", "properties": { "linha_id": 451, "comp_m": 0.92, "ini_m": 0.0, "fim_m": 0.92, "faixa_id": 2, "classe": "0.50–1.50 m", "_coa_length_m": 0.92, "_coa_class": "0,50–1,50 m" }, "geometry": { "type": "MultiLineString", "coordinates": [ [ [ -48.6576038, -20.9236156 ], [ -48.6576057, -20.9236237 ] ] ] } },
{ "type": "Feature", "properties": { "linha_id": 451, "comp_m": 2.015, "ini_m": 55.32, "fim_m": 57.335, "faixa_id": 3, "classe": "1.50–3.00 m", "_coa_length_m": 2.014, "_coa_class": "1,50–3,00 m" }, "geometry": { "type": "MultiLineString", "coordinates": [ [ [ -48.6575322, -20.9241088 ], [ -48.6575302, -20.9241269 ] ] ] } },
{ "type": "Feature", "properties": { "linha_id": 452, "comp_m": 6.2, "ini_m": 0.0, "fim_m": 6.2, "faixa_id": 5, "classe": "≥ 5.00 m", "_coa_length_m": 6.198, "_coa_class": ">= 5,00 m" }, "geometry": { "type": "MultiLineString", "coordinates": [ [ [ -48.6575938, -20.923629 ], [ -48.6575938, -20.9236491 ], [ -48.657591, -20.9236596 ], [ -48.6575864, -20.9236688 ], [ -48.657586, -20.9236684 ], [ -48.6575833, -20.9236826 ] ] ] } },
{ "type": "Feature", "properties": { "linha_id": 452, "comp_m": 3.396, "ini_m": 52.12, "fim_m": 55.516, "faixa_id": 4, "classe": "3.00–5.00 m", "_coa_length_m": 3.395, "_coa_class": "3,00–5,00 m" }, "geometry": { "type": "MultiLineString", "coordinates": [ [ [ -48.6575198, -20.9240927 ], [ -48.6575182, -20.9241047 ], [ -48.6575181, -20.9241222 ], [ -48.6575182, -20.9241232 ] ] ] } },
{ "type": "Feature", "properties": { "linha_id": 453, "comp_m": 0.92, "ini_m": 0.0, "fim_m": 0.92, "faixa_id": 2, "classe": "0.50–1.50 m", "_coa_length_m": 0.92, "_coa_class": "0,50–1,50 m" }, "geometry": { "type": "MultiLineString", "coordinates": [ [ [ -48.6575692, -20.9236774 ], [ -48.6575676, -20.9236856 ] ] ] } },
{ "type": "Feature", "properties": { "linha_id": 453, "comp_m": 2.878, "ini_m": 45.32, "fim_m": 48.198, "faixa_id": 3, "classe": "1.50–3.00 m", "_coa_length_m": 2.877, "_coa_class": "1,50–3,00 m" }, "geometry": { "type": "MultiLineString", "coordinates": [ [ [ -48.6575046, -20.9240818 ], [ -48.6575043, -20.9240829 ], [ -48.6574937, -20.9241057 ] ] ] } },
{ "type": "Feature", "properties": { "linha_id": 454, "comp_m": 3.24, "ini_m": 0.0, "fim_m": 3.24, "faixa_id": 4, "classe": "3.00–5.00 m", "_coa_length_m": 3.239, "_coa_class": "3,00–5,00 m" }, "geometry": { "type": "MultiLineString", "coordinates": [ [ [ -48.6575481, -20.9237069 ], [ -48.6575428, -20.9237357 ] ] ] } },
{ "type": "Feature", "properties": { "linha_id": 454, "comp_m": 0.936, "ini_m": 40.92, "fim_m": 41.856, "faixa_id": 2, "classe": "0.50–1.50 m", "_coa_length_m": 0.936, "_coa_class": "0,50–1,50 m" }, "geometry": { "type": "MultiLineString", "coordinates": [ [ [ -48.657493, -20.9240726 ], [ -48.657492, -20.924081 ] ] ] } },
{ "type": "Feature", "properties": { "linha_id": 455, "comp_m": 4.12, "ini_m": 0.0, "fim_m": 4.12, "faixa_id": 4, "classe": "3.00–5.00 m", "_coa_length_m": 4.119, "_coa_class": "3,00–5,00 m" }, "geometry": { "type": "MultiLineString", "coordinates": [ [ [ -48.6575414, -20.9237052 ], [ -48.6575353, -20.9237113 ], [ -48.6575298, -20.9237277 ], [ -48.6575276, -20.9237392 ] ] ] } },
{ "type": "Feature", "properties": { "linha_id": 455, "comp_m": 2.53, "ini_m": 41.0, "fim_m": 43.53, "faixa_id": 3, "classe": "1.50–3.00 m", "_coa_length_m": 2.53, "_coa_class": "1,50–3,00 m" }, "geometry": { "type": "MultiLineString", "coordinates": [ [ [ -48.6574778, -20.9240687 ], [ -48.6574796, -20.9240826 ], [ -48.6574839, -20.9240904 ] ] ] } },
{ "type": "Feature", "properties": { "linha_id": 456, "comp_m": 4.92, "ini_m": 0.0, "fim_m": 4.92, "faixa_id": 4, "classe": "3.00–5.00 m", "_coa_length_m": 4.918, "_coa_class": "3,00–5,00 m" }, "geometry": { "type": "MultiLineString", "coordinates": [ [ [ -48.6575107, -20.9237413 ], [ -48.6575035, -20.9237852 ] ] ] } },
{ "type": "Feature", "properties": { "linha_id": 456, "comp_m": 2.233, "ini_m": 35.4, "fim_m": 37.633, "faixa_id": 3, "classe": "1.50–3.00 m", "_coa_length_m": 2.232, "_coa_class": "1,50–3,00 m" }, "geometry": { "type": "MultiLineString", "coordinates": [ [ [ -48.6574639, -20.9240579 ], [ -48.6574612, -20.9240779 ] ] ] } },
{ "type": "Feature", "properties": { "linha_id": 457, "comp_m": 2.84, "ini_m": 0.0, "fim_m": 2.84, "faixa_id": 3, "classe": "1.50–3.00 m", "_coa_length_m": 2.839, "_coa_class": "1,50–3,00 m" }, "geometry": { "type": "MultiLineString", "coordinates": [ [ [ -48.6574919, -20.9237688 ], [ -48.6574874, -20.9237941 ] ] ] } },
{ "type": "Feature", "properties": { "linha_id": 457, "comp_m": 1.187, "ini_m": 31.16, "fim_m": 32.347, "faixa_id": 2, "classe": "0.50–1.50 m", "_coa_length_m": 1.187, "_coa_class": "0,50–1,50 m" }, "geometry": { "type": "MultiLineString", "coordinates": [ [ [ -48.6574504, -20.9240474 ], [ -48.657449, -20.924058 ] ] ] } },
{ "type": "Feature", "properties": { "linha_id": 458, "comp_m": 2.28, "ini_m": 0.0, "fim_m": 2.28, "faixa_id": 3, "classe": "1.50–3.00 m", "_coa_length_m": 2.279, "_coa_class": "1,50–3,00 m" }, "geometry": { "type": "MultiLineString", "coordinates": [ [ [ -48.6574649, -20.9238095 ], [ -48.6574628, -20.92383 ] ] ] } },
{ "type": "Feature", "properties": { "linha_id": 458, "comp_m": 1.986, "ini_m": 24.76, "fim_m": 26.746, "faixa_id": 3, "classe": "1.50–3.00 m", "_coa_length_m": 1.985, "_coa_class": "1,50–3,00 m" }, "geometry": { "type": "MultiLineString", "coordinates": [ [ [ -48.6574376, -20.9240315 ], [ -48.6574352, -20.9240493 ] ] ] } },
{ "type": "Feature", "properties": { "linha_id": 459, "comp_m": 1.48, "ini_m": 0.0, "fim_m": 1.48, "faixa_id": 2, "classe": "0.50–1.50 m", "_coa_length_m": 1.48, "_coa_class": "0,50–1,50 m" }, "geometry": { "type": "MultiLineString", "coordinates": [ [ [ -48.6574484, -20.923826 ], [ -48.657447, -20.9238393 ] ] ] } },
{ "type": "Feature", "properties": { "linha_id": 459, "comp_m": 1.108, "ini_m": 22.76, "fim_m": 23.868, "faixa_id": 2, "classe": "0.50–1.50 m", "_coa_length_m": 1.108, "_coa_class": "0,50–1,50 m" }, "geometry": { "type": "MultiLineString", "coordinates": [ [ [ -48.6574228, -20.92403 ], [ -48.6574213, -20.9240399 ] ] ] } },
{ "type": "Feature", "properties": { "linha_id": 460, "comp_m": 6.44, "ini_m": 0.0, "fim_m": 6.44, "faixa_id": 5, "classe": "≥ 5.00 m", "_coa_length_m": 6.438, "_coa_class": ">= 5,00 m" }, "geometry": { "type": "MultiLineString", "coordinates": [ [ [ -48.6574302, -20.9238267 ], [ -48.6574261, -20.9238848 ] ] ] } },
{ "type": "Feature", "properties": { "linha_id": 460, "comp_m": 4.045, "ini_m": 20.12, "fim_m": 24.165, "faixa_id": 4, "classe": "3.00–5.00 m", "_coa_length_m": 4.044, "_coa_class": "3,00–5,00 m" }, "geometry": { "type": "MultiLineString", "coordinates": [ [ [ -48.6574121, -20.9240075 ], [ -48.6574072, -20.9240438 ] ] ] } },
{ "type": "Feature", "properties": { "linha_id": 461, "comp_m": 0.92, "ini_m": 0.0, "fim_m": 0.92, "faixa_id": 2, "classe": "0.50–1.50 m", "_coa_length_m": 0.92, "_coa_class": "0,50–1,50 m" }, "geometry": { "type": "MultiLineString", "coordinates": [ [ [ -48.6574102, -20.9238784 ], [ -48.6574098, -20.9238867 ] ] ] } },
{ "type": "Feature", "properties": { "linha_id": 461, "comp_m": 0.72, "ini_m": 11.48, "fim_m": 12.2, "faixa_id": 2, "classe": "0.50–1.50 m", "_coa_length_m": 0.72, "_coa_class": "0,50–1,50 m" }, "geometry": { "type": "MultiLineString", "coordinates": [ [ [ -48.6573996, -20.9239815 ], [ -48.6573987, -20.9239879 ] ] ] } },
{ "type": "Feature", "properties": { "linha_id": 461, "comp_m": 4.558, "ini_m": 12.76, "fim_m": 17.318, "faixa_id": 4, "classe": "3.00–5.00 m", "_coa_length_m": 4.556, "_coa_class": "3,00–5,00 m" }, "geometry": { "type": "MultiLineString", "coordinates": [ [ [ -48.657398, -20.9239929 ], [ -48.6573963, -20.9240048 ], [ -48.6573934, -20.9240338 ] ] ] } }
]
}
