{
"type": "FeatureCollection",
"name": "lines",
"xy_coordinate_resolution": 1e-07,
"features": [
{ "type": "Feature", "properties": { "comp_m": 77.13 }, "geometry": { "type": "MultiLineString", "coordinates": [ [ [ -48.6618432, -20.9261854 ], [ -48.6618466, -20.9261933 ], [ -48.6618524, -20.9262003 ], [ -48.6618746, -20.9262171 ], [ -48.6618986, -20.9262288 ], [ -48.6619336, -20.9262387 ], [ -48.6619612, -20.9262429 ], [ -48.6619897, -20.9262453 ], [ -48.6621739, -20.9262517 ], [ -48.6622879, -20.9262611 ], [ -48.662325, -20.9262661 ], [ -48.6623707, -20.9262738 ], [ -48.6624061, -20.9262827 ], [ -48.6624656, -20.9263032 ], [ -48.6625218, -20.926331 ], [ -48.6625485, -20.9263383 ] ] ] } },
{ "type": "Feature", "properties": { "comp_m": 692.15 }, "geometry": { "type": "MultiLineString", "coordinates": [ [ [ -48.6590532, -20.921784 ], [ -48.6590572, -20.9217915 ], [ -48.6591093, -20.9218435 ], [ -48.6592424, -20.9220009 ], [ -48.6593676, -20.9221342 ], [ -48.659476, -20.9222555 ], [ -48.6595665, -20.9223658 ], [ -48.6596078, -20.9224224 ], [ -48.6597265, -20.9225762 ], [ -48.6597519, -20.9226118 ], [ -48.6597928, -20.9226775 ], [ -48.6601098, -20.9231984 ], [ -48.6601251, -20.9232287 ], [ -48.6601455, -20.9232751 ], [ -48.6601562, -20.9233071 ], [ -48.6601699, -20.9233561 ], [ -48.660177, -20.9233984 ], [ -48.6601844, -20.9234947 ], [ -48.6601853, -20.9235394 ], [ -48.6601835, -20.9236294 ], [ -48.6601692, -20.9238423 ], [ -48.6601602, -20.9241026 ], [ -48.6601628, -20.9241557 ], [ -48.6601668, -20.9241991 ], [ -48.6601777, -20.9242491 ], [ -48.6601921, -20.9242888 ], [ -48.6602118, -20.9243264 ], [ -48.6602549, -20.9243824 ], [ -48.6602935, -20.9244215 ], [ -48.6603646, -20.9244777 ], [ -48.6604091, -20.9245077 ], [ -48.6604632, -20.9245377 ], [ -48.6605278, -20.9245661 ], [ -48.6605282, -20.9245662 ], [ -48.6605534, -20.924575 ], [ -48.6605966, -20.9245866 ], [ -48.6607658, -20.9246207 ], [ -48.660835, -20.9246392 ], [ -48.660877, -20.9246537 ], [ -48.6609178, -20.9246706 ], [ -48.6610231, -20.9247167 ], [ -48.661063, -20.9247357 ], [ -48.6610934, -20.9247541 ], [ -48.6611154, -20.9247698 ], [ -48.6611433, -20.9247938 ], [ -48.6611632, -20.9248133 ], [ -48.6612158, -20.9248749 ], [ -48.6612933, -20.9249814 ], [ -48.6613707, -20.9250969 ], [ -48.6613919, -20.9251341 ], [ -48.6614063, -20.9251648 ], [ -48.6614312, -20.9252368 ], [ -48.6614611, -20.925352 ], [ -48.6614987, -20.9254823 ], [ -48.6615186, -20.9255652 ], [ -48.6615611, -20.925784 ], [ -48.6615865, -20.9258919 ], [ -48.6615914, -20.9259081 ], [ -48.6616001, -20.92595 ], [ -48.6616123, -20.9260267 ], [ -48.6616228, -20.926113 ], [ -48.6616293, -20.9261467 ], [ -48.6616378, -20.9261796 ], [ -48.6616487, -20.9262116 ], [ -48.6616676, -20.9262497 ], [ -48.6616877, -20.9262783 ], [ -48.6617185, -20.9263119 ], [ -48.6617545, -20.9263395 ], [ -48.6618009, -20.9263655 ], [ -48.6618327, -20.926381 ], [ -48.6618744, -20.9263959 ], [ -48.6619185, -20.9264057 ], [ -48.6619553, -20.9264104 ], [ -48.6619933, -20.9264122 ], [ -48.6621259, -20.9264077 ], [ -48.6622299, -20.9264142 ], [ -48.6622941, -20.9264225 ], [ -48.6623477, -20.9264329 ], [ -48.6623733, -20.9264407 ], [ -48.6624398, -20.9264653 ], [ -48.6624409, -20.9264654 ] ] ] } },
{ "type": "Feature", "properties": { "comp_m": 692.26 }, "geometry": { "type": "MultiLineString", "coordinates": [ [ [ -48.662432, -20.9264763 ], [ -48.6623737, -20.9264554 ], [ -48.6623393, -20.9264455 ], [ -48.6622951, -20.926436 ], [ -48.6622406, -20.9264277 ], [ -48.6621851, -20.9264215 ], [ -48.6621472, -20.9264193 ], [ -48.6621092, -20.92642 ], [ -48.6620344, -20.926425 ], [ -48.661977, -20.9264253 ], [ -48.6619299, -20.926422 ], [ -48.661903, -20.926417 ], [ -48.6618428, -20.9263999 ], [ -48.6617945, -20.9263781 ], [ -48.6617407, -20.9263472 ], [ -48.6617187, -20.9263315 ], [ -48.661705, -20.9263195 ], [ -48.6616757, -20.9262853 ], [ -48.6616601, -20.926264 ], [ -48.6616361, -20.9262189 ], [ -48.6616246, -20.9261871 ], [ -48.6616094, -20.9261206 ], [ -48.6615909, -20.9259831 ], [ -48.661583, -20.925941 ], [ -48.661548, -20.9257916 ], [ -48.6615034, -20.9255647 ], [ -48.6614854, -20.9254902 ], [ -48.6614526, -20.9253762 ], [ -48.6614182, -20.9252446 ], [ -48.6614021, -20.9251965 ], [ -48.6613903, -20.9251648 ], [ -48.6613796, -20.9251418 ], [ -48.6613583, -20.9251046 ], [ -48.6613345, -20.9250684 ], [ -48.6612294, -20.9249182 ], [ -48.6611977, -20.9248759 ], [ -48.6611691, -20.9248414 ], [ -48.6611509, -20.9248211 ], [ -48.6611243, -20.9247955 ], [ -48.6610958, -20.9247729 ], [ -48.6610736, -20.9247578 ], [ -48.6610344, -20.9247373 ], [ -48.660905, -20.9246804 ], [ -48.6608724, -20.9246667 ], [ -48.6608305, -20.924652 ], [ -48.66077, -20.9246358 ], [ -48.660592, -20.9246001 ], [ -48.6605404, -20.9245854 ], [ -48.6604911, -20.9245659 ], [ -48.6604901, -20.9245656 ], [ -48.6604346, -20.9245384 ], [ -48.6603815, -20.9245061 ], [ -48.6603447, -20.9244804 ], [ -48.6602812, -20.9244284 ], [ -48.6602366, -20.9243819 ], [ -48.6602035, -20.9243401 ], [ -48.6601824, -20.9243029 ], [ -48.6601725, -20.9242796 ], [ -48.6601647, -20.9242554 ], [ -48.6601564, -20.9242224 ], [ -48.6601495, -20.9241799 ], [ -48.6601471, -20.9241538 ], [ -48.6601459, -20.9241001 ], [ -48.6601551, -20.9238306 ], [ -48.6601641, -20.9237247 ], [ -48.6601696, -20.9236357 ], [ -48.6601714, -20.9234826 ], [ -48.6601625, -20.9233957 ], [ -48.6601551, -20.9233534 ], [ -48.6601322, -20.9232808 ], [ -48.6601046, -20.923219 ], [ -48.6600882, -20.923189 ], [ -48.6600133, -20.9230637 ], [ -48.6599445, -20.9229541 ], [ -48.6597887, -20.9226967 ], [ -48.6597473, -20.922631 ], [ -48.6597176, -20.9225879 ], [ -48.6595568, -20.9223774 ], [ -48.659478, -20.9222806 ], [ -48.6593777, -20.9221648 ], [ -48.6592455, -20.9220247 ], [ -48.6591802, -20.9219499 ], [ -48.6590943, -20.9218467 ], [ -48.6590552, -20.9218084 ], [ -48.6590436, -20.9217947 ] ] ] } },
{ "type": "Feature", "properties": { "comp_m": 200.91 }, "geometry": { "type": "MultiLineString", "coordinates": [ [ [ -48.6614377, -20.9247678 ], [ -48.6614733, -20.9247965 ], [ -48.6616935, -20.9249541 ], [ -48.6617657, -20.9250092 ], [ -48.6620505, -20.9252172 ], [ -48.6621759, -20.9253052 ], [ -48.6624091, -20.9254771 ], [ -48.662776, -20.9257398 ], [ -48.6628411, -20.9257892 ], [ -48.6629219, -20.9258469 ], [ -48.6629496, -20.9258705 ] ] ] } },
{ "type": "Feature", "properties": { "comp_m": 553.89 }, "geometry": { "type": "MultiLineString", "coordinates": [ [ [ -48.6594281, -20.9218309 ], [ -48.6594494, -20.9218546 ], [ -48.6594647, -20.9218758 ], [ -48.659499, -20.9219056 ], [ -48.659649, -20.9220219 ], [ -48.6597404, -20.9220966 ], [ -48.6597974, -20.9221413 ], [ -48.6599125, -20.9222282 ], [ -48.6600268, -20.9223169 ], [ -48.660062, -20.9223459 ], [ -48.6601557, -20.9224161 ], [ -48.6602409, -20.9224837 ], [ -48.660297, -20.9225305 ], [ -48.6603339, -20.9225556 ], [ -48.6604933, -20.9226726 ], [ -48.6605887, -20.9227392 ], [ -48.660784, -20.9228836 ], [ -48.6609009, -20.9229668 ], [ -48.6609658, -20.9230154 ], [ -48.6610606, -20.9230831 ], [ -48.6611269, -20.9231286 ], [ -48.6611842, -20.9231728 ], [ -48.6613236, -20.92327 ], [ -48.6614248, -20.9233451 ], [ -48.6615345, -20.9234228 ], [ -48.6615845, -20.9234616 ], [ -48.6616143, -20.9234812 ], [ -48.6617447, -20.9235769 ], [ -48.6619279, -20.9237056 ], [ -48.66208, -20.9238174 ], [ -48.662271, -20.9239502 ], [ -48.6625249, -20.9241358 ], [ -48.6625748, -20.9241749 ], [ -48.6628666, -20.9243834 ], [ -48.6629237, -20.9244279 ], [ -48.6631634, -20.9246022 ], [ -48.6631639, -20.9246023 ], [ -48.6633654, -20.9247459 ], [ -48.663454, -20.9248117 ], [ -48.6635062, -20.9248484 ], [ -48.6635158, -20.9248545 ] ] ] } },
{ "type": "Feature", "properties": { "comp_m": 499.03 }, "geometry": { "type": "MultiLineString", "coordinates": [ [ [ -48.6598239, -20.9223165 ], [ -48.6598477, -20.92234 ], [ -48.6599154, -20.9223887 ], [ -48.6601209, -20.9225496 ], [ -48.6601212, -20.9225502 ], [ -48.6601779, -20.9225958 ], [ -48.6602571, -20.9226557 ], [ -48.66041, -20.9227664 ], [ -48.660447, -20.9227913 ], [ -48.6605346, -20.9228541 ], [ -48.6606427, -20.9229357 ], [ -48.6607519, -20.9230148 ], [ -48.6608161, -20.923065 ], [ -48.6608531, -20.9230901 ], [ -48.6608892, -20.923117 ], [ -48.6609118, -20.9231312 ], [ -48.6609479, -20.9231582 ], [ -48.6609926, -20.9231877 ], [ -48.6610946, -20.9232608 ], [ -48.6611955, -20.9233368 ], [ -48.6612619, -20.9233824 ], [ -48.6613196, -20.9234257 ], [ -48.6615383, -20.9235827 ], [ -48.6615886, -20.9236209 ], [ -48.6616258, -20.9236456 ], [ -48.6617712, -20.9237516 ], [ -48.6618668, -20.923818 ], [ -48.6619977, -20.9239132 ], [ -48.6622173, -20.9240688 ], [ -48.6624644, -20.9242491 ], [ -48.6624928, -20.9242717 ], [ -48.662558, -20.9243198 ], [ -48.6628427, -20.9245238 ], [ -48.6630746, -20.924695 ], [ -48.6631262, -20.9247305 ], [ -48.663191, -20.9247794 ], [ -48.6632724, -20.9248347 ], [ -48.6635049, -20.9250045 ], [ -48.6635783, -20.9250559 ], [ -48.6635857, -20.9250608 ] ] ] } },
{ "type": "Feature", "properties": { "comp_m": 504.49 }, "geometry": { "type": "MultiLineString", "coordinates": [ [ [ -48.6597876, -20.9222764 ], [ -48.659864, -20.9223342 ], [ -48.659922, -20.9223768 ], [ -48.6600213, -20.9224563 ], [ -48.6602359, -20.9226228 ], [ -48.6605494, -20.9228485 ], [ -48.6606867, -20.9229509 ], [ -48.6607525, -20.9229978 ], [ -48.6608388, -20.9230633 ], [ -48.6609559, -20.9231462 ], [ -48.6610006, -20.9231758 ], [ -48.6613055, -20.9233989 ], [ -48.6615534, -20.9235773 ], [ -48.6615758, -20.923592 ], [ -48.6616258, -20.923631 ], [ -48.661779, -20.9237409 ], [ -48.661875, -20.9238066 ], [ -48.6619985, -20.9238968 ], [ -48.6622181, -20.9240524 ], [ -48.6623563, -20.9241527 ], [ -48.662566, -20.9243088 ], [ -48.6628217, -20.9244914 ], [ -48.6631627, -20.9247417 ], [ -48.6632805, -20.9248232 ], [ -48.6633962, -20.9249091 ], [ -48.6635274, -20.9250037 ], [ -48.6635937, -20.9250495 ] ] ] } },
{ "type": "Feature", "properties": { "comp_m": 488.9 }, "geometry": { "type": "MultiLineString", "coordinates": [ [ [ -48.6598791, -20.9223958 ], [ -48.6600741, -20.9225497 ], [ -48.6600747, -20.9225496 ], [ -48.6602391, -20.9226777 ], [ -48.6603848, -20.9227832 ], [ -48.6605318, -20.9228857 ], [ -48.6605827, -20.9229229 ], [ -48.6606469, -20.9229733 ], [ -48.6608068, -20.92309 ], [ -48.6609677, -20.9232047 ], [ -48.6610561, -20.9232659 ], [ -48.6613248, -20.9234629 ], [ -48.6614636, -20.9235621 ], [ -48.6615068, -20.9235948 ], [ -48.6615805, -20.9236459 ], [ -48.6619519, -20.9239149 ], [ -48.6619891, -20.9239396 ], [ -48.6621355, -20.9240436 ], [ -48.6622005, -20.9240923 ], [ -48.6622885, -20.9241542 ], [ -48.6625273, -20.9243317 ], [ -48.6627757, -20.9245095 ], [ -48.6628772, -20.9245845 ], [ -48.6629285, -20.9246206 ], [ -48.6630515, -20.9247122 ], [ -48.663235, -20.924841 ], [ -48.6634819, -20.9250221 ], [ -48.6635918, -20.9250997 ] ] ] } },
{ "type": "Feature", "properties": { "comp_m": 492.72 }, "geometry": { "type": "MultiLineString", "coordinates": [ [ [ -48.6598519, -20.9223545 ], [ -48.6598615, -20.9223669 ], [ -48.6598777, -20.9223823 ], [ -48.6598777, -20.9223824 ], [ -48.6598861, -20.9223852 ], [ -48.6599154, -20.9224062 ], [ -48.6600149, -20.9224856 ], [ -48.6602083, -20.9226357 ], [ -48.6602586, -20.9226744 ], [ -48.6603458, -20.9227383 ], [ -48.6605516, -20.9228826 ], [ -48.6605952, -20.9229146 ], [ -48.6606449, -20.9229545 ], [ -48.6607253, -20.923012 ], [ -48.6607756, -20.9230507 ], [ -48.6608704, -20.9231193 ], [ -48.6610981, -20.9232794 ], [ -48.6611992, -20.9233552 ], [ -48.661251, -20.9233906 ], [ -48.6613378, -20.9234555 ], [ -48.6614405, -20.9235281 ], [ -48.6615127, -20.9235824 ], [ -48.6616009, -20.9236443 ], [ -48.6618048, -20.9237926 ], [ -48.6619657, -20.9239076 ], [ -48.6620176, -20.9239427 ], [ -48.6623171, -20.924158 ], [ -48.6624478, -20.9242542 ], [ -48.662527, -20.9243145 ], [ -48.6628268, -20.9245291 ], [ -48.662921, -20.924599 ], [ -48.6629218, -20.9245985 ], [ -48.6630677, -20.9247067 ], [ -48.6632594, -20.9248427 ], [ -48.6635898, -20.9250815 ] ] ] } },
{ "type": "Feature", "properties": { "comp_m": 481.37 }, "geometry": { "type": "MultiLineString", "coordinates": [ [ [ -48.6599356, -20.9224708 ], [ -48.6599474, -20.9224847 ], [ -48.6599611, -20.9224974 ], [ -48.6600261, -20.9225491 ], [ -48.6600272, -20.9225489 ], [ -48.6602202, -20.9226985 ], [ -48.6603582, -20.9227992 ], [ -48.6605269, -20.9229174 ], [ -48.6606709, -20.9230261 ], [ -48.6607507, -20.9230844 ], [ -48.6609995, -20.9232604 ], [ -48.6614064, -20.9235566 ], [ -48.6615528, -20.9236602 ], [ -48.6616907, -20.923761 ], [ -48.6617714, -20.9238175 ], [ -48.6618438, -20.9238708 ], [ -48.6619319, -20.9239324 ], [ -48.661997, -20.9239806 ], [ -48.6621942, -20.9241213 ], [ -48.6625713, -20.9243978 ], [ -48.6626739, -20.9244701 ], [ -48.6630733, -20.9247614 ], [ -48.6631689, -20.9248278 ], [ -48.6634812, -20.9250554 ], [ -48.6635545, -20.9251071 ], [ -48.6635763, -20.925123 ], [ -48.663583, -20.9251287 ], [ -48.6635881, -20.9251353 ] ] ] } },
{ "type": "Feature", "properties": { "comp_m": 476.95 }, "geometry": { "type": "MultiLineString", "coordinates": [ [ [ -48.659959, -20.9225101 ], [ -48.6599709, -20.9225236 ], [ -48.6599777, -20.9225291 ], [ -48.6600139, -20.9225556 ], [ -48.6601637, -20.9226728 ], [ -48.6603229, -20.9227905 ], [ -48.6605788, -20.922972 ], [ -48.6607371, -20.9230916 ], [ -48.6610587, -20.92332 ], [ -48.6614071, -20.9235746 ], [ -48.6615609, -20.9236828 ], [ -48.6616039, -20.923716 ], [ -48.6622314, -20.9241647 ], [ -48.6625791, -20.9244208 ], [ -48.6626744, -20.9244877 ], [ -48.6627758, -20.9245622 ], [ -48.662849, -20.9246139 ], [ -48.6630738, -20.9247788 ], [ -48.6632713, -20.9249187 ], [ -48.6634671, -20.9250623 ], [ -48.663562, -20.92513 ], [ -48.6635754, -20.9251423 ], [ -48.6635797, -20.9251486 ] ] ] } },
{ "type": "Feature", "properties": { "comp_m": 507.52 }, "geometry": { "type": "MultiLineString", "coordinates": [ [ [ -48.6597789, -20.9222526 ], [ -48.6597846, -20.9222539 ], [ -48.6597919, -20.922259 ], [ -48.6598768, -20.9223277 ], [ -48.6599346, -20.9223709 ], [ -48.6600556, -20.9224668 ], [ -48.6602565, -20.9226209 ], [ -48.6606351, -20.9228953 ], [ -48.6608234, -20.9230346 ], [ -48.6609475, -20.9231237 ], [ -48.6610139, -20.9231692 ], [ -48.6611082, -20.9232385 ], [ -48.6611815, -20.9232903 ], [ -48.6613335, -20.9234029 ], [ -48.6614654, -20.9234962 ], [ -48.6615525, -20.9235601 ], [ -48.6615737, -20.9235772 ], [ -48.6617349, -20.9236912 ], [ -48.661771, -20.9237182 ], [ -48.6618887, -20.9238001 ], [ -48.6620119, -20.923891 ], [ -48.6620929, -20.9239469 ], [ -48.6621728, -20.9240054 ], [ -48.6622611, -20.9240667 ], [ -48.6626091, -20.9243231 ], [ -48.6628865, -20.9245221 ], [ -48.6630386, -20.9246346 ], [ -48.6631845, -20.9247397 ], [ -48.6632655, -20.9247956 ], [ -48.6633593, -20.9248662 ], [ -48.6634913, -20.924959 ], [ -48.6635346, -20.9249915 ], [ -48.6635864, -20.9250262 ] ] ] } },
{ "type": "Feature", "properties": { "comp_m": 483.68 }, "geometry": { "type": "MultiLineString", "coordinates": [ [ [ -48.6599065, -20.922437 ], [ -48.6599174, -20.9224437 ], [ -48.6599342, -20.9224582 ], [ -48.6599483, -20.92247 ], [ -48.6599701, -20.9224859 ], [ -48.6600124, -20.9225204 ], [ -48.6601059, -20.9225913 ], [ -48.6601912, -20.9226591 ], [ -48.6602705, -20.9227185 ], [ -48.6603724, -20.9227923 ], [ -48.660534, -20.9229048 ], [ -48.6606345, -20.9229815 ], [ -48.6607579, -20.9230719 ], [ -48.6608891, -20.9231662 ], [ -48.6610066, -20.9232482 ], [ -48.6616174, -20.9236916 ], [ -48.6622087, -20.9241142 ], [ -48.6624265, -20.9242733 ], [ -48.6625565, -20.9243703 ], [ -48.6626299, -20.9244217 ], [ -48.6628187, -20.9245594 ], [ -48.6629138, -20.9246268 ], [ -48.6629858, -20.9246812 ], [ -48.6630949, -20.9247604 ], [ -48.6631834, -20.9248211 ], [ -48.6634884, -20.9250437 ], [ -48.6635836, -20.9251106 ] ] ] } },
{ "type": "Feature", "properties": { "comp_m": 511.76 }, "geometry": { "type": "MultiLineString", "coordinates": [ [ [ -48.6597532, -20.922214 ], [ -48.6597554, -20.9222149 ], [ -48.6597915, -20.9222419 ], [ -48.6600979, -20.9224824 ], [ -48.660299, -20.9226359 ], [ -48.6606772, -20.9229102 ], [ -48.6607506, -20.9229615 ], [ -48.660844, -20.9230325 ], [ -48.6610341, -20.9231674 ], [ -48.6611212, -20.9232312 ], [ -48.6611948, -20.923282 ], [ -48.6613391, -20.9233901 ], [ -48.6613983, -20.92343 ], [ -48.6616448, -20.9236113 ], [ -48.6619229, -20.9238079 ], [ -48.6620678, -20.9239146 ], [ -48.6621416, -20.9239652 ], [ -48.6622069, -20.924013 ], [ -48.6622734, -20.9240581 ], [ -48.6626064, -20.9243043 ], [ -48.6628691, -20.9244922 ], [ -48.6631009, -20.9246632 ], [ -48.6631233, -20.9246777 ], [ -48.6631445, -20.9246948 ], [ -48.6632844, -20.9247913 ], [ -48.6633707, -20.9248569 ], [ -48.6634297, -20.9248973 ], [ -48.6635386, -20.9249768 ], [ -48.6635828, -20.9250072 ] ] ] } },
{ "type": "Feature", "properties": { "comp_m": 517.3 }, "geometry": { "type": "MultiLineString", "coordinates": [ [ [ -48.6596615, -20.9221133 ], [ -48.6596665, -20.9221204 ], [ -48.659692, -20.9221471 ], [ -48.6597208, -20.9221683 ], [ -48.6597485, -20.9221923 ], [ -48.6601416, -20.9224984 ], [ -48.6602284, -20.922563 ], [ -48.6602851, -20.9226085 ], [ -48.6604083, -20.9226993 ], [ -48.6605983, -20.9228349 ], [ -48.660707, -20.9229151 ], [ -48.6607367, -20.922935 ], [ -48.6607579, -20.9229521 ], [ -48.6609178, -20.9230688 ], [ -48.6610207, -20.9231405 ], [ -48.6611517, -20.9232356 ], [ -48.6611961, -20.9232657 ], [ -48.6613554, -20.9233835 ], [ -48.6616254, -20.9235773 ], [ -48.6617342, -20.9236574 ], [ -48.6619026, -20.9237766 ], [ -48.6620773, -20.9239032 ], [ -48.6622974, -20.9240578 ], [ -48.6626597, -20.9243251 ], [ -48.662937, -20.9245241 ], [ -48.6630746, -20.9246259 ], [ -48.6631175, -20.9246593 ], [ -48.6632944, -20.9247812 ], [ -48.6633737, -20.9248408 ], [ -48.6634399, -20.9248868 ], [ -48.6635488, -20.9249666 ], [ -48.6635785, -20.9249864 ] ] ] } },
{ "type": "Feature", "properties": { "comp_m": 522.37 }, "geometry": { "type": "MultiLineString", "coordinates": [ [ [ -48.65962, -20.922068 ], [ -48.6596534, -20.9220993 ], [ -48.6596761, -20.9221133 ], [ -48.6597319, -20.9221607 ], [ -48.6598242, -20.922234 ], [ -48.6599028, -20.9222951 ], [ -48.6599537, -20.9223322 ], [ -48.6600027, -20.9223728 ], [ -48.6600675, -20.9224219 ], [ -48.6601169, -20.9224616 ], [ -48.6602395, -20.9225537 ], [ -48.6603035, -20.9226046 ], [ -48.6604049, -20.9226795 ], [ -48.6606386, -20.9228469 ], [ -48.6607475, -20.9229267 ], [ -48.6607687, -20.9229439 ], [ -48.6608707, -20.9230175 ], [ -48.6610832, -20.9231677 ], [ -48.6611557, -20.9232211 ], [ -48.6612802, -20.9233091 ], [ -48.6613888, -20.9233897 ], [ -48.6616367, -20.9235677 ], [ -48.6617307, -20.9236378 ], [ -48.6618042, -20.9236889 ], [ -48.6618402, -20.9237161 ], [ -48.6620526, -20.9238663 ], [ -48.6622277, -20.9239923 ], [ -48.6623014, -20.924043 ], [ -48.662504, -20.9241937 ], [ -48.6625989, -20.9242616 ], [ -48.6627294, -20.9243578 ], [ -48.6628758, -20.9244617 ], [ -48.6630642, -20.9246009 ], [ -48.6630646, -20.924601 ], [ -48.6631456, -20.9246609 ], [ -48.6633323, -20.9247915 ], [ -48.6635764, -20.924969 ] ] ] } },
{ "type": "Feature", "properties": { "comp_m": 582.67 }, "geometry": { "type": "MultiLineString", "coordinates": [ [ [ -48.6599831, -20.9225483 ], [ -48.6599961, -20.9225607 ], [ -48.6600112, -20.9225702 ], [ -48.6600392, -20.9225937 ], [ -48.6602186, -20.922731 ], [ -48.6604441, -20.9228943 ], [ -48.6605615, -20.9229764 ], [ -48.6607418, -20.9231118 ], [ -48.6610341, -20.9233197 ], [ -48.661347, -20.9235464 ], [ -48.6614046, -20.9235898 ], [ -48.6614994, -20.923658 ], [ -48.6615437, -20.9236881 ], [ -48.6616304, -20.9237527 ], [ -48.6618061, -20.9238768 ], [ -48.6620245, -20.9240346 ], [ -48.662222, -20.9241747 ], [ -48.6623086, -20.9242395 ], [ -48.6623819, -20.9242909 ], [ -48.6624392, -20.924335 ], [ -48.662505, -20.9243819 ], [ -48.662577, -20.9244363 ], [ -48.6628324, -20.9246184 ], [ -48.6628899, -20.9246621 ], [ -48.6630715, -20.9247944 ], [ -48.6632621, -20.9249285 ], [ -48.6633341, -20.9249829 ], [ -48.6635454, -20.925135 ], [ -48.6635598, -20.9251459 ], [ -48.6635722, -20.9251591 ] ] ] } },
{ "type": "Feature", "properties": { "comp_m": 472.72 }, "geometry": { "type": "MultiLineString", "coordinates": [ [ [ -48.6600058, -20.9225831 ], [ -48.6600136, -20.9225904 ], [ -48.660049, -20.9226186 ], [ -48.6602286, -20.9227555 ], [ -48.6604038, -20.9228811 ], [ -48.6604761, -20.9229347 ], [ -48.6605643, -20.9229962 ], [ -48.6607158, -20.9231099 ], [ -48.661132, -20.9234075 ], [ -48.6615972, -20.9237462 ], [ -48.6616927, -20.9238128 ], [ -48.6622182, -20.9241893 ], [ -48.6623638, -20.9242949 ], [ -48.6625518, -20.9244346 ], [ -48.6628, -20.9246124 ], [ -48.6629591, -20.9247305 ], [ -48.6630756, -20.9248147 ], [ -48.6632517, -20.9249382 ], [ -48.6633164, -20.9249875 ], [ -48.6635348, -20.9251456 ], [ -48.6635561, -20.9251625 ], [ -48.663562, -20.9251694 ] ] ] } },
{ "type": "Feature", "properties": { "comp_m": 557.62 }, "geometry": { "type": "MultiLineString", "coordinates": [ [ [ -48.659365, -20.9217854 ], [ -48.6593909, -20.9218108 ], [ -48.6594623, -20.9218922 ], [ -48.6594892, -20.9219171 ], [ -48.6595034, -20.9219285 ], [ -48.6595256, -20.9219434 ], [ -48.6596397, -20.9220327 ], [ -48.6597813, -20.9221466 ], [ -48.6600035, -20.922317 ], [ -48.6600528, -20.9223575 ], [ -48.6601892, -20.9224614 ], [ -48.6602738, -20.9225299 ], [ -48.6605061, -20.9226994 ], [ -48.6605652, -20.9227396 ], [ -48.6607031, -20.9228403 ], [ -48.6607243, -20.9228576 ], [ -48.660775, -20.9228949 ], [ -48.660964, -20.923032 ], [ -48.6611032, -20.92313 ], [ -48.6611682, -20.9231786 ], [ -48.6613366, -20.9232972 ], [ -48.6614305, -20.9233671 ], [ -48.6615255, -20.9234347 ], [ -48.6615757, -20.9234732 ], [ -48.6616928, -20.9235559 ], [ -48.6617577, -20.9236046 ], [ -48.6618023, -20.9236341 ], [ -48.661853, -20.9236715 ], [ -48.6619848, -20.9237645 ], [ -48.6620716, -20.9238287 ], [ -48.6622623, -20.9239622 ], [ -48.6624072, -20.9240689 ], [ -48.6624659, -20.9241098 ], [ -48.6625662, -20.9241871 ], [ -48.6625956, -20.9242074 ], [ -48.6626313, -20.9242346 ], [ -48.6628073, -20.924358 ], [ -48.6631257, -20.9245933 ], [ -48.6632788, -20.9247031 ], [ -48.663367, -20.9247645 ], [ -48.6634464, -20.9248238 ], [ -48.6635123, -20.9248701 ], [ -48.6635147, -20.9248712 ] ] ] } },
{ "type": "Feature", "properties": { "comp_m": 536.33 }, "geometry": { "type": "MultiLineString", "coordinates": [ [ [ -48.6595812, -20.9220215 ], [ -48.659609, -20.9220472 ], [ -48.6596311, -20.9220625 ], [ -48.6596593, -20.9220856 ], [ -48.6596957, -20.9221119 ], [ -48.6597516, -20.9221591 ], [ -48.6599085, -20.9222822 ], [ -48.659967, -20.9223237 ], [ -48.6600371, -20.9223817 ], [ -48.6602094, -20.9225126 ], [ -48.6603234, -20.9226024 ], [ -48.6604469, -20.9226923 ], [ -48.6606225, -20.9228168 ], [ -48.6608759, -20.9230042 ], [ -48.6610812, -20.9231486 ], [ -48.6611462, -20.9231971 ], [ -48.6613002, -20.9233053 ], [ -48.6613939, -20.9233758 ], [ -48.6614454, -20.9234116 ], [ -48.6615393, -20.9234816 ], [ -48.6616711, -20.9235747 ], [ -48.6617581, -20.9236388 ], [ -48.6619629, -20.9237841 ], [ -48.6621376, -20.9239106 ], [ -48.6623283, -20.9240446 ], [ -48.6625234, -20.9241899 ], [ -48.6626039, -20.9242469 ], [ -48.662683, -20.924307 ], [ -48.6627642, -20.9243624 ], [ -48.6629605, -20.9245054 ], [ -48.6631484, -20.9246452 ], [ -48.6633027, -20.9247528 ], [ -48.6634261, -20.9248431 ], [ -48.6635432, -20.9249261 ], [ -48.6635573, -20.9249376 ] ] ] } },
{ "type": "Feature", "properties": { "comp_m": 526.61 }, "geometry": { "type": "MultiLineString", "coordinates": [ [ [ -48.6595103, -20.9219475 ], [ -48.6595257, -20.9219612 ], [ -48.6597055, -20.9221025 ], [ -48.6597618, -20.9221488 ], [ -48.6599043, -20.9222609 ], [ -48.6599697, -20.9223084 ], [ -48.6600188, -20.9223493 ], [ -48.6600758, -20.9223942 ], [ -48.6602267, -20.9225088 ], [ -48.6602978, -20.9225652 ], [ -48.6603847, -20.9226294 ], [ -48.6606694, -20.9228329 ], [ -48.6607123, -20.9228661 ], [ -48.6608936, -20.9229993 ], [ -48.6610843, -20.923133 ], [ -48.6611783, -20.9232028 ], [ -48.6613027, -20.9232907 ], [ -48.6615784, -20.9234927 ], [ -48.661681, -20.923565 ], [ -48.6617534, -20.9236185 ], [ -48.6618052, -20.9236535 ], [ -48.6618483, -20.9236863 ], [ -48.6619729, -20.9237738 ], [ -48.6621183, -20.9238796 ], [ -48.6623378, -20.9240344 ], [ -48.6624611, -20.9241248 ], [ -48.6625255, -20.9241746 ], [ -48.6625912, -20.9242215 ], [ -48.6626706, -20.9242809 ], [ -48.6627885, -20.9243621 ], [ -48.6631872, -20.9246552 ], [ -48.6633047, -20.9247371 ], [ -48.6634353, -20.9248329 ], [ -48.6635236, -20.924894 ], [ -48.663545, -20.9249107 ], [ -48.6635529, -20.9249146 ] ] ] } },
{ "type": "Feature", "properties": { "comp_m": 464.33 }, "geometry": { "type": "MultiLineString", "coordinates": [ [ [ -48.6600189, -20.9226106 ], [ -48.6600324, -20.9226234 ], [ -48.6600682, -20.9226511 ], [ -48.6602196, -20.9227653 ], [ -48.6603946, -20.9228915 ], [ -48.6604596, -20.9229402 ], [ -48.6605478, -20.9230017 ], [ -48.6607505, -20.9231521 ], [ -48.6611817, -20.9234602 ], [ -48.6615889, -20.923757 ], [ -48.6616553, -20.9238028 ], [ -48.6617133, -20.9238454 ], [ -48.6619843, -20.9240374 ], [ -48.6621076, -20.9241283 ], [ -48.6623052, -20.9242686 ], [ -48.6625441, -20.924446 ], [ -48.6627996, -20.9246293 ], [ -48.6629008, -20.9247049 ], [ -48.6629376, -20.9247303 ], [ -48.663061, -20.924821 ], [ -48.6632224, -20.9249344 ], [ -48.6634985, -20.9251365 ], [ -48.6635484, -20.925175 ] ] ] } },
{ "type": "Feature", "properties": { "comp_m": 460.08 }, "geometry": { "type": "MultiLineString", "coordinates": [ [ [ -48.6600433, -20.9226458 ], [ -48.6600627, -20.9226646 ], [ -48.6601995, -20.9227679 ], [ -48.6604464, -20.9229477 ], [ -48.6605346, -20.923009 ], [ -48.6606364, -20.9230831 ], [ -48.6607443, -20.923165 ], [ -48.6609347, -20.9232995 ], [ -48.661117, -20.9234305 ], [ -48.6613787, -20.9236209 ], [ -48.6614291, -20.9236591 ], [ -48.6615099, -20.9237154 ], [ -48.6617286, -20.9238729 ], [ -48.6618168, -20.9239343 ], [ -48.6620566, -20.924109 ], [ -48.6622836, -20.9242695 ], [ -48.6625, -20.9244319 ], [ -48.6628284, -20.9246673 ], [ -48.6629002, -20.9247221 ], [ -48.6629374, -20.9247467 ], [ -48.6630387, -20.9248218 ], [ -48.6632, -20.9249352 ], [ -48.6633889, -20.9250729 ], [ -48.6634465, -20.9251166 ], [ -48.6635049, -20.9251584 ], [ -48.6635392, -20.9251879 ] ] ] } },
{ "type": "Feature", "properties": { "comp_m": 456.61 }, "geometry": { "type": "MultiLineString", "coordinates": [ [ [ -48.6600586, -20.9226744 ], [ -48.6600779, -20.9226941 ], [ -48.660093, -20.9227032 ], [ -48.6601069, -20.9227154 ], [ -48.6601786, -20.9227704 ], [ -48.6603829, -20.9229174 ], [ -48.660448, -20.9229659 ], [ -48.6605652, -20.9230488 ], [ -48.6607459, -20.9231836 ], [ -48.6610972, -20.9234331 ], [ -48.661322, -20.9235986 ], [ -48.661454, -20.9236917 ], [ -48.6615409, -20.9237561 ], [ -48.6617971, -20.9239379 ], [ -48.6621323, -20.9241802 ], [ -48.6622715, -20.9242785 ], [ -48.6624882, -20.9244406 ], [ -48.6628169, -20.9246759 ], [ -48.6628809, -20.924726 ], [ -48.6629326, -20.9247614 ], [ -48.6630781, -20.9248673 ], [ -48.6631591, -20.9249233 ], [ -48.6632467, -20.9249863 ], [ -48.6634495, -20.9251364 ], [ -48.6634862, -20.9251621 ], [ -48.663515, -20.9251841 ], [ -48.6635281, -20.9251969 ] ] ] } },
{ "type": "Feature", "properties": { "comp_m": 452.08 }, "geometry": { "type": "MultiLineString", "coordinates": [ [ [ -48.6600827, -20.9227115 ], [ -48.660101, -20.9227313 ], [ -48.6606038, -20.9230943 ], [ -48.66069, -20.9231601 ], [ -48.6607994, -20.923239 ], [ -48.6609537, -20.9233468 ], [ -48.6612949, -20.9235969 ], [ -48.6614416, -20.9237001 ], [ -48.661506, -20.9237501 ], [ -48.6617116, -20.9238941 ], [ -48.6620765, -20.9241563 ], [ -48.6621197, -20.924189 ], [ -48.6622299, -20.9242661 ], [ -48.6624398, -20.9244219 ], [ -48.6626802, -20.9245958 ], [ -48.6626808, -20.9245955 ], [ -48.6628137, -20.9246911 ], [ -48.6628858, -20.9247479 ], [ -48.6629456, -20.9247887 ], [ -48.6630265, -20.9248478 ], [ -48.6631971, -20.9249681 ], [ -48.6633878, -20.9251088 ], [ -48.6634838, -20.9251778 ], [ -48.6635201, -20.9252057 ] ] ] } },
{ "type": "Feature", "properties": { "comp_m": 442.18 }, "geometry": { "type": "MultiLineString", "coordinates": [ [ [ -48.6601433, -20.9228092 ], [ -48.6601622, -20.922828 ], [ -48.6601705, -20.9228311 ], [ -48.6601845, -20.9228429 ], [ -48.6604035, -20.9230002 ], [ -48.6605339, -20.923097 ], [ -48.660644, -20.9231743 ], [ -48.660774, -20.9232717 ], [ -48.6609136, -20.9233694 ], [ -48.6609856, -20.9234242 ], [ -48.6613149, -20.9236586 ], [ -48.6614087, -20.9237291 ], [ -48.6616431, -20.9238954 ], [ -48.6617298, -20.9239602 ], [ -48.6618109, -20.9240162 ], [ -48.6619343, -20.9241069 ], [ -48.6619641, -20.9241266 ], [ -48.662059, -20.9241948 ], [ -48.6620804, -20.9242116 ], [ -48.6622342, -20.9243208 ], [ -48.6623937, -20.9244384 ], [ -48.6624295, -20.9244663 ], [ -48.6625906, -20.9245807 ], [ -48.6627728, -20.9247126 ], [ -48.6629323, -20.9248304 ], [ -48.6632027, -20.9250237 ], [ -48.6633405, -20.9251255 ], [ -48.6634284, -20.9251878 ], [ -48.6634909, -20.9252343 ] ] ] } },
{ "type": "Feature", "properties": { "comp_m": 444.33 }, "geometry": { "type": "MultiLineString", "coordinates": [ [ [ -48.6601214, -20.922779 ], [ -48.6601426, -20.9227964 ], [ -48.6601576, -20.9228057 ], [ -48.6602296, -20.9228595 ], [ -48.6603394, -20.922937 ], [ -48.6605207, -20.9230698 ], [ -48.6605935, -20.9231222 ], [ -48.6606525, -20.9231626 ], [ -48.6607677, -20.9232495 ], [ -48.6609068, -20.9233476 ], [ -48.6610223, -20.9234338 ], [ -48.6610886, -20.9234794 ], [ -48.6612847, -20.9236222 ], [ -48.6613361, -20.923658 ], [ -48.6614155, -20.9237173 ], [ -48.6615543, -20.9238162 ], [ -48.6616132, -20.9238566 ], [ -48.6617508, -20.9239582 ], [ -48.6620139, -20.9241451 ], [ -48.6621662, -20.9242565 ], [ -48.6622688, -20.9243286 ], [ -48.6624566, -20.9244685 ], [ -48.6627773, -20.9246987 ], [ -48.6628492, -20.9247534 ], [ -48.6629079, -20.9247944 ], [ -48.6629875, -20.9248531 ], [ -48.6630899, -20.9249256 ], [ -48.6631623, -20.924979 ], [ -48.6632139, -20.9250144 ], [ -48.6633801, -20.9251379 ], [ -48.6634971, -20.9252208 ], [ -48.6635035, -20.9252272 ] ] ] } },
{ "type": "Feature", "properties": { "comp_m": 437.51 }, "geometry": { "type": "MultiLineString", "coordinates": [ [ [ -48.6601627, -20.9228398 ], [ -48.6601679, -20.9228468 ], [ -48.6601816, -20.9228582 ], [ -48.6604587, -20.9230572 ], [ -48.6605163, -20.9231009 ], [ -48.6605607, -20.923131 ], [ -48.6606263, -20.9231783 ], [ -48.6607635, -20.9232808 ], [ -48.6609104, -20.9233835 ], [ -48.6612595, -20.9236374 ], [ -48.6612891, -20.9236574 ], [ -48.6613612, -20.9237117 ], [ -48.6616536, -20.9239199 ], [ -48.6617113, -20.9239634 ], [ -48.6618068, -20.9240301 ], [ -48.6619304, -20.9241201 ], [ -48.6622152, -20.9243237 ], [ -48.6623746, -20.9244413 ], [ -48.6624174, -20.924475 ], [ -48.6625858, -20.9245942 ], [ -48.662586, -20.9245948 ], [ -48.6628727, -20.9248037 ], [ -48.6631015, -20.9249677 ], [ -48.6634325, -20.925208 ], [ -48.6634815, -20.9252462 ] ] ] } },
{ "type": "Feature", "properties": { "comp_m": 433.84 }, "geometry": { "type": "MultiLineString", "coordinates": [ [ [ -48.6601845, -20.9228771 ], [ -48.6601914, -20.9228831 ], [ -48.6602067, -20.9228921 ], [ -48.6602426, -20.9229177 ], [ -48.660512, -20.9231139 ], [ -48.6606365, -20.9232027 ], [ -48.6607814, -20.9233102 ], [ -48.6609796, -20.9234499 ], [ -48.661103, -20.9235408 ], [ -48.6612857, -20.923672 ], [ -48.6614166, -20.9237679 ], [ -48.6621114, -20.9242649 ], [ -48.662257, -20.9243711 ], [ -48.6624308, -20.9245004 ], [ -48.6625037, -20.9245532 ], [ -48.6625628, -20.9245939 ], [ -48.6625632, -20.9245942 ], [ -48.6626067, -20.9246272 ], [ -48.6627321, -20.9247167 ], [ -48.6629664, -20.9248885 ], [ -48.6631069, -20.9249877 ], [ -48.6634005, -20.9252011 ], [ -48.6634659, -20.9252505 ], [ -48.6634728, -20.9252571 ] ] ] } },
{ "type": "Feature", "properties": { "comp_m": 429.77 }, "geometry": { "type": "MultiLineString", "coordinates": [ [ [ -48.6602361, -20.9229302 ], [ -48.6602587, -20.9229489 ], [ -48.660274, -20.9229579 ], [ -48.6604782, -20.9231051 ], [ -48.6605792, -20.9231812 ], [ -48.6606458, -20.9232264 ], [ -48.6607834, -20.9233283 ], [ -48.6609813, -20.9234682 ], [ -48.6611847, -20.9236172 ], [ -48.6612727, -20.9236792 ], [ -48.6613159, -20.9237119 ], [ -48.6614835, -20.9238333 ], [ -48.6615791, -20.9238999 ], [ -48.661761, -20.9240324 ], [ -48.6618932, -20.9241249 ], [ -48.6619585, -20.9241729 ], [ -48.6621051, -20.9242767 ], [ -48.6623371, -20.9244479 ], [ -48.6623957, -20.9244893 ], [ -48.6625044, -20.9245699 ], [ -48.6625635, -20.9246103 ], [ -48.6625846, -20.9246278 ], [ -48.6627744, -20.9247642 ], [ -48.6629192, -20.9248715 ], [ -48.6629923, -20.9249239 ], [ -48.6631248, -20.9250158 ], [ -48.6632041, -20.9250757 ], [ -48.6633789, -20.9252024 ], [ -48.6634652, -20.9252667 ] ] ] } },
{ "type": "Feature", "properties": { "comp_m": 421.77 }, "geometry": { "type": "MultiLineString", "coordinates": [ [ [ -48.6602718, -20.9229739 ], [ -48.6602731, -20.922975 ], [ -48.6603757, -20.923048 ], [ -48.6605712, -20.9231936 ], [ -48.6606601, -20.9232539 ], [ -48.6607538, -20.9233249 ], [ -48.6609593, -20.9234698 ], [ -48.6614694, -20.9238402 ], [ -48.6621569, -20.9243321 ], [ -48.66236, -20.9244824 ], [ -48.6625132, -20.9245932 ], [ -48.6625136, -20.9245933 ], [ -48.6629401, -20.9249035 ], [ -48.6631032, -20.9250183 ], [ -48.6634564, -20.9252778 ] ] ] } },
{ "type": "Feature", "properties": { "comp_m": 425.59 }, "geometry": { "type": "MultiLineString", "coordinates": [ [ [ -48.6602833, -20.9229987 ], [ -48.6603302, -20.923032 ], [ -48.6605693, -20.9232092 ], [ -48.6606504, -20.9232651 ], [ -48.6607224, -20.9233198 ], [ -48.661008, -20.9235224 ], [ -48.6614372, -20.9238352 ], [ -48.6617367, -20.9240498 ], [ -48.6619127, -20.9241739 ], [ -48.6620581, -20.9242802 ], [ -48.6621537, -20.9243469 ], [ -48.6624727, -20.9245825 ], [ -48.6625754, -20.9246548 ], [ -48.6629097, -20.9248994 ], [ -48.6629973, -20.9249624 ], [ -48.6630786, -20.925018 ], [ -48.6632896, -20.9251716 ], [ -48.6633689, -20.9252315 ], [ -48.6634346, -20.9252788 ], [ -48.6634469, -20.9252898 ] ] ] } },
{ "type": "Feature", "properties": { "comp_m": 420.15 }, "geometry": { "type": "MultiLineString", "coordinates": [ [ [ -48.6602915, -20.9230201 ], [ -48.6603185, -20.9230397 ], [ -48.6605572, -20.923218 ], [ -48.6606456, -20.9232794 ], [ -48.6607179, -20.9233336 ], [ -48.6609964, -20.9235313 ], [ -48.6610614, -20.9235801 ], [ -48.6611495, -20.9236421 ], [ -48.6613746, -20.9238078 ], [ -48.661499, -20.9238966 ], [ -48.6615424, -20.9239291 ], [ -48.661587, -20.9239589 ], [ -48.661733, -20.9240641 ], [ -48.6619092, -20.9241882 ], [ -48.6619812, -20.924243 ], [ -48.6621501, -20.9243618 ], [ -48.6624619, -20.9245928 ], [ -48.6624623, -20.9245929 ], [ -48.6626462, -20.9247233 ], [ -48.6629161, -20.9249211 ], [ -48.6630856, -20.9250404 ], [ -48.6631728, -20.9251053 ], [ -48.663261, -20.9251682 ], [ -48.6634214, -20.9252862 ], [ -48.6634352, -20.9252979 ], [ -48.6634376, -20.9253014 ] ] ] } },
{ "type": "Feature", "properties": { "comp_m": 416.36 }, "geometry": { "type": "MultiLineString", "coordinates": [ [ [ -48.6603008, -20.9230454 ], [ -48.660354, -20.9230826 ], [ -48.6605492, -20.9232286 ], [ -48.6607317, -20.92336 ], [ -48.6609371, -20.923505 ], [ -48.6610603, -20.9235963 ], [ -48.661134, -20.9236472 ], [ -48.6612862, -20.9237599 ], [ -48.6614905, -20.9239073 ], [ -48.6615554, -20.9239565 ], [ -48.6616221, -20.9240014 ], [ -48.6616881, -20.9240481 ], [ -48.6619004, -20.9241993 ], [ -48.6619795, -20.9242598 ], [ -48.662134, -20.9243675 ], [ -48.6624383, -20.9245924 ], [ -48.6624387, -20.9245928 ], [ -48.6626593, -20.9247505 ], [ -48.6628563, -20.9248956 ], [ -48.663048, -20.9250311 ], [ -48.6631429, -20.9251011 ], [ -48.6632313, -20.9251636 ], [ -48.6633477, -20.9252503 ], [ -48.6634069, -20.9252922 ], [ -48.6634271, -20.9253099 ], [ -48.663429, -20.9253123 ] ] ] } },
{ "type": "Feature", "properties": { "comp_m": 452.72 }, "geometry": { "type": "MultiLineString", "coordinates": [ [ [ -48.6603211, -20.9230767 ], [ -48.6603288, -20.9230812 ], [ -48.6605906, -20.9232748 ], [ -48.6608397, -20.9234535 ], [ -48.660921, -20.92351 ], [ -48.6610006, -20.9235699 ], [ -48.6611257, -20.9236582 ], [ -48.6613149, -20.9237977 ], [ -48.6613666, -20.9238337 ], [ -48.661498, -20.9239294 ], [ -48.661931, -20.9242383 ], [ -48.6619818, -20.9242757 ], [ -48.6619872, -20.9242826 ], [ -48.6619868, -20.9242824 ], [ -48.6620026, -20.9242905 ], [ -48.6621057, -20.9243638 ], [ -48.6624487, -20.9246163 ], [ -48.66253, -20.9246734 ], [ -48.6625589, -20.9246955 ], [ -48.6627278, -20.9248169 ], [ -48.6628438, -20.9249037 ], [ -48.6630946, -20.9250807 ], [ -48.66316, -20.9251297 ], [ -48.6634019, -20.9253053 ], [ -48.6634154, -20.9253173 ], [ -48.6634201, -20.9253236 ], [ -48.6634262, -20.9253318 ] ] ] } },
{ "type": "Feature", "properties": { "comp_m": 409.22 }, "geometry": { "type": "MultiLineString", "coordinates": [ [ [ -48.6603164, -20.9230892 ], [ -48.6603258, -20.923098 ], [ -48.6603336, -20.923102 ], [ -48.6603765, -20.9231356 ], [ -48.6603991, -20.9231498 ], [ -48.6604494, -20.9231882 ], [ -48.6605227, -20.9232403 ], [ -48.6605876, -20.9232893 ], [ -48.6610337, -20.9236081 ], [ -48.6611933, -20.9237258 ], [ -48.6614485, -20.9239104 ], [ -48.6614844, -20.923938 ], [ -48.6615137, -20.9239589 ], [ -48.6615511, -20.923983 ], [ -48.6619019, -20.9242344 ], [ -48.6619762, -20.9242841 ], [ -48.661985, -20.9242861 ], [ -48.6619825, -20.9242878 ], [ -48.6620484, -20.9243391 ], [ -48.662392, -20.9245915 ], [ -48.6623924, -20.9245918 ], [ -48.6627002, -20.9248132 ], [ -48.6628456, -20.9249211 ], [ -48.6631031, -20.9251034 ], [ -48.6633949, -20.9253174 ], [ -48.6634089, -20.9253295 ] ] ] } },
{ "type": "Feature", "properties": { "comp_m": 404.35 }, "geometry": { "type": "MultiLineString", "coordinates": [ [ [ -48.6603315, -20.9231153 ], [ -48.6603444, -20.9231281 ], [ -48.6603731, -20.9231504 ], [ -48.6604031, -20.9231698 ], [ -48.6605702, -20.9232935 ], [ -48.6609148, -20.9235394 ], [ -48.6609506, -20.9235672 ], [ -48.6610317, -20.9236239 ], [ -48.6613886, -20.9238854 ], [ -48.6614405, -20.9239208 ], [ -48.6614839, -20.9239534 ], [ -48.6616751, -20.9240882 ], [ -48.6618581, -20.9242196 ], [ -48.6619763, -20.9243011 ], [ -48.6620045, -20.924324 ], [ -48.6621364, -20.9244182 ], [ -48.6622085, -20.9244732 ], [ -48.6623685, -20.9245913 ], [ -48.6623688, -20.9245916 ], [ -48.6626696, -20.9248075 ], [ -48.6628592, -20.924947 ], [ -48.6631016, -20.92512 ], [ -48.6634052, -20.9253423 ] ] ] } },
{ "type": "Feature", "properties": { "comp_m": 400.29 }, "geometry": { "type": "MultiLineString", "coordinates": [ [ [ -48.6603727, -20.9231644 ], [ -48.6603729, -20.9231645 ], [ -48.660554, -20.9232996 ], [ -48.6608539, -20.9235152 ], [ -48.6609129, -20.9235562 ], [ -48.660949, -20.9235837 ], [ -48.6610736, -20.9236726 ], [ -48.6613287, -20.9238586 ], [ -48.6619592, -20.9243078 ], [ -48.6621272, -20.9244295 ], [ -48.662345, -20.9245909 ], [ -48.6623456, -20.9245907 ], [ -48.6624329, -20.9246552 ], [ -48.6626382, -20.9248023 ], [ -48.6628642, -20.924968 ], [ -48.6631064, -20.9251409 ], [ -48.6633762, -20.9253386 ], [ -48.6633958, -20.9253541 ] ] ] } },
{ "type": "Feature", "properties": { "comp_m": 395.03 }, "geometry": { "type": "MultiLineString", "coordinates": [ [ [ -48.6603902, -20.9232115 ], [ -48.6604034, -20.9232241 ], [ -48.6605994, -20.9233678 ], [ -48.6607024, -20.9234393 ], [ -48.6607602, -20.9234824 ], [ -48.6608419, -20.923537 ], [ -48.6609426, -20.9236135 ], [ -48.6610667, -20.9237023 ], [ -48.6611242, -20.9237463 ], [ -48.6612193, -20.9238137 ], [ -48.6612917, -20.9238675 ], [ -48.6615189, -20.9240276 ], [ -48.6615404, -20.9240442 ], [ -48.6618254, -20.9242477 ], [ -48.6621676, -20.9244955 ], [ -48.6622046, -20.9245205 ], [ -48.6622618, -20.9245649 ], [ -48.6623778, -20.9246505 ], [ -48.662626, -20.9248284 ], [ -48.6628802, -20.9250144 ], [ -48.6630048, -20.9251021 ], [ -48.6630622, -20.9251461 ], [ -48.6631648, -20.9252185 ], [ -48.6632739, -20.925298 ], [ -48.6633463, -20.9253515 ], [ -48.6633776, -20.925377 ] ] ] } },
{ "type": "Feature", "properties": { "comp_m": 398.65 }, "geometry": { "type": "MultiLineString", "coordinates": [ [ [ -48.6603823, -20.923189 ], [ -48.660384, -20.9231905 ], [ -48.6605136, -20.9232877 ], [ -48.6606961, -20.923418 ], [ -48.6607686, -20.9234713 ], [ -48.6608932, -20.9235589 ], [ -48.6611252, -20.9237294 ], [ -48.6613291, -20.9238764 ], [ -48.6614321, -20.9239478 ], [ -48.6616138, -20.9240798 ], [ -48.6618698, -20.9242613 ], [ -48.6620811, -20.9244137 ], [ -48.662269, -20.9245533 ], [ -48.6624435, -20.9246802 ], [ -48.6626405, -20.9248211 ], [ -48.6626908, -20.9248593 ], [ -48.6629309, -20.9250334 ], [ -48.663019, -20.9250948 ], [ -48.6630984, -20.9251541 ], [ -48.6632154, -20.9252372 ], [ -48.6633674, -20.9253496 ], [ -48.663381, -20.9253617 ] ] ] } },
{ "type": "Feature", "properties": { "comp_m": 394.29 }, "geometry": { "type": "MultiLineString", "coordinates": [ [ [ -48.6603969, -20.9232346 ], [ -48.6604061, -20.9232431 ], [ -48.6604278, -20.9232595 ], [ -48.6605876, -20.9233765 ], [ -48.6606983, -20.9234527 ], [ -48.6607416, -20.9234852 ], [ -48.6608004, -20.9235263 ], [ -48.6608379, -20.9235505 ], [ -48.6609312, -20.923622 ], [ -48.6610482, -20.9237056 ], [ -48.6612659, -20.9238658 ], [ -48.6616394, -20.9241309 ], [ -48.6617265, -20.924195 ], [ -48.6618436, -20.9242782 ], [ -48.6618868, -20.924311 ], [ -48.6619676, -20.9243676 ], [ -48.6621866, -20.9245251 ], [ -48.6623746, -20.9246655 ], [ -48.6626014, -20.924827 ], [ -48.6627389, -20.9249294 ], [ -48.6629207, -20.9250619 ], [ -48.6630674, -20.9251655 ], [ -48.6632053, -20.9252669 ], [ -48.6633659, -20.9253822 ] ] ] } },
{ "type": "Feature", "properties": { "comp_m": 387.74 }, "geometry": { "type": "MultiLineString", "coordinates": [ [ [ -48.6604131, -20.9232948 ], [ -48.6604136, -20.9232949 ], [ -48.6604481, -20.9233242 ], [ -48.6605496, -20.9233991 ], [ -48.6608428, -20.9236068 ], [ -48.6610168, -20.9237356 ], [ -48.6610757, -20.9237765 ], [ -48.6614472, -20.9240463 ], [ -48.6620183, -20.9244525 ], [ -48.6622865, -20.9246511 ], [ -48.6625422, -20.9248345 ], [ -48.6627595, -20.9249959 ], [ -48.6628399, -20.9250535 ], [ -48.6628994, -20.9250932 ], [ -48.6629209, -20.9251099 ], [ -48.6631617, -20.9252834 ], [ -48.6632194, -20.9253271 ], [ -48.663271, -20.9253627 ], [ -48.6633364, -20.9254107 ], [ -48.663338, -20.9254116 ] ] ] } },
{ "type": "Feature", "properties": { "comp_m": 391.49 }, "geometry": { "type": "MultiLineString", "coordinates": [ [ [ -48.6604034, -20.9232568 ], [ -48.6604959, -20.9233261 ], [ -48.6606198, -20.9234156 ], [ -48.6608252, -20.92356 ], [ -48.6609046, -20.9236196 ], [ -48.6610943, -20.9237558 ], [ -48.6611885, -20.9238255 ], [ -48.661429, -20.9239992 ], [ -48.6616555, -20.924161 ], [ -48.6616999, -20.9241912 ], [ -48.6619035, -20.9243395 ], [ -48.6620501, -20.924443 ], [ -48.662181, -20.9245383 ], [ -48.662369, -20.9246784 ], [ -48.662493, -20.9247676 ], [ -48.6625448, -20.9248028 ], [ -48.6627403, -20.9249476 ], [ -48.6630248, -20.9251523 ], [ -48.6630618, -20.9251774 ], [ -48.6631485, -20.9252421 ], [ -48.66336, -20.9253944 ] ] ] } },
{ "type": "Feature", "properties": { "comp_m": 387.29 }, "geometry": { "type": "MultiLineString", "coordinates": [ [ [ -48.6604095, -20.9232777 ], [ -48.6604156, -20.9232818 ], [ -48.6604874, -20.9233368 ], [ -48.6606335, -20.9234421 ], [ -48.6606633, -20.9234619 ], [ -48.6608172, -20.9235713 ], [ -48.660955, -20.9236735 ], [ -48.6611236, -20.9237935 ], [ -48.6614516, -20.9240321 ], [ -48.6618841, -20.9243396 ], [ -48.6620885, -20.9244873 ], [ -48.6622263, -20.9245896 ], [ -48.6622268, -20.9245896 ], [ -48.6624172, -20.9247293 ], [ -48.6625426, -20.9248185 ], [ -48.6628354, -20.9250336 ], [ -48.6629759, -20.9251327 ], [ -48.6633504, -20.9254041 ] ] ] } },
{ "type": "Feature", "properties": { "comp_m": 383.73 }, "geometry": { "type": "MultiLineString", "coordinates": [ [ [ -48.660415, -20.9233155 ], [ -48.6604186, -20.923317 ], [ -48.6604356, -20.9233335 ], [ -48.6604352, -20.9233336 ], [ -48.660443, -20.9233377 ], [ -48.6606175, -20.9234652 ], [ -48.6608377, -20.92362 ], [ -48.6609317, -20.9236903 ], [ -48.6610051, -20.9237419 ], [ -48.6611502, -20.9238489 ], [ -48.6613616, -20.9240018 ], [ -48.662013, -20.9244655 ], [ -48.6620994, -20.924531 ], [ -48.6624269, -20.9247694 ], [ -48.66247, -20.9248025 ], [ -48.6625517, -20.9248573 ], [ -48.6627612, -20.9250142 ], [ -48.6628864, -20.9251011 ], [ -48.663024, -20.9252032 ], [ -48.663156, -20.9252964 ], [ -48.6632136, -20.9253402 ], [ -48.6632726, -20.9253808 ], [ -48.6633304, -20.9254242 ] ] ] } },
{ "type": "Feature", "properties": { "comp_m": 380.62 }, "geometry": { "type": "MultiLineString", "coordinates": [ [ [ -48.6604285, -20.9233416 ], [ -48.660442, -20.9233537 ], [ -48.6604709, -20.9233757 ], [ -48.660617, -20.9234822 ], [ -48.6607648, -20.9235848 ], [ -48.6611079, -20.9238357 ], [ -48.6613275, -20.9239944 ], [ -48.6618052, -20.9243341 ], [ -48.6621564, -20.9245884 ], [ -48.6621567, -20.9245888 ], [ -48.6624778, -20.9248238 ], [ -48.6625811, -20.9248961 ], [ -48.662748, -20.925021 ], [ -48.6631076, -20.9252783 ], [ -48.6631949, -20.9253431 ], [ -48.6633267, -20.9254378 ] ] ] } },
{ "type": "Feature", "properties": { "comp_m": 382.54 }, "geometry": { "type": "MultiLineString", "coordinates": [ [ [ -48.6604181, -20.9233491 ], [ -48.6604215, -20.9233529 ], [ -48.6604622, -20.9233878 ], [ -48.6605576, -20.9234547 ], [ -48.6606151, -20.9234988 ], [ -48.6607627, -20.9236 ], [ -48.6612714, -20.9239717 ], [ -48.6617983, -20.9243461 ], [ -48.6619362, -20.9244473 ], [ -48.6621405, -20.9245942 ], [ -48.6623361, -20.924739 ], [ -48.6625114, -20.9248645 ], [ -48.6625631, -20.9248999 ], [ -48.662751, -20.9250403 ], [ -48.6628461, -20.925108 ], [ -48.6628819, -20.9251356 ], [ -48.6629118, -20.9251551 ], [ -48.6629923, -20.9252122 ], [ -48.6632613, -20.9254085 ], [ -48.6633117, -20.9254466 ], [ -48.6633147, -20.9254545 ] ] ] } },
{ "type": "Feature", "properties": { "comp_m": 380.77 }, "geometry": { "type": "MultiLineString", "coordinates": [ [ [ -48.6604204, -20.9233738 ], [ -48.6604205, -20.9233741 ], [ -48.6604568, -20.9234008 ], [ -48.6606099, -20.9235113 ], [ -48.6607058, -20.9235772 ], [ -48.6608301, -20.9236657 ], [ -48.6609386, -20.9237466 ], [ -48.6612442, -20.9239688 ], [ -48.6613175, -20.9240205 ], [ -48.6613607, -20.9240531 ], [ -48.6616101, -20.9242287 ], [ -48.6620038, -20.9245126 ], [ -48.6623304, -20.9247527 ], [ -48.6626082, -20.9249507 ], [ -48.6626873, -20.9250109 ], [ -48.6628403, -20.9251217 ], [ -48.6628761, -20.9251493 ], [ -48.6629426, -20.9251948 ], [ -48.6630887, -20.9252994 ], [ -48.6632918, -20.9254488 ], [ -48.6633054, -20.9254613 ] ] ] } },
{ "type": "Feature", "properties": { "comp_m": 376.86 }, "geometry": { "type": "MultiLineString", "coordinates": [ [ [ -48.6604331, -20.9233962 ], [ -48.6604382, -20.9234032 ], [ -48.6604516, -20.9234152 ], [ -48.6604594, -20.9234192 ], [ -48.6605833, -20.9235088 ], [ -48.6607887, -20.9236532 ], [ -48.6612174, -20.9239664 ], [ -48.661897, -20.924452 ], [ -48.6622894, -20.9247386 ], [ -48.6623252, -20.9247663 ], [ -48.662428, -20.9248384 ], [ -48.6625151, -20.9249023 ], [ -48.6625668, -20.9249377 ], [ -48.6626749, -20.9250192 ], [ -48.6629593, -20.9252242 ], [ -48.6630035, -20.9252547 ], [ -48.663265, -20.9254462 ], [ -48.6632872, -20.9254611 ], [ -48.6633007, -20.9254731 ] ] ] } },
{ "type": "Feature", "properties": { "comp_m": 374.72 }, "geometry": { "type": "MultiLineString", "coordinates": [ [ [ -48.6604322, -20.9234126 ], [ -48.6604366, -20.9234199 ], [ -48.6604433, -20.9234252 ], [ -48.6607585, -20.923649 ], [ -48.6612686, -20.9240205 ], [ -48.6613203, -20.924056 ], [ -48.661847, -20.9244339 ], [ -48.6619214, -20.9244837 ], [ -48.6619931, -20.9245394 ], [ -48.6620587, -20.9245871 ], [ -48.6620592, -20.9245872 ], [ -48.6623297, -20.9247863 ], [ -48.6628883, -20.9251888 ], [ -48.6632325, -20.9254404 ], [ -48.6632843, -20.9254767 ] ] ] } },
{ "type": "Feature", "properties": { "comp_m": 371.94 }, "geometry": { "type": "MultiLineString", "coordinates": [ [ [ -48.6604423, -20.9234429 ], [ -48.6604503, -20.9234463 ], [ -48.6605299, -20.9235049 ], [ -48.6607353, -20.9236491 ], [ -48.6609533, -20.9238083 ], [ -48.6610119, -20.9238495 ], [ -48.6610693, -20.9238936 ], [ -48.6612661, -20.9240355 ], [ -48.6614201, -20.9241438 ], [ -48.6618285, -20.9244374 ], [ -48.6619095, -20.9244935 ], [ -48.6619954, -20.92456 ], [ -48.6620835, -20.9246217 ], [ -48.6623007, -20.9247825 ], [ -48.6625125, -20.9249339 ], [ -48.66265, -20.9250359 ], [ -48.6627166, -20.9250811 ], [ -48.6629059, -20.9252182 ], [ -48.6629851, -20.9252775 ], [ -48.6632758, -20.9254892 ] ] ] } },
{ "type": "Feature", "properties": { "comp_m": 372.91 }, "geometry": { "type": "MultiLineString", "coordinates": [ [ [ -48.660444, -20.9234586 ], [ -48.6604799, -20.9234861 ], [ -48.6606336, -20.9235952 ], [ -48.6607294, -20.9236612 ], [ -48.6609033, -20.9237894 ], [ -48.6610062, -20.9238612 ], [ -48.6610631, -20.9239063 ], [ -48.6611359, -20.923959 ], [ -48.6614142, -20.9241557 ], [ -48.6616468, -20.924325 ], [ -48.6619029, -20.9245069 ], [ -48.6619743, -20.9245625 ], [ -48.6620846, -20.9246394 ], [ -48.6622871, -20.9247897 ], [ -48.662521, -20.9249565 ], [ -48.6626363, -20.9250434 ], [ -48.6626953, -20.9250839 ], [ -48.6627384, -20.9251167 ], [ -48.6629213, -20.9252465 ], [ -48.662979, -20.92529 ], [ -48.6632553, -20.925491 ], [ -48.6632626, -20.9254966 ], [ -48.6632671, -20.925504 ] ] ] } },
{ "type": "Feature", "properties": { "comp_m": 373.6 }, "geometry": { "type": "MultiLineString", "coordinates": [ [ [ -48.6604288, -20.9234673 ], [ -48.6604368, -20.9234707 ], [ -48.6604728, -20.9234979 ], [ -48.660532, -20.9235386 ], [ -48.6606123, -20.9235967 ], [ -48.6606937, -20.9236525 ], [ -48.6609046, -20.9238077 ], [ -48.6610007, -20.9238738 ], [ -48.6610506, -20.9239136 ], [ -48.6611012, -20.9239516 ], [ -48.661175, -20.9240027 ], [ -48.6613358, -20.9241187 ], [ -48.6615488, -20.9242694 ], [ -48.6616358, -20.9243341 ], [ -48.6618925, -20.9245167 ], [ -48.6619431, -20.9245549 ], [ -48.6619872, -20.924586 ], [ -48.6619876, -20.9245862 ], [ -48.6622574, -20.9247851 ], [ -48.6625144, -20.9249692 ], [ -48.6626088, -20.92504 ], [ -48.6627701, -20.9251564 ], [ -48.6628294, -20.9251973 ], [ -48.662954, -20.9252872 ], [ -48.6632095, -20.9254747 ], [ -48.6632488, -20.9255053 ] ] ] } },
{ "type": "Feature", "properties": { "comp_m": 371.43 }, "geometry": { "type": "MultiLineString", "coordinates": [ [ [ -48.660429, -20.923487 ], [ -48.6604377, -20.9234891 ], [ -48.6606278, -20.9236251 ], [ -48.6606798, -20.9236598 ], [ -48.6607447, -20.9237088 ], [ -48.6610219, -20.9239087 ], [ -48.6610938, -20.9239636 ], [ -48.6612335, -20.9240613 ], [ -48.6613569, -20.924152 ], [ -48.6615623, -20.9242969 ], [ -48.6616202, -20.9243399 ], [ -48.6618983, -20.924538 ], [ -48.6621017, -20.9246872 ], [ -48.6621445, -20.924721 ], [ -48.6621815, -20.9247461 ], [ -48.6622539, -20.9248 ], [ -48.6623495, -20.9248667 ], [ -48.6626912, -20.9251164 ], [ -48.6627793, -20.9251785 ], [ -48.6630853, -20.9254002 ], [ -48.6632374, -20.9255132 ], [ -48.6632408, -20.9255169 ] ] ] } },
{ "type": "Feature", "properties": { "comp_m": 368.62 }, "geometry": { "type": "MultiLineString", "coordinates": [ [ [ -48.6604303, -20.9235036 ], [ -48.6604387, -20.9235067 ], [ -48.6606294, -20.923643 ], [ -48.6606593, -20.9236627 ], [ -48.6608273, -20.923785 ], [ -48.6608778, -20.9238234 ], [ -48.6610319, -20.9239335 ], [ -48.6610972, -20.9239821 ], [ -48.6612808, -20.9241127 ], [ -48.6613901, -20.9241931 ], [ -48.6616989, -20.9244118 ], [ -48.6619408, -20.9245851 ], [ -48.661941, -20.9245859 ], [ -48.6622535, -20.9248162 ], [ -48.6623636, -20.9248943 ], [ -48.6625309, -20.9250173 ], [ -48.6630789, -20.9254127 ], [ -48.66321, -20.9255089 ], [ -48.6632241, -20.9255202 ], [ -48.6632368, -20.9255331 ] ] ] } },
{ "type": "Feature", "properties": { "comp_m": 367.29 }, "geometry": { "type": "MultiLineString", "coordinates": [ [ [ -48.660432, -20.92352 ], [ -48.6607109, -20.9237169 ], [ -48.6608415, -20.9238136 ], [ -48.6613086, -20.9241512 ], [ -48.6615431, -20.9243179 ], [ -48.6616012, -20.9243606 ], [ -48.6617922, -20.924495 ], [ -48.6619161, -20.9245851 ], [ -48.6619165, -20.9245853 ], [ -48.6622296, -20.9248153 ], [ -48.6624415, -20.9249687 ], [ -48.6625284, -20.9250339 ], [ -48.6626093, -20.9250909 ], [ -48.6628574, -20.9252714 ], [ -48.6630262, -20.9253913 ], [ -48.6632084, -20.9255246 ], [ -48.6632297, -20.9255418 ] ] ] } },
{ "type": "Feature", "properties": { "comp_m": 366.36 }, "geometry": { "type": "MultiLineString", "coordinates": [ [ [ -48.6604303, -20.9235393 ], [ -48.6604391, -20.9235414 ], [ -48.6604606, -20.923558 ], [ -48.6607103, -20.9237328 ], [ -48.6608041, -20.9238033 ], [ -48.6610157, -20.9239553 ], [ -48.6610371, -20.9239722 ], [ -48.6614242, -20.9242492 ], [ -48.6614673, -20.9242821 ], [ -48.661775, -20.9244997 ], [ -48.6618843, -20.9245787 ], [ -48.6619275, -20.9246115 ], [ -48.6620079, -20.9246687 ], [ -48.6621889, -20.9248029 ], [ -48.6624587, -20.9249975 ], [ -48.6625233, -20.925047 ], [ -48.6626327, -20.925125 ], [ -48.6627047, -20.9251795 ], [ -48.6628076, -20.9252513 ], [ -48.6628582, -20.9252892 ], [ -48.6629099, -20.9253245 ], [ -48.6630922, -20.9254558 ], [ -48.6632222, -20.9255532 ] ] ] } },
{ "type": "Feature", "properties": { "comp_m": 365.12 }, "geometry": { "type": "MultiLineString", "coordinates": [ [ [ -48.6604318, -20.9235561 ], [ -48.6604696, -20.9235801 ], [ -48.6606531, -20.9237109 ], [ -48.6606977, -20.923741 ], [ -48.660792, -20.9238115 ], [ -48.6609235, -20.9239072 ], [ -48.6610559, -20.9240008 ], [ -48.661165, -20.9240815 ], [ -48.6613122, -20.9241851 ], [ -48.661341, -20.9242068 ], [ -48.661415, -20.9242577 ], [ -48.6616118, -20.9244021 ], [ -48.661869, -20.9245846 ], [ -48.6618697, -20.9245844 ], [ -48.6619129, -20.9246177 ], [ -48.6621176, -20.9247665 ], [ -48.6621828, -20.9248158 ], [ -48.6622925, -20.9248954 ], [ -48.662359, -20.9249417 ], [ -48.6626867, -20.9251837 ], [ -48.6628124, -20.9252709 ], [ -48.6631125, -20.925488 ], [ -48.6632143, -20.9255635 ] ] ] } },
{ "type": "Feature", "properties": { "comp_m": 364.05 }, "geometry": { "type": "MultiLineString", "coordinates": [ [ [ -48.6604285, -20.9235757 ], [ -48.6604373, -20.9235776 ], [ -48.6604527, -20.9235864 ], [ -48.6605478, -20.9236537 ], [ -48.6605997, -20.9236885 ], [ -48.6608833, -20.9238944 ], [ -48.6610587, -20.9240191 ], [ -48.6610941, -20.9240476 ], [ -48.6611303, -20.9240744 ], [ -48.6611893, -20.9241147 ], [ -48.6614599, -20.9243067 ], [ -48.6616704, -20.9244606 ], [ -48.6618678, -20.9246008 ], [ -48.6619471, -20.9246604 ], [ -48.6621001, -20.9247706 ], [ -48.6622082, -20.924852 ], [ -48.6623911, -20.9249815 ], [ -48.6626077, -20.9251433 ], [ -48.6626809, -20.9251949 ], [ -48.6627168, -20.9252223 ], [ -48.662776, -20.9252624 ], [ -48.6629149, -20.925361 ], [ -48.6630751, -20.9254767 ], [ -48.6632052, -20.9255734 ] ] ] } },
{ "type": "Feature", "properties": { "comp_m": 363.21 }, "geometry": { "type": "MultiLineString", "coordinates": [ [ [ -48.660438, -20.9235931 ], [ -48.6606447, -20.9237384 ], [ -48.6610333, -20.9240194 ], [ -48.6610984, -20.9240688 ], [ -48.6611727, -20.9241198 ], [ -48.6613119, -20.9242207 ], [ -48.6614301, -20.9243034 ], [ -48.6618188, -20.924584 ], [ -48.6618193, -20.9245841 ], [ -48.6618563, -20.9246095 ], [ -48.6619283, -20.9246648 ], [ -48.6619948, -20.9247107 ], [ -48.6622348, -20.9248875 ], [ -48.6624327, -20.925029 ], [ -48.6625415, -20.9251099 ], [ -48.6626133, -20.9251657 ], [ -48.6626359, -20.9251799 ], [ -48.6627232, -20.9252443 ], [ -48.6627605, -20.9252691 ], [ -48.6629441, -20.9253992 ], [ -48.6631987, -20.9255859 ], [ -48.6632039, -20.9255925 ] ] ] } },
{ "type": "Feature", "properties": { "comp_m": 361.75 }, "geometry": { "type": "MultiLineString", "coordinates": [ [ [ -48.660438, -20.9236075 ], [ -48.6604524, -20.9236176 ], [ -48.6604732, -20.923635 ], [ -48.6606869, -20.9237863 ], [ -48.6610238, -20.9240306 ], [ -48.6610744, -20.9240691 ], [ -48.6611338, -20.9241098 ], [ -48.6615084, -20.9243784 ], [ -48.6615825, -20.9244295 ], [ -48.6617948, -20.9245837 ], [ -48.6617954, -20.9245836 ], [ -48.6621686, -20.9248549 ], [ -48.662241, -20.9249097 ], [ -48.6624173, -20.925036 ], [ -48.6627237, -20.9252613 ], [ -48.6627685, -20.9252913 ], [ -48.6627901, -20.925308 ], [ -48.6629376, -20.9254118 ], [ -48.6631711, -20.9255836 ], [ -48.6631853, -20.9255946 ], [ -48.6631893, -20.925602 ] ] ] } },
{ "type": "Feature", "properties": { "comp_m": 360.8 }, "geometry": { "type": "MultiLineString", "coordinates": [ [ [ -48.6604253, -20.9236205 ], [ -48.6604695, -20.9236491 ], [ -48.6605723, -20.9237212 ], [ -48.6607396, -20.9238433 ], [ -48.6608132, -20.9238943 ], [ -48.6608849, -20.9239496 ], [ -48.661024, -20.9240484 ], [ -48.6610745, -20.9240864 ], [ -48.6613596, -20.9242901 ], [ -48.661426, -20.9243358 ], [ -48.661484, -20.9243786 ], [ -48.661565, -20.9244348 ], [ -48.6618205, -20.9246184 ], [ -48.6620818, -20.9248104 ], [ -48.6621626, -20.9248669 ], [ -48.6622195, -20.9249122 ], [ -48.6624972, -20.925111 ], [ -48.662562, -20.9251601 ], [ -48.6626425, -20.9252174 ], [ -48.6626776, -20.9252458 ], [ -48.6627875, -20.9253237 ], [ -48.6628396, -20.9253581 ], [ -48.6629126, -20.9254106 ], [ -48.6631161, -20.9255595 ], [ -48.6631733, -20.9256041 ] ] ] } },
{ "type": "Feature", "properties": { "comp_m": 357.75 }, "geometry": { "type": "MultiLineString", "coordinates": [ [ [ -48.6604236, -20.9236694 ], [ -48.6604317, -20.9236729 ], [ -48.6605417, -20.9237503 ], [ -48.6606877, -20.9238551 ], [ -48.6607162, -20.9238777 ], [ -48.6608113, -20.9239453 ], [ -48.6610366, -20.9241098 ], [ -48.6611174, -20.9241663 ], [ -48.661241, -20.9242564 ], [ -48.6614459, -20.9244022 ], [ -48.6615707, -20.9244896 ], [ -48.661971, -20.9247804 ], [ -48.6621955, -20.9249468 ], [ -48.6623639, -20.9250662 ], [ -48.6625816, -20.9252261 ], [ -48.6627355, -20.9253348 ], [ -48.6627862, -20.9253723 ], [ -48.6629038, -20.9254543 ], [ -48.66299, -20.9255203 ], [ -48.6630779, -20.9255825 ], [ -48.6631287, -20.9256198 ], [ -48.6631496, -20.9256369 ] ] ] } },
{ "type": "Feature", "properties": { "comp_m": 356.53 }, "geometry": { "type": "MultiLineString", "coordinates": [ [ [ -48.660422, -20.923686 ], [ -48.6604452, -20.9236993 ], [ -48.6606295, -20.9238304 ], [ -48.6611648, -20.9242188 ], [ -48.6616727, -20.9245818 ], [ -48.6616731, -20.924582 ], [ -48.6619286, -20.924767 ], [ -48.6621464, -20.9249283 ], [ -48.6623735, -20.9250904 ], [ -48.6626062, -20.9252614 ], [ -48.6628848, -20.9254595 ], [ -48.6630007, -20.9255461 ], [ -48.6631036, -20.9256188 ], [ -48.6631389, -20.9256469 ] ] ] } },
{ "type": "Feature", "properties": { "comp_m": 355.45 }, "geometry": { "type": "MultiLineString", "coordinates": [ [ [ -48.6604225, -20.9237018 ], [ -48.6604378, -20.923711 ], [ -48.6605044, -20.9237572 ], [ -48.6610764, -20.9241709 ], [ -48.6611418, -20.9242199 ], [ -48.6612598, -20.9243032 ], [ -48.6614284, -20.9244252 ], [ -48.6616498, -20.9245813 ], [ -48.6616502, -20.9245817 ], [ -48.6619128, -20.9247725 ], [ -48.6620793, -20.924897 ], [ -48.6623868, -20.9251173 ], [ -48.6625026, -20.9252042 ], [ -48.6625396, -20.9252294 ], [ -48.6626342, -20.9252989 ], [ -48.662869, -20.9254656 ], [ -48.6629121, -20.9254987 ], [ -48.6631314, -20.9256565 ] ] ] } },
{ "type": "Feature", "properties": { "comp_m": 354.36 }, "geometry": { "type": "MultiLineString", "coordinates": [ [ [ -48.6604208, -20.9237173 ], [ -48.6604288, -20.9237211 ], [ -48.660517, -20.9237829 ], [ -48.660604, -20.9238474 ], [ -48.6606847, -20.9239045 ], [ -48.6607352, -20.9239427 ], [ -48.66094, -20.9240891 ], [ -48.661005, -20.924138 ], [ -48.6610494, -20.9241683 ], [ -48.661129, -20.9242277 ], [ -48.661232, -20.9242998 ], [ -48.6615166, -20.9245052 ], [ -48.6616416, -20.9245927 ], [ -48.6618749, -20.9247618 ], [ -48.662114, -20.9249393 ], [ -48.6623919, -20.9251382 ], [ -48.6624852, -20.9252102 ], [ -48.6625453, -20.9252486 ], [ -48.6626317, -20.9253144 ], [ -48.6627999, -20.9254349 ], [ -48.6628663, -20.9254807 ], [ -48.6630187, -20.9255931 ], [ -48.6631217, -20.9256651 ] ] ] } },
{ "type": "Feature", "properties": { "comp_m": 355.16 }, "geometry": { "type": "MultiLineString", "coordinates": [ [ [ -48.6604188, -20.923734 ], [ -48.6604271, -20.9237369 ], [ -48.6605008, -20.9237879 ], [ -48.6605366, -20.9238157 ], [ -48.6606537, -20.9238991 ], [ -48.660945, -20.9241109 ], [ -48.6609954, -20.9241492 ], [ -48.6610325, -20.9241741 ], [ -48.6611123, -20.924233 ], [ -48.6613539, -20.9244049 ], [ -48.661391, -20.9244299 ], [ -48.6614857, -20.9244986 ], [ -48.6615071, -20.9245155 ], [ -48.6616248, -20.9245976 ], [ -48.6616606, -20.9246253 ], [ -48.661916, -20.9248093 ], [ -48.6619807, -20.924859 ], [ -48.6620176, -20.9248844 ], [ -48.6621116, -20.9249546 ], [ -48.6623455, -20.9251219 ], [ -48.662461, -20.9252089 ], [ -48.6625282, -20.925253 ], [ -48.6626726, -20.9253614 ], [ -48.6627463, -20.9254126 ], [ -48.6627823, -20.9254399 ], [ -48.6628564, -20.9254901 ], [ -48.6628922, -20.9255178 ], [ -48.6631036, -20.9256708 ], [ -48.6631063, -20.925673 ] ] ] } },
{ "type": "Feature", "properties": { "comp_m": 353.37 }, "geometry": { "type": "MultiLineString", "coordinates": [ [ [ -48.6604181, -20.9237542 ], [ -48.6604273, -20.9237554 ], [ -48.6604352, -20.9237596 ], [ -48.6604798, -20.9237904 ], [ -48.6608167, -20.9240365 ], [ -48.6612136, -20.9243225 ], [ -48.6613025, -20.9243846 ], [ -48.6615747, -20.92458 ], [ -48.6615748, -20.9245808 ], [ -48.6616193, -20.9246116 ], [ -48.6618023, -20.9247441 ], [ -48.6621306, -20.9249855 ], [ -48.6624093, -20.925186 ], [ -48.6624452, -20.9252139 ], [ -48.662534, -20.9252757 ], [ -48.6626721, -20.9253786 ], [ -48.6627243, -20.9254136 ], [ -48.662775, -20.925452 ], [ -48.6628639, -20.9255133 ], [ -48.6630905, -20.9256786 ], [ -48.6630973, -20.9256845 ] ] ] } },
{ "type": "Feature", "properties": { "comp_m": 349.75 }, "geometry": { "type": "MultiLineString", "coordinates": [ [ [ -48.6604276, -20.9237696 ], [ -48.6606687, -20.9239469 ], [ -48.6610945, -20.9242544 ], [ -48.6615511, -20.92458 ], [ -48.6615516, -20.92458 ], [ -48.6617707, -20.924738 ], [ -48.6620901, -20.924974 ], [ -48.6625504, -20.9253052 ], [ -48.6626233, -20.9253583 ], [ -48.6626662, -20.9253917 ], [ -48.6627185, -20.9254262 ], [ -48.6627838, -20.9254744 ], [ -48.6629087, -20.9255623 ], [ -48.6630901, -20.9256966 ] ] ] } },
{ "type": "Feature", "properties": { "comp_m": 349.9 }, "geometry": { "type": "MultiLineString", "coordinates": [ [ [ -48.6604176, -20.9237829 ], [ -48.6604258, -20.9237861 ], [ -48.6606581, -20.9239562 ], [ -48.6608406, -20.924087 ], [ -48.6609202, -20.924146 ], [ -48.6610009, -20.9242026 ], [ -48.6611897, -20.9243401 ], [ -48.6613291, -20.9244378 ], [ -48.6614454, -20.9245225 ], [ -48.661592, -20.9246259 ], [ -48.6616134, -20.9246425 ], [ -48.6617595, -20.9247469 ], [ -48.6620638, -20.9249715 ], [ -48.6622973, -20.925139 ], [ -48.6623404, -20.925172 ], [ -48.6624357, -20.925239 ], [ -48.6625808, -20.9253456 ], [ -48.6626324, -20.9253812 ], [ -48.6626679, -20.9254088 ], [ -48.6627344, -20.9254541 ], [ -48.6627774, -20.9254872 ], [ -48.6628584, -20.9255432 ], [ -48.6630031, -20.9256505 ], [ -48.6630841, -20.9257066 ] ] ] } },
{ "type": "Feature", "properties": { "comp_m": 348.33 }, "geometry": { "type": "MultiLineString", "coordinates": [ [ [ -48.6604193, -20.923802 ], [ -48.6604424, -20.9238156 ], [ -48.6604867, -20.9238471 ], [ -48.660854, -20.9241137 ], [ -48.6609196, -20.9241628 ], [ -48.6609939, -20.9242141 ], [ -48.6610816, -20.924279 ], [ -48.6612296, -20.9243832 ], [ -48.6612733, -20.9244162 ], [ -48.6613327, -20.9244573 ], [ -48.6615018, -20.9245798 ], [ -48.6615025, -20.9245793 ], [ -48.6618099, -20.9248007 ], [ -48.6620865, -20.9250046 ], [ -48.6622773, -20.9251405 ], [ -48.6623493, -20.925196 ], [ -48.6624158, -20.925242 ], [ -48.6625324, -20.9253276 ], [ -48.6627528, -20.9254834 ], [ -48.6629856, -20.925655 ], [ -48.6630444, -20.9256967 ], [ -48.6630749, -20.9257152 ] ] ] } },
{ "type": "Feature", "properties": { "comp_m": 347.98 }, "geometry": { "type": "MultiLineString", "coordinates": [ [ [ -48.6604172, -20.9238152 ], [ -48.6604379, -20.9238299 ], [ -48.6604669, -20.9238512 ], [ -48.660511, -20.9238819 ], [ -48.6606198, -20.9239619 ], [ -48.660875, -20.9241457 ], [ -48.6609327, -20.9241889 ], [ -48.6610063, -20.92424 ], [ -48.6611082, -20.9243137 ], [ -48.661226, -20.9243951 ], [ -48.6614002, -20.9245229 ], [ -48.6614445, -20.9245531 ], [ -48.661502, -20.9245969 ], [ -48.6616412, -20.9246952 ], [ -48.6616699, -20.9247173 ], [ -48.6618086, -20.9248164 ], [ -48.6620546, -20.9249991 ], [ -48.6622811, -20.9251606 ], [ -48.6623382, -20.9252053 ], [ -48.6623679, -20.9252252 ], [ -48.66263, -20.925415 ], [ -48.6627623, -20.9255071 ], [ -48.662798, -20.925535 ], [ -48.6628854, -20.9255981 ], [ -48.6629647, -20.9256578 ], [ -48.6630381, -20.9257092 ], [ -48.6630681, -20.9257285 ] ] ] } },
{ "type": "Feature", "properties": { "comp_m": 346.43 }, "geometry": { "type": "MultiLineString", "coordinates": [ [ [ -48.6604275, -20.9238385 ], [ -48.6604488, -20.9238557 ], [ -48.660508, -20.9238969 ], [ -48.6605733, -20.9239458 ], [ -48.6607496, -20.9240723 ], [ -48.660815, -20.9241212 ], [ -48.6612351, -20.9244184 ], [ -48.6614543, -20.9245789 ], [ -48.6614547, -20.9245792 ], [ -48.6615349, -20.9246374 ], [ -48.6616013, -20.924683 ], [ -48.661681, -20.9247423 ], [ -48.6618198, -20.9248421 ], [ -48.6620586, -20.9250196 ], [ -48.6622637, -20.9251653 ], [ -48.6624302, -20.9252895 ], [ -48.6625256, -20.9253567 ], [ -48.6625908, -20.9254052 ], [ -48.6627162, -20.9254919 ], [ -48.6627818, -20.9255394 ], [ -48.6628172, -20.925568 ], [ -48.6628836, -20.9256139 ], [ -48.6629411, -20.925658 ], [ -48.663015, -20.9257087 ], [ -48.6630511, -20.9257359 ] ] ] } },
{ "type": "Feature", "properties": { "comp_m": 343.58 }, "geometry": { "type": "MultiLineString", "coordinates": [ [ [ -48.6604135, -20.9238783 ], [ -48.6613823, -20.9245778 ], [ -48.6613826, -20.9245782 ], [ -48.6617043, -20.924809 ], [ -48.6620533, -20.925065 ], [ -48.6623312, -20.9252641 ], [ -48.6625345, -20.9254142 ], [ -48.6626742, -20.9255121 ], [ -48.6627464, -20.9255665 ], [ -48.6630093, -20.9257561 ], [ -48.6630233, -20.9257675 ], [ -48.6630251, -20.9257694 ] ] ] } },
{ "type": "Feature", "properties": { "comp_m": 345.54 }, "geometry": { "type": "MultiLineString", "coordinates": [ [ [ -48.6604174, -20.9238509 ], [ -48.66044, -20.9238648 ], [ -48.6606446, -20.924015 ], [ -48.6607405, -20.9240827 ], [ -48.6608206, -20.9241423 ], [ -48.6608726, -20.924178 ], [ -48.6609309, -20.9242213 ], [ -48.6610347, -20.9242932 ], [ -48.6612626, -20.9244567 ], [ -48.6613353, -20.924511 ], [ -48.6614314, -20.9245784 ], [ -48.6614317, -20.924579 ], [ -48.6616877, -20.924762 ], [ -48.6617526, -20.9248112 ], [ -48.6619129, -20.9249277 ], [ -48.6619847, -20.9249828 ], [ -48.6620144, -20.9250029 ], [ -48.6620649, -20.9250409 ], [ -48.6621019, -20.9250661 ], [ -48.6622111, -20.9251457 ], [ -48.6622556, -20.9251759 ], [ -48.6623421, -20.9252414 ], [ -48.6625827, -20.9254157 ], [ -48.6627007, -20.9254972 ], [ -48.662802, -20.925573 ], [ -48.6628753, -20.925625 ], [ -48.6629404, -20.9256736 ], [ -48.6629993, -20.9257145 ], [ -48.6630425, -20.925747 ] ] ] } },
{ "type": "Feature", "properties": { "comp_m": 343.45 }, "geometry": { "type": "MultiLineString", "coordinates": [ [ [ -48.6604307, -20.9238744 ], [ -48.6608111, -20.9241518 ], [ -48.6610326, -20.9243079 ], [ -48.6611495, -20.9243937 ], [ -48.6612307, -20.9244511 ], [ -48.6613181, -20.9245161 ], [ -48.6614068, -20.9245782 ], [ -48.6614072, -20.9245786 ], [ -48.6617374, -20.9248147 ], [ -48.6619556, -20.9249765 ], [ -48.6621677, -20.9251304 ], [ -48.6622487, -20.9251876 ], [ -48.6623064, -20.9252317 ], [ -48.6624527, -20.9253379 ], [ -48.6625479, -20.9254065 ], [ -48.6627028, -20.9255151 ], [ -48.6628044, -20.9255911 ], [ -48.6630314, -20.9257553 ], [ -48.663034, -20.9257579 ] ] ] } },
{ "type": "Feature", "properties": { "comp_m": 343.74 }, "geometry": { "type": "MultiLineString", "coordinates": [ [ [ -48.660437, -20.9239137 ], [ -48.6605112, -20.9239662 ], [ -48.6606283, -20.9240527 ], [ -48.6609454, -20.9242801 ], [ -48.6610333, -20.9243447 ], [ -48.661358, -20.924577 ], [ -48.6613582, -20.9245775 ], [ -48.661827, -20.9249153 ], [ -48.6619212, -20.924986 ], [ -48.6620382, -20.9250709 ], [ -48.662317, -20.9252704 ], [ -48.6625134, -20.9254159 ], [ -48.6626462, -20.9255089 ], [ -48.6628356, -20.9256483 ], [ -48.662997, -20.9257639 ], [ -48.6630168, -20.9257802 ] ] ] } },
{ "type": "Feature", "properties": { "comp_m": 342.13 }, "geometry": { "type": "MultiLineString", "coordinates": [ [ [ -48.6604284, -20.9239444 ], [ -48.6604734, -20.9239735 ], [ -48.6605603, -20.924038 ], [ -48.6609254, -20.9243003 ], [ -48.6609613, -20.9243277 ], [ -48.661108, -20.9244312 ], [ -48.6612607, -20.9245426 ], [ -48.6615531, -20.9247517 ], [ -48.6616403, -20.9248156 ], [ -48.6617065, -20.9248618 ], [ -48.6617789, -20.9249155 ], [ -48.6618161, -20.9249404 ], [ -48.6619241, -20.9250223 ], [ -48.6620404, -20.9251074 ], [ -48.6621722, -20.9252009 ], [ -48.6624551, -20.9254096 ], [ -48.6625584, -20.9254807 ], [ -48.6627911, -20.9256505 ], [ -48.6629518, -20.9257658 ], [ -48.6629998, -20.9258021 ] ] ] } },
{ "type": "Feature", "properties": { "comp_m": 339.35 }, "geometry": { "type": "MultiLineString", "coordinates": [ [ [ -48.6604286, -20.9239278 ], [ -48.6604443, -20.9239359 ], [ -48.6604735, -20.9239568 ], [ -48.6605748, -20.9240318 ], [ -48.6606263, -20.9240674 ], [ -48.6608588, -20.9242369 ], [ -48.6609468, -20.9242986 ], [ -48.66099, -20.9243314 ], [ -48.6614864, -20.9246864 ], [ -48.6617846, -20.9249027 ], [ -48.6618437, -20.924943 ], [ -48.661944, -20.9250202 ], [ -48.662323, -20.925293 ], [ -48.6624604, -20.925395 ], [ -48.6626361, -20.9255193 ], [ -48.6630083, -20.9257911 ] ] ] } },
{ "type": "Feature", "properties": { "comp_m": 338.55 }, "geometry": { "type": "MultiLineString", "coordinates": [ [ [ -48.660423, -20.9239548 ], [ -48.6608054, -20.9242322 ], [ -48.6612844, -20.924577 ], [ -48.6612851, -20.9245765 ], [ -48.6614602, -20.9247036 ], [ -48.661702, -20.9248759 ], [ -48.661767, -20.9249248 ], [ -48.6618259, -20.924966 ], [ -48.6620219, -20.9251111 ], [ -48.6621538, -20.9252049 ], [ -48.6624373, -20.9254135 ], [ -48.6625481, -20.9254899 ], [ -48.6627663, -20.9256502 ], [ -48.6629712, -20.9257969 ], [ -48.6629855, -20.9258081 ], [ -48.6629909, -20.9258135 ] ] ] } },
{ "type": "Feature", "properties": { "comp_m": 337.74 }, "geometry": { "type": "MultiLineString", "coordinates": [ [ [ -48.6604229, -20.9239703 ], [ -48.6607159, -20.9241846 ], [ -48.6612605, -20.9245763 ], [ -48.6612609, -20.9245766 ], [ -48.6613191, -20.9246196 ], [ -48.6616861, -20.924881 ], [ -48.6617653, -20.9249419 ], [ -48.6618172, -20.9249773 ], [ -48.6620135, -20.9251225 ], [ -48.6621751, -20.9252373 ], [ -48.6623937, -20.9253977 ], [ -48.662636, -20.9255701 ], [ -48.6627666, -20.9256674 ], [ -48.6628038, -20.9256926 ], [ -48.6629573, -20.9258039 ], [ -48.6629785, -20.9258208 ], [ -48.6629823, -20.9258247 ] ] ] } },
{ "type": "Feature", "properties": { "comp_m": 215.02 }, "geometry": { "type": "MultiLineString", "coordinates": [ [ [ -48.661343, -20.9246505 ], [ -48.6613715, -20.9246731 ], [ -48.6615915, -20.92483 ], [ -48.6618831, -20.9250429 ], [ -48.6619991, -20.9251294 ], [ -48.6622631, -20.9253176 ], [ -48.6623938, -20.9254144 ], [ -48.6626356, -20.9255874 ], [ -48.662978, -20.9258375 ] ] ] } },
{ "type": "Feature", "properties": { "comp_m": 334.96 }, "geometry": { "type": "MultiLineString", "coordinates": [ [ [ -48.6613828, -20.9246974 ], [ -48.6613904, -20.9247022 ], [ -48.6614118, -20.9247191 ], [ -48.661566, -20.9248286 ], [ -48.661734, -20.9249505 ], [ -48.6620029, -20.9251495 ], [ -48.6620475, -20.9251798 ], [ -48.662216, -20.9253006 ], [ -48.6623977, -20.9254349 ], [ -48.6627716, -20.9257022 ], [ -48.6628877, -20.9257887 ], [ -48.6629683, -20.9258465 ] ] ] } },
{ "type": "Feature", "properties": { "comp_m": 203.55 }, "geometry": { "type": "MultiLineString", "coordinates": [ [ [ -48.6614094, -20.9247305 ], [ -48.6614372, -20.924754 ], [ -48.6617008, -20.9249431 ], [ -48.6619915, -20.925158 ], [ -48.6622044, -20.9253091 ], [ -48.6624444, -20.925486 ], [ -48.6625913, -20.92559 ], [ -48.6627081, -20.9256749 ], [ -48.6627674, -20.9257152 ], [ -48.662832, -20.9257648 ], [ -48.6629558, -20.9258556 ] ] ] } },
{ "type": "Feature", "properties": { "comp_m": 210.97 }, "geometry": { "type": "MultiLineString", "coordinates": [ [ [ -48.6614655, -20.9248076 ], [ -48.6614696, -20.9248096 ], [ -48.661498, -20.9248326 ], [ -48.6615568, -20.9248745 ], [ -48.6616164, -20.9249146 ], [ -48.6616969, -20.924973 ], [ -48.6617543, -20.9250179 ], [ -48.6620392, -20.9252256 ], [ -48.662172, -20.9253187 ], [ -48.6622296, -20.9253631 ], [ -48.6623901, -20.9254808 ], [ -48.6626397, -20.9256587 ], [ -48.6627124, -20.9257128 ], [ -48.6629027, -20.9258504 ], [ -48.6629317, -20.9258725 ], [ -48.6629379, -20.9258787 ] ] ] } },
{ "type": "Feature", "properties": { "comp_m": 188.74 }, "geometry": { "type": "MultiLineString", "coordinates": [ [ [ -48.6615003, -20.9248484 ], [ -48.6615355, -20.9248774 ], [ -48.661581, -20.924906 ], [ -48.6616031, -20.9249216 ], [ -48.6616908, -20.9249858 ], [ -48.661741, -20.9250253 ], [ -48.6619385, -20.9251694 ], [ -48.6621589, -20.9253273 ], [ -48.6623778, -20.9254884 ], [ -48.6625025, -20.9255783 ], [ -48.6625986, -20.9256456 ], [ -48.6628619, -20.9258378 ], [ -48.6629199, -20.9258812 ] ] ] } },
{ "type": "Feature", "properties": { "comp_m": 180.28 }, "geometry": { "type": "MultiLineString", "coordinates": [ [ [ -48.6615492, -20.9249152 ], [ -48.6615772, -20.9249384 ], [ -48.6619406, -20.9252056 ], [ -48.6621451, -20.9253531 ], [ -48.6622045, -20.9253931 ], [ -48.66232, -20.9254803 ], [ -48.6623642, -20.9255111 ], [ -48.6624951, -20.9256071 ], [ -48.662576, -20.9256639 ], [ -48.6629043, -20.9259021 ] ] ] } },
{ "type": "Feature", "properties": { "comp_m": 171.63 }, "geometry": { "type": "MultiLineString", "coordinates": [ [ [ -48.6615938, -20.9249853 ], [ -48.6616074, -20.924997 ], [ -48.6616517, -20.9250278 ], [ -48.661775, -20.9251192 ], [ -48.6618702, -20.9251881 ], [ -48.6619221, -20.9252235 ], [ -48.6620091, -20.925289 ], [ -48.6620829, -20.9253405 ], [ -48.6621264, -20.9253733 ], [ -48.6622292, -20.9254467 ], [ -48.662309, -20.9255065 ], [ -48.6624045, -20.9255746 ], [ -48.6624698, -20.9256235 ], [ -48.6625293, -20.9256637 ], [ -48.6625732, -20.9256955 ], [ -48.6625963, -20.925709 ], [ -48.6625955, -20.9257093 ], [ -48.6626388, -20.9257415 ], [ -48.6626607, -20.925752 ], [ -48.6626606, -20.9257526 ], [ -48.66268, -20.9257717 ], [ -48.6627018, -20.9257891 ], [ -48.6628593, -20.9259052 ], [ -48.662898, -20.9259299 ] ] ] } },
{ "type": "Feature", "properties": { "comp_m": 167.78 }, "geometry": { "type": "MultiLineString", "coordinates": [ [ [ -48.6616101, -20.9250108 ], [ -48.6616173, -20.9250187 ], [ -48.6616407, -20.9250345 ], [ -48.6616474, -20.9250428 ], [ -48.6616475, -20.9250418 ], [ -48.6616918, -20.9250725 ], [ -48.6617346, -20.925106 ], [ -48.6618587, -20.9251964 ], [ -48.6619251, -20.9252426 ], [ -48.6619972, -20.9252978 ], [ -48.6621006, -20.9253695 ], [ -48.6621874, -20.925435 ], [ -48.6624432, -20.9256206 ], [ -48.6626424, -20.9257595 ], [ -48.6627143, -20.925815 ], [ -48.6628814, -20.925939 ] ] ] } },
{ "type": "Feature", "properties": { "comp_m": 164.95 }, "geometry": { "type": "MultiLineString", "coordinates": [ [ [ -48.6616229, -20.9250362 ], [ -48.6616333, -20.9250465 ], [ -48.6616467, -20.9250565 ], [ -48.66166, -20.9250681 ], [ -48.6616898, -20.9250875 ], [ -48.6618059, -20.9251743 ], [ -48.661923, -20.9252589 ], [ -48.6619662, -20.9252922 ], [ -48.6620988, -20.9253855 ], [ -48.6622073, -20.9254674 ], [ -48.6623031, -20.9255347 ], [ -48.662449, -20.9256415 ], [ -48.6626259, -20.9257657 ], [ -48.6627195, -20.925837 ], [ -48.6628442, -20.9259264 ], [ -48.6628728, -20.9259489 ] ] ] } },
{ "type": "Feature", "properties": { "comp_m": 159.43 }, "geometry": { "type": "MultiLineString", "coordinates": [ [ [ -48.6616567, -20.9250786 ], [ -48.6616701, -20.9250904 ], [ -48.6618151, -20.9251987 ], [ -48.6621368, -20.9254299 ], [ -48.6621939, -20.9254752 ], [ -48.6623044, -20.9255525 ], [ -48.6624649, -20.9256693 ], [ -48.6626338, -20.9257889 ], [ -48.662735, -20.9258653 ], [ -48.6628232, -20.9259276 ], [ -48.6628657, -20.9259622 ] ] ] } },
{ "type": "Feature", "properties": { "comp_m": 161.48 }, "geometry": { "type": "MultiLineString", "coordinates": [ [ [ -48.6616535, -20.9250967 ], [ -48.6616604, -20.9251022 ], [ -48.661945, -20.9253101 ], [ -48.6621209, -20.9254361 ], [ -48.6621782, -20.9254808 ], [ -48.662318, -20.9255794 ], [ -48.6624053, -20.9256437 ], [ -48.6626545, -20.9258219 ], [ -48.6627196, -20.9258711 ], [ -48.6628147, -20.9259397 ], [ -48.6628574, -20.9259738 ] ] ] } },
{ "type": "Feature", "properties": { "comp_m": 158.09 }, "geometry": { "type": "MultiLineString", "coordinates": [ [ [ -48.6616437, -20.9251108 ], [ -48.661652, -20.9251136 ], [ -48.6616595, -20.9251183 ], [ -48.6617761, -20.9252051 ], [ -48.6619374, -20.9253223 ], [ -48.6620334, -20.9253898 ], [ -48.6623553, -20.9256256 ], [ -48.6625912, -20.9257932 ], [ -48.6628468, -20.9259817 ] ] ] } },
{ "type": "Feature", "properties": { "comp_m": 154.88 }, "geometry": { "type": "MultiLineString", "coordinates": [ [ [ -48.661661, -20.9251345 ], [ -48.6617106, -20.9251742 ], [ -48.6618786, -20.9252969 ], [ -48.6620841, -20.9254439 ], [ -48.6623468, -20.9256364 ], [ -48.6625308, -20.9257668 ], [ -48.6628374, -20.9259911 ] ] ] } },
{ "type": "Feature", "properties": { "comp_m": 152.76 }, "geometry": { "type": "MultiLineString", "coordinates": [ [ [ -48.6616684, -20.9251585 ], [ -48.6617115, -20.9251921 ], [ -48.6618794, -20.9253144 ], [ -48.6620775, -20.9254557 ], [ -48.6622593, -20.9255902 ], [ -48.6624943, -20.9257573 ], [ -48.6628303, -20.9260016 ] ] ] } },
{ "type": "Feature", "properties": { "comp_m": 151.98 }, "geometry": { "type": "MultiLineString", "coordinates": [ [ [ -48.6616753, -20.9251819 ], [ -48.661821, -20.9252889 ], [ -48.6620706, -20.925468 ], [ -48.6622381, -20.9255919 ], [ -48.6624811, -20.9257642 ], [ -48.6627733, -20.925978 ], [ -48.6628249, -20.9260144 ] ] ] } },
{ "type": "Feature", "properties": { "comp_m": 147.01 }, "geometry": { "type": "MultiLineString", "coordinates": [ [ [ -48.6616959, -20.9252149 ], [ -48.6617253, -20.9252351 ], [ -48.661805, -20.925295 ], [ -48.6620689, -20.9254845 ], [ -48.6622583, -20.9256241 ], [ -48.6625158, -20.9258064 ], [ -48.6627488, -20.9259783 ], [ -48.6628152, -20.9260247 ] ] ] } },
{ "type": "Feature", "properties": { "comp_m": 144.65 }, "geometry": { "type": "MultiLineString", "coordinates": [ [ [ -48.6617044, -20.9252372 ], [ -48.6617769, -20.9252921 ], [ -48.6620198, -20.9254659 ], [ -48.6621663, -20.9255728 ], [ -48.6622389, -20.9256276 ], [ -48.6625413, -20.925842 ], [ -48.6628045, -20.9260355 ] ] ] } },
{ "type": "Feature", "properties": { "comp_m": 145.44 }, "geometry": { "type": "MultiLineString", "coordinates": [ [ [ -48.6617043, -20.925254 ], [ -48.6617173, -20.9252656 ], [ -48.6620042, -20.925472 ], [ -48.6622454, -20.9256491 ], [ -48.662518, -20.9258432 ], [ -48.6627737, -20.9260314 ], [ -48.6627964, -20.9260459 ] ] ] } },
{ "type": "Feature", "properties": { "comp_m": 142.12 }, "geometry": { "type": "MultiLineString", "coordinates": [ [ [ -48.6617058, -20.9252707 ], [ -48.6617266, -20.9252886 ], [ -48.6617556, -20.9253106 ], [ -48.6619915, -20.92548 ], [ -48.6622924, -20.9256998 ], [ -48.6624992, -20.9258469 ], [ -48.6626461, -20.9259538 ], [ -48.6627848, -20.9260571 ] ] ] } },
{ "type": "Feature", "properties": { "comp_m": 139.5 }, "geometry": { "type": "MultiLineString", "coordinates": [ [ [ -48.6617123, -20.9252948 ], [ -48.6617555, -20.9253279 ], [ -48.662042, -20.9255325 ], [ -48.6622604, -20.925694 ], [ -48.6624664, -20.9258402 ], [ -48.6627726, -20.9260655 ] ] ] } },
{ "type": "Feature", "properties": { "comp_m": 138.02 }, "geometry": { "type": "MultiLineString", "coordinates": [ [ [ -48.6617157, -20.9253133 ], [ -48.6617284, -20.9253256 ], [ -48.6620675, -20.9255682 ], [ -48.6622428, -20.9256985 ], [ -48.6624792, -20.9258661 ], [ -48.6627648, -20.9260754 ] ] ] } },
{ "type": "Feature", "properties": { "comp_m": 133.27 }, "geometry": { "type": "MultiLineString", "coordinates": [ [ [ -48.6617443, -20.9253524 ], [ -48.6617875, -20.925385 ], [ -48.6620967, -20.9256077 ], [ -48.6622429, -20.925716 ], [ -48.6624573, -20.9258678 ], [ -48.662758, -20.9260878 ] ] ] } },
{ "type": "Feature", "properties": { "comp_m": 133.16 }, "geometry": { "type": "MultiLineString", "coordinates": [ [ [ -48.6617462, -20.9253699 ], [ -48.6617654, -20.9253858 ], [ -48.6621032, -20.9256301 ], [ -48.6622126, -20.9257116 ], [ -48.6623753, -20.9258263 ], [ -48.6625593, -20.9259584 ], [ -48.6626097, -20.9259977 ], [ -48.6627203, -20.9260767 ], [ -48.6627492, -20.926099 ] ] ] } },
{ "type": "Feature", "properties": { "comp_m": 130.7 }, "geometry": { "type": "MultiLineString", "coordinates": [ [ [ -48.6617485, -20.9253912 ], [ -48.6617594, -20.9253976 ], [ -48.6618986, -20.9254978 ], [ -48.6622194, -20.9257329 ], [ -48.6624475, -20.9258941 ], [ -48.6625856, -20.9259966 ], [ -48.6627103, -20.926086 ], [ -48.6627387, -20.9261089 ] ] ] } },
{ "type": "Feature", "properties": { "comp_m": 132.52 }, "geometry": { "type": "MultiLineString", "coordinates": [ [ [ -48.6617505, -20.9254092 ], [ -48.6617522, -20.9254105 ], [ -48.6617749, -20.9254252 ], [ -48.6619506, -20.9255518 ], [ -48.6621917, -20.9257271 ], [ -48.662235, -20.9257601 ], [ -48.66236, -20.9258487 ], [ -48.6624032, -20.9258814 ], [ -48.6624406, -20.9259061 ], [ -48.6625933, -20.9260191 ], [ -48.662674, -20.9260769 ], [ -48.6627177, -20.9261097 ] ] ] } },
{ "type": "Feature", "properties": { "comp_m": 127.72 }, "geometry": { "type": "MultiLineString", "coordinates": [ [ [ -48.6617439, -20.9254173 ], [ -48.6617496, -20.9254241 ], [ -48.6617634, -20.9254355 ], [ -48.662044, -20.9256368 ], [ -48.6621682, -20.9257295 ], [ -48.662493, -20.9259624 ], [ -48.6625877, -20.9260342 ], [ -48.6626619, -20.9260862 ], [ -48.662713, -20.9261245 ] ] ] } },
{ "type": "Feature", "properties": { "comp_m": 125.88 }, "geometry": { "type": "MultiLineString", "coordinates": [ [ [ -48.6617507, -20.925443 ], [ -48.6619131, -20.9255595 ], [ -48.6621334, -20.9257212 ], [ -48.6622228, -20.925783 ], [ -48.6622882, -20.925833 ], [ -48.6623402, -20.9258693 ], [ -48.6623766, -20.925897 ], [ -48.6624584, -20.9259539 ], [ -48.6625679, -20.9260361 ], [ -48.6626494, -20.9260937 ], [ -48.6627075, -20.9261384 ] ] ] } },
{ "type": "Feature", "properties": { "comp_m": 125.31 }, "geometry": { "type": "MultiLineString", "coordinates": [ [ [ -48.6617523, -20.9254595 ], [ -48.6617806, -20.9254822 ], [ -48.6618986, -20.9255659 ], [ -48.6620084, -20.9256461 ], [ -48.6620728, -20.9256973 ], [ -48.6621698, -20.9257627 ], [ -48.6622938, -20.9258544 ], [ -48.6624122, -20.9259371 ], [ -48.6627046, -20.9261518 ] ] ] } },
{ "type": "Feature", "properties": { "comp_m": 123.78 }, "geometry": { "type": "MultiLineString", "coordinates": [ [ [ -48.6617672, -20.9254897 ], [ -48.6619773, -20.9256403 ], [ -48.6620065, -20.9256622 ], [ -48.6620564, -20.9257031 ], [ -48.6621613, -20.9257738 ], [ -48.6622564, -20.9258443 ], [ -48.6624486, -20.9259812 ], [ -48.6626909, -20.9261584 ] ] ] } },
{ "type": "Feature", "properties": { "comp_m": 121.5 }, "geometry": { "type": "MultiLineString", "coordinates": [ [ [ -48.6617799, -20.925518 ], [ -48.6619741, -20.9256562 ], [ -48.6620607, -20.9257224 ], [ -48.6621568, -20.9257893 ], [ -48.6626839, -20.9261706 ] ] ] } },
{ "type": "Feature", "properties": { "comp_m": 120.03 }, "geometry": { "type": "MultiLineString", "coordinates": [ [ [ -48.6617692, -20.9255236 ], [ -48.6617969, -20.9255467 ], [ -48.6619595, -20.9256633 ], [ -48.6620468, -20.9257299 ], [ -48.6621289, -20.9257863 ], [ -48.6622317, -20.9258618 ], [ -48.6626819, -20.9261861 ] ] ] } },
{ "type": "Feature", "properties": { "comp_m": 119.55 }, "geometry": { "type": "MultiLineString", "coordinates": [ [ [ -48.6617782, -20.925552 ], [ -48.6617856, -20.9255553 ], [ -48.6618007, -20.9255652 ], [ -48.6619179, -20.9256511 ], [ -48.6620051, -20.9257177 ], [ -48.6621168, -20.9257949 ], [ -48.6622489, -20.9258919 ], [ -48.6624045, -20.9260018 ], [ -48.6624773, -20.9260568 ], [ -48.6626696, -20.9261936 ] ] ] } },
{ "type": "Feature", "properties": { "comp_m": 114.49 }, "geometry": { "type": "MultiLineString", "coordinates": [ [ [ -48.6617843, -20.925571 ], [ -48.6619157, -20.9256668 ], [ -48.6619736, -20.9257106 ], [ -48.6621573, -20.9258416 ], [ -48.6622449, -20.925906 ], [ -48.6624, -20.926015 ], [ -48.6624503, -20.9260543 ], [ -48.6626562, -20.9262014 ] ] ] } },
{ "type": "Feature", "properties": { "comp_m": 112.86 }, "geometry": { "type": "MultiLineString", "coordinates": [ [ [ -48.6617876, -20.9255924 ], [ -48.6618106, -20.9256062 ], [ -48.6618981, -20.9256714 ], [ -48.6621918, -20.9258846 ], [ -48.6623838, -20.9260208 ], [ -48.6626482, -20.9262124 ] ] ] } },
{ "type": "Feature", "properties": { "comp_m": 114.09 }, "geometry": { "type": "MultiLineString", "coordinates": [ [ [ -48.6617927, -20.9256088 ], [ -48.6618063, -20.9256205 ], [ -48.6621521, -20.9258729 ], [ -48.6624034, -20.9260527 ], [ -48.6625431, -20.9261549 ], [ -48.6626467, -20.9262281 ] ] ] } },
{ "type": "Feature", "properties": { "comp_m": 110.81 }, "geometry": { "type": "MultiLineString", "coordinates": [ [ [ -48.6617913, -20.9256254 ], [ -48.6618192, -20.9256478 ], [ -48.6620538, -20.9258187 ], [ -48.6622599, -20.9259663 ], [ -48.6623697, -20.9260468 ], [ -48.6624732, -20.9261198 ], [ -48.6626049, -20.9262164 ], [ -48.6626353, -20.9262353 ] ] ] } },
{ "type": "Feature", "properties": { "comp_m": 105.89 }, "geometry": { "type": "MultiLineString", "coordinates": [ [ [ -48.6618107, -20.9257065 ], [ -48.6618244, -20.9257178 ], [ -48.661994, -20.925841 ], [ -48.6621035, -20.9259235 ], [ -48.6622228, -20.926006 ], [ -48.6622955, -20.9260614 ], [ -48.6625175, -20.9262199 ], [ -48.6625757, -20.9262636 ] ] ] } },
{ "type": "Feature", "properties": { "comp_m": 108.62 }, "geometry": { "type": "MultiLineString", "coordinates": [ [ [ -48.6617923, -20.9256433 ], [ -48.6618206, -20.9256654 ], [ -48.6619094, -20.925729 ], [ -48.6620786, -20.9258536 ], [ -48.6622348, -20.9259636 ], [ -48.66233, -20.9260348 ], [ -48.6624709, -20.9261351 ], [ -48.6626184, -20.9262427 ] ] ] } },
{ "type": "Feature", "properties": { "comp_m": 107.87 }, "geometry": { "type": "MultiLineString", "coordinates": [ [ [ -48.6617882, -20.9256595 ], [ -48.6618009, -20.925665 ], [ -48.6618063, -20.9256728 ], [ -48.6618065, -20.9256722 ], [ -48.6618658, -20.9257137 ], [ -48.6621297, -20.9259073 ], [ -48.6622338, -20.9259794 ], [ -48.6622842, -20.9260191 ], [ -48.6623576, -20.9260728 ], [ -48.6624394, -20.9261294 ], [ -48.6626084, -20.9262521 ] ] ] } },
{ "type": "Feature", "properties": { "comp_m": 104.22 }, "geometry": { "type": "MultiLineString", "coordinates": [ [ [ -48.661808, -20.9256905 ], [ -48.6618453, -20.9257157 ], [ -48.6619922, -20.9258223 ], [ -48.6621162, -20.9259148 ], [ -48.6622351, -20.925997 ], [ -48.6622782, -20.926031 ], [ -48.6623587, -20.9260901 ], [ -48.6624182, -20.9261312 ], [ -48.6625795, -20.926249 ], [ -48.6626022, -20.9262634 ] ] ] } },
{ "type": "Feature", "properties": { "comp_m": 104.13 }, "geometry": { "type": "MultiLineString", "coordinates": [ [ [ -48.6618075, -20.9257229 ], [ -48.6620916, -20.9259317 ], [ -48.6622175, -20.9260198 ], [ -48.66229, -20.926075 ], [ -48.66254, -20.9262537 ], [ -48.6625726, -20.9262785 ] ] ] } },
{ "type": "Feature", "properties": { "comp_m": 416.68 }, "geometry": { "type": "MultiLineString", "coordinates": [ [ [ -48.6604033, -20.9237398 ], [ -48.6604034, -20.9237763 ], [ -48.6603984, -20.9239039 ], [ -48.6603887, -20.9240857 ], [ -48.660389, -20.9241499 ], [ -48.6603935, -20.9241756 ], [ -48.6604032, -20.9241995 ], [ -48.6604162, -20.9242224 ], [ -48.6604327, -20.9242438 ], [ -48.6604519, -20.9242636 ], [ -48.6604877, -20.9242935 ], [ -48.6605324, -20.9243249 ], [ -48.6605637, -20.9243432 ], [ -48.6606026, -20.9243607 ], [ -48.6606635, -20.9243796 ], [ -48.660699, -20.9243889 ], [ -48.6608257, -20.9244154 ], [ -48.6609223, -20.9244428 ], [ -48.6609482, -20.9244514 ], [ -48.6610743, -20.9245009 ], [ -48.6611547, -20.9245421 ], [ -48.6612088, -20.9245755 ], [ -48.6612093, -20.9245756 ], [ -48.6612538, -20.9246062 ], [ -48.6612965, -20.9246406 ], [ -48.6613359, -20.9246798 ], [ -48.6613712, -20.9247206 ], [ -48.6614573, -20.9248334 ], [ -48.661546, -20.9249541 ], [ -48.6615764, -20.9250061 ], [ -48.6616167, -20.9250907 ], [ -48.6616349, -20.9251382 ], [ -48.6616747, -20.9252591 ], [ -48.6616968, -20.9253414 ], [ -48.6617338, -20.9254905 ], [ -48.6617663, -20.9256413 ], [ -48.6617802, -20.9257175 ], [ -48.6618131, -20.9258682 ], [ -48.6618308, -20.9259793 ], [ -48.6618395, -20.9260484 ], [ -48.6618396, -20.9260481 ], [ -48.6618503, -20.9260989 ], [ -48.6618565, -20.9261148 ], [ -48.6618701, -20.9261371 ], [ -48.6618883, -20.9261574 ], [ -48.6619027, -20.9261689 ], [ -48.6619182, -20.9261779 ], [ -48.6619349, -20.9261845 ], [ -48.6619526, -20.9261889 ], [ -48.6619806, -20.9261922 ], [ -48.6620773, -20.9261934 ], [ -48.6621914, -20.926199 ], [ -48.66221, -20.9262016 ], [ -48.6622667, -20.9262055 ], [ -48.6623684, -20.9262198 ], [ -48.6624219, -20.9262317 ], [ -48.6624734, -20.9262479 ], [ -48.66254, -20.9262743 ] ] ] } },
{ "type": "Feature", "properties": { "comp_m": 678.8 }, "geometry": { "type": "MultiLineString", "coordinates": [ [ [ -48.6592536, -20.921713 ], [ -48.6592623, -20.9217278 ], [ -48.6593437, -20.9218235 ], [ -48.6594969, -20.9219911 ], [ -48.6596459, -20.9221605 ], [ -48.6597575, -20.9222989 ], [ -48.6598595, -20.922432 ], [ -48.6599087, -20.9225037 ], [ -48.6600541, -20.9227377 ], [ -48.660075, -20.9227749 ], [ -48.6602627, -20.9230741 ], [ -48.6602797, -20.9231038 ], [ -48.6603215, -20.9231873 ], [ -48.6603471, -20.9232588 ], [ -48.6603598, -20.9232991 ], [ -48.6603725, -20.9233574 ], [ -48.6603802, -20.9234176 ], [ -48.6603849, -20.9234969 ], [ -48.6603848, -20.9235775 ], [ -48.6603735, -20.9237645 ], [ -48.6603691, -20.9239085 ], [ -48.6603605, -20.9240327 ], [ -48.660359, -20.9241048 ], [ -48.6603617, -20.9241579 ], [ -48.6603665, -20.9241831 ], [ -48.6603827, -20.9242221 ], [ -48.660396, -20.9242441 ], [ -48.6604195, -20.9242714 ], [ -48.6604394, -20.9242903 ], [ -48.6604895, -20.9243292 ], [ -48.660527, -20.924353 ], [ -48.6605823, -20.9243806 ], [ -48.6606233, -20.9243969 ], [ -48.660649, -20.9244044 ], [ -48.6607099, -20.9244196 ], [ -48.6607984, -20.9244382 ], [ -48.6608419, -20.9244491 ], [ -48.6609021, -20.9244659 ], [ -48.6609444, -20.9244795 ], [ -48.661043, -20.9245184 ], [ -48.6611221, -20.9245574 ], [ -48.661153, -20.9245747 ], [ -48.6611534, -20.9245749 ], [ -48.6612068, -20.9246066 ], [ -48.6612577, -20.9246438 ], [ -48.6612985, -20.924681 ], [ -48.6613294, -20.9247143 ], [ -48.6613798, -20.9247765 ], [ -48.6615144, -20.9249606 ], [ -48.6615501, -20.9250195 ], [ -48.6615737, -20.9250647 ], [ -48.6615969, -20.9251192 ], [ -48.6616226, -20.9251907 ], [ -48.6616427, -20.9252553 ], [ -48.6616761, -20.9253781 ], [ -48.6617104, -20.9255185 ], [ -48.6617525, -20.9257282 ], [ -48.6617815, -20.9258616 ], [ -48.661793, -20.9259294 ], [ -48.6618097, -20.9260493 ], [ -48.6618183, -20.9260912 ], [ -48.6618257, -20.9261155 ], [ -48.6618355, -20.9261389 ], [ -48.6618438, -20.9261538 ], [ -48.6618541, -20.9261681 ], [ -48.661867, -20.9261807 ], [ -48.6618895, -20.9261952 ], [ -48.6619136, -20.9262062 ], [ -48.6619391, -20.9262141 ], [ -48.6619759, -20.9262185 ], [ -48.6621956, -20.9262264 ], [ -48.662326, -20.9262386 ], [ -48.662423, -20.9262599 ], [ -48.6624815, -20.9262806 ], [ -48.6625459, -20.9263095 ] ] ] } },
{ "type": "Feature", "properties": { "comp_m": 676.99 }, "geometry": { "type": "MultiLineString", "coordinates": [ [ [ -48.6592701, -20.9217166 ], [ -48.6592714, -20.9217184 ], [ -48.6592846, -20.9217312 ], [ -48.6594078, -20.9218741 ], [ -48.6595071, -20.9219806 ], [ -48.6596497, -20.9221432 ], [ -48.6597004, -20.9222052 ], [ -48.6597437, -20.922261 ], [ -48.6597726, -20.9222952 ], [ -48.6598742, -20.9224281 ], [ -48.6599044, -20.9224708 ], [ -48.6599504, -20.9225435 ], [ -48.659961, -20.9225576 ], [ -48.6599686, -20.9225727 ], [ -48.6599784, -20.922587 ], [ -48.6600086, -20.9226387 ], [ -48.6600685, -20.9227332 ], [ -48.6600886, -20.9227707 ], [ -48.6601895, -20.9229309 ], [ -48.6602277, -20.9229885 ], [ -48.6602488, -20.9230256 ], [ -48.6602811, -20.9230765 ], [ -48.6603351, -20.9231822 ], [ -48.6603661, -20.9232696 ], [ -48.6603832, -20.9233352 ], [ -48.6603909, -20.9233862 ], [ -48.660398, -20.9234645 ], [ -48.6604, -20.9234997 ], [ -48.6603989, -20.923599 ], [ -48.6603934, -20.9236604 ], [ -48.6603841, -20.9238569 ], [ -48.6603831, -20.9239202 ], [ -48.660375, -20.9240352 ], [ -48.6603731, -20.9241255 ], [ -48.6603758, -20.9241605 ], [ -48.6603816, -20.9241853 ], [ -48.6603956, -20.924216 ], [ -48.6604095, -20.9242378 ], [ -48.6604323, -20.9242653 ], [ -48.660446, -20.9242777 ], [ -48.6605104, -20.9243272 ], [ -48.6605406, -20.9243459 ], [ -48.6606045, -20.9243754 ], [ -48.6606209, -20.9243819 ], [ -48.660655, -20.9243922 ], [ -48.6607073, -20.9244048 ], [ -48.6608133, -20.9244272 ], [ -48.6609333, -20.9244611 ], [ -48.6610405, -20.924502 ], [ -48.6611276, -20.9245443 ], [ -48.6611662, -20.9245658 ], [ -48.6612188, -20.9245988 ], [ -48.661248, -20.9246196 ], [ -48.6612762, -20.9246426 ], [ -48.6613105, -20.9246734 ], [ -48.6613299, -20.9246932 ], [ -48.6613804, -20.9247552 ], [ -48.6614109, -20.9247978 ], [ -48.6614492, -20.9248465 ], [ -48.6614792, -20.9248892 ], [ -48.6615119, -20.924931 ], [ -48.6615447, -20.9249817 ], [ -48.6615782, -20.9250411 ], [ -48.6616024, -20.925095 ], [ -48.6616239, -20.9251499 ], [ -48.6616402, -20.9251978 ], [ -48.6616622, -20.9252705 ], [ -48.661717, -20.9254838 ], [ -48.6617476, -20.9256253 ], [ -48.6617683, -20.9257345 ], [ -48.6617801, -20.925784 ], [ -48.6617974, -20.9258675 ], [ -48.6618088, -20.9259352 ], [ -48.6618255, -20.9260548 ], [ -48.6618343, -20.9260965 ], [ -48.6618426, -20.9261204 ], [ -48.6618505, -20.9261354 ], [ -48.6618595, -20.92615 ], [ -48.6618777, -20.92617 ], [ -48.6619, -20.9261845 ], [ -48.6619239, -20.9261957 ], [ -48.6619586, -20.9262047 ], [ -48.6619866, -20.926207 ], [ -48.6620726, -20.9262077 ], [ -48.6621774, -20.9262115 ], [ -48.6622046, -20.9262154 ], [ -48.662298, -20.926223 ], [ -48.6623526, -20.9262306 ], [ -48.6624315, -20.9262488 ], [ -48.6624652, -20.9262598 ], [ -48.6625064, -20.9262755 ], [ -48.662554, -20.9262984 ] ] ] } },
{ "type": "Feature", "properties": { "comp_m": 75.17 }, "geometry": { "type": "MultiLineString", "coordinates": [ [ [ -48.6618467, -20.9261815 ], [ -48.6618762, -20.9262031 ], [ -48.6619001, -20.9262154 ], [ -48.6619259, -20.9262237 ], [ -48.6619531, -20.9262288 ], [ -48.661991, -20.9262322 ], [ -48.6621269, -20.9262369 ], [ -48.6622038, -20.9262413 ], [ -48.6622988, -20.9262491 ], [ -48.6623632, -20.9262591 ], [ -48.6624077, -20.9262695 ], [ -48.6624507, -20.9262831 ], [ -48.6624839, -20.9262969 ], [ -48.6625406, -20.9263237 ] ] ] } },
{ "type": "Feature", "properties": { "comp_m": 92.12 }, "geometry": { "type": "MultiLineString", "coordinates": [ [ [ -48.6618271, -20.9257736 ], [ -48.661872, -20.9258041 ], [ -48.6619746, -20.9258802 ], [ -48.6621892, -20.926033 ], [ -48.6623363, -20.9261406 ], [ -48.6624013, -20.9261909 ], [ -48.6624003, -20.9261908 ], [ -48.6624343, -20.9262127 ] ] ] } },
{ "type": "Feature", "properties": { "comp_m": 684.36 }, "geometry": { "type": "MultiLineString", "coordinates": [ [ [ -48.6591792, -20.9217042 ], [ -48.6591859, -20.9217073 ], [ -48.6592051, -20.9217262 ], [ -48.6592503, -20.9217815 ], [ -48.659316, -20.9218561 ], [ -48.6593966, -20.9219429 ], [ -48.6594812, -20.9220375 ], [ -48.6595385, -20.922097 ], [ -48.6595626, -20.922124 ], [ -48.65978, -20.9223944 ], [ -48.6598525, -20.9224935 ], [ -48.6599187, -20.922595 ], [ -48.6599652, -20.9226768 ], [ -48.6600029, -20.9227348 ], [ -48.6600385, -20.9227937 ], [ -48.6602313, -20.9231003 ], [ -48.6602785, -20.9231908 ], [ -48.6602918, -20.9232219 ], [ -48.6603081, -20.9232699 ], [ -48.660324, -20.9233271 ], [ -48.6603332, -20.9233777 ], [ -48.6603401, -20.9234472 ], [ -48.6603428, -20.9235183 ], [ -48.6603415, -20.9236086 ], [ -48.6603309, -20.9237229 ], [ -48.6603287, -20.9238311 ], [ -48.6603177, -20.9240273 ], [ -48.6603154, -20.9241085 ], [ -48.6603174, -20.9241438 ], [ -48.6603244, -20.9241863 ], [ -48.6603404, -20.9242254 ], [ -48.6603606, -20.9242629 ], [ -48.6603705, -20.9242772 ], [ -48.6603887, -20.9242975 ], [ -48.6604214, -20.9243295 ], [ -48.6604497, -20.9243525 ], [ -48.6605022, -20.9243863 ], [ -48.6605654, -20.9244177 ], [ -48.6606065, -20.9244339 ], [ -48.6606838, -20.924456 ], [ -48.6607189, -20.9244641 ], [ -48.660808, -20.9244814 ], [ -48.6608778, -20.9244988 ], [ -48.6609696, -20.9245313 ], [ -48.661043, -20.9245618 ], [ -48.6610668, -20.9245734 ], [ -48.6610673, -20.9245736 ], [ -48.6611372, -20.9246118 ], [ -48.6611896, -20.9246458 ], [ -48.6612533, -20.9246976 ], [ -48.6612923, -20.9247364 ], [ -48.6613272, -20.9247775 ], [ -48.6613744, -20.9248411 ], [ -48.6613968, -20.9248688 ], [ -48.6614479, -20.92494 ], [ -48.6615014, -20.9250192 ], [ -48.6615187, -20.9250489 ], [ -48.6615418, -20.9250944 ], [ -48.6615695, -20.9251652 ], [ -48.6616057, -20.925278 ], [ -48.6616594, -20.9254745 ], [ -48.6616754, -20.9255497 ], [ -48.6617071, -20.9257183 ], [ -48.6617383, -20.9258601 ], [ -48.6617491, -20.9259282 ], [ -48.66176, -20.9260143 ], [ -48.6617742, -20.9260902 ], [ -48.6617807, -20.9261149 ], [ -48.6617896, -20.9261386 ], [ -48.6618164, -20.9261827 ], [ -48.6618556, -20.9262213 ], [ -48.661895, -20.9262413 ], [ -48.6619202, -20.92625 ], [ -48.661975, -20.9262577 ], [ -48.6621565, -20.9262645 ], [ -48.6622037, -20.9262675 ], [ -48.662297, -20.9262761 ], [ -48.6623607, -20.9262855 ], [ -48.6623957, -20.926294 ], [ -48.6624544, -20.9263142 ], [ -48.6624787, -20.9263249 ], [ -48.6625173, -20.9263466 ], [ -48.6625257, -20.9263486 ] ] ] } },
{ "type": "Feature", "properties": { "comp_m": 687.47 }, "geometry": { "type": "MultiLineString", "coordinates": [ [ [ -48.6591385, -20.9217208 ], [ -48.6591954, -20.9217785 ], [ -48.6593127, -20.921915 ], [ -48.6594384, -20.9220478 ], [ -48.6594872, -20.9221017 ], [ -48.6596028, -20.9222389 ], [ -48.6597841, -20.9224687 ], [ -48.6598141, -20.9225115 ], [ -48.6598275, -20.9225336 ], [ -48.6598435, -20.9225546 ], [ -48.6599183, -20.92268 ], [ -48.6599649, -20.9227527 ], [ -48.6600449, -20.9228851 ], [ -48.660138, -20.9230306 ], [ -48.6601912, -20.923119 ], [ -48.6602341, -20.9232021 ], [ -48.6602603, -20.9232644 ], [ -48.6602746, -20.9233132 ], [ -48.6602856, -20.9233632 ], [ -48.6602951, -20.9234317 ], [ -48.6602977, -20.9234848 ], [ -48.6602968, -20.923593 ], [ -48.6602906, -20.9236909 ], [ -48.6602916, -20.9237173 ], [ -48.6602887, -20.9237527 ], [ -48.6602867, -20.9238158 ], [ -48.6602795, -20.923931 ], [ -48.6602748, -20.9240386 ], [ -48.6602735, -20.9240746 ], [ -48.6602744, -20.9241284 ], [ -48.6602769, -20.9241635 ], [ -48.660283, -20.9241973 ], [ -48.6602973, -20.9242371 ], [ -48.6603176, -20.9242745 ], [ -48.6603332, -20.9242958 ], [ -48.6603625, -20.9243299 ], [ -48.6604103, -20.9243728 ], [ -48.6604611, -20.9244102 ], [ -48.6605231, -20.9244443 ], [ -48.6605636, -20.9244618 ], [ -48.6606054, -20.9244765 ], [ -48.6606571, -20.9244909 ], [ -48.6607723, -20.924515 ], [ -48.6608682, -20.9245387 ], [ -48.660927, -20.9245587 ], [ -48.6609597, -20.924572 ], [ -48.6609602, -20.9245722 ], [ -48.6610409, -20.9246082 ], [ -48.6610962, -20.9246361 ], [ -48.6611651, -20.9246768 ], [ -48.6611943, -20.9246981 ], [ -48.6612149, -20.9247165 ], [ -48.6612534, -20.9247555 ], [ -48.6612826, -20.9247898 ], [ -48.6614066, -20.9249513 ], [ -48.6614601, -20.9250306 ], [ -48.6614888, -20.9250832 ], [ -48.6615099, -20.9251295 ], [ -48.6615277, -20.925177 ], [ -48.6615464, -20.9252333 ], [ -48.6615729, -20.9253228 ], [ -48.6616242, -20.9255114 ], [ -48.6616727, -20.9257643 ], [ -48.6617003, -20.9258804 ], [ -48.6617225, -20.9260437 ], [ -48.6617299, -20.9260862 ], [ -48.6617375, -20.9261194 ], [ -48.6617455, -20.9261435 ], [ -48.6617596, -20.9261744 ], [ -48.6617735, -20.9261963 ], [ -48.6617904, -20.9262171 ], [ -48.6618164, -20.9262425 ], [ -48.6618534, -20.926268 ], [ -48.6618851, -20.9262838 ], [ -48.6619109, -20.9262911 ], [ -48.6619381, -20.9262955 ], [ -48.6619661, -20.926298 ], [ -48.6621575, -20.926305 ], [ -48.6622048, -20.9263081 ], [ -48.6622887, -20.9263161 ], [ -48.6623609, -20.9263284 ], [ -48.6624043, -20.9263398 ], [ -48.6624618, -20.9263628 ], [ -48.6625014, -20.9263826 ], [ -48.6625016, -20.9263823 ], [ -48.6625065, -20.9263849 ] ] ] } },
{ "type": "Feature", "properties": { "comp_m": 685.15 }, "geometry": { "type": "MultiLineString", "coordinates": [ [ [ -48.659169, -20.9217106 ], [ -48.6592074, -20.9217501 ], [ -48.6592412, -20.9217915 ], [ -48.6593188, -20.9218798 ], [ -48.6594601, -20.9220342 ], [ -48.6595179, -20.9220938 ], [ -48.6595819, -20.9221691 ], [ -48.6597266, -20.9223495 ], [ -48.6597973, -20.9224403 ], [ -48.6598725, -20.9225475 ], [ -48.659909, -20.922606 ], [ -48.6599471, -20.9226729 ], [ -48.6599845, -20.9227311 ], [ -48.6600243, -20.9227974 ], [ -48.6601997, -20.9230746 ], [ -48.6602298, -20.9231265 ], [ -48.6602679, -20.9232025 ], [ -48.6602843, -20.9232414 ], [ -48.6603101, -20.923331 ], [ -48.6603197, -20.9233815 ], [ -48.6603271, -20.9234599 ], [ -48.6603284, -20.9235045 ], [ -48.6603267, -20.9236038 ], [ -48.6603232, -20.9236571 ], [ -48.6603162, -20.9237272 ], [ -48.6603123, -20.9238626 ], [ -48.6603019, -20.9240683 ], [ -48.6603017, -20.9241224 ], [ -48.6603047, -20.9241574 ], [ -48.6603113, -20.924191 ], [ -48.6603266, -20.9242304 ], [ -48.6603468, -20.9242679 ], [ -48.6603623, -20.9242892 ], [ -48.6603799, -20.9243097 ], [ -48.6604346, -20.9243584 ], [ -48.6604638, -20.9243796 ], [ -48.6604864, -20.9243938 ], [ -48.6605575, -20.9244293 ], [ -48.6606155, -20.9244511 ], [ -48.660676, -20.9244674 ], [ -48.660711, -20.9244758 ], [ -48.6608178, -20.9244969 ], [ -48.6608872, -20.9245152 ], [ -48.6609457, -20.9245359 ], [ -48.6610355, -20.924573 ], [ -48.6610359, -20.9245731 ], [ -48.6611069, -20.9246092 ], [ -48.661168, -20.9246456 ], [ -48.6612185, -20.924684 ], [ -48.6612458, -20.9247086 ], [ -48.661272, -20.9247349 ], [ -48.6612962, -20.9247619 ], [ -48.6613242, -20.9247967 ], [ -48.6613883, -20.9248811 ], [ -48.6614445, -20.9249594 ], [ -48.6614932, -20.9250316 ], [ -48.6615282, -20.9250998 ], [ -48.6615452, -20.9251386 ], [ -48.6615894, -20.9252756 ], [ -48.6616217, -20.92539 ], [ -48.6616514, -20.9255053 ], [ -48.6616705, -20.9255975 ], [ -48.6616918, -20.925716 ], [ -48.6617271, -20.9258743 ], [ -48.6617453, -20.926012 ], [ -48.6617629, -20.9261048 ], [ -48.6617706, -20.926129 ], [ -48.6617804, -20.9261524 ], [ -48.6618085, -20.9261961 ], [ -48.6618349, -20.9262214 ], [ -48.661857, -20.9262368 ], [ -48.6618802, -20.9262497 ], [ -48.6619134, -20.9262621 ], [ -48.6619402, -20.9262673 ], [ -48.6619679, -20.9262706 ], [ -48.662016, -20.9262718 ], [ -48.6622155, -20.926282 ], [ -48.6622991, -20.9262906 ], [ -48.6623628, -20.9263004 ], [ -48.6623976, -20.9263093 ], [ -48.6624481, -20.9263264 ], [ -48.6624801, -20.9263414 ], [ -48.6625189, -20.9263628 ] ] ] } },
{ "type": "Feature", "properties": { "comp_m": 685.9 }, "geometry": { "type": "MultiLineString", "coordinates": [ [ [ -48.6591544, -20.9217142 ], [ -48.6591652, -20.9217274 ], [ -48.6591977, -20.92176 ], [ -48.6592854, -20.9218623 ], [ -48.6593454, -20.92193 ], [ -48.6595078, -20.9221035 ], [ -48.6595774, -20.9221855 ], [ -48.6596391, -20.9222615 ], [ -48.6597981, -20.9224633 ], [ -48.6598534, -20.9225417 ], [ -48.6599317, -20.9226745 ], [ -48.6599738, -20.9227398 ], [ -48.6600175, -20.9228135 ], [ -48.6600784, -20.9229079 ], [ -48.6601918, -20.9230906 ], [ -48.6602131, -20.9231277 ], [ -48.6602479, -20.9231957 ], [ -48.6602749, -20.9232577 ], [ -48.6602862, -20.9232985 ], [ -48.6603017, -20.9233647 ], [ -48.6603104, -20.9234335 ], [ -48.6603131, -20.9234865 ], [ -48.6603121, -20.9235847 ], [ -48.6603071, -20.9236738 ], [ -48.6603035, -20.9236997 ], [ -48.6603025, -20.9237623 ], [ -48.6602886, -20.924057 ], [ -48.6602882, -20.92412 ], [ -48.6602914, -20.9241639 ], [ -48.6602983, -20.9241973 ], [ -48.6603098, -20.924229 ], [ -48.6603295, -20.9242667 ], [ -48.6603449, -20.9242879 ], [ -48.6603746, -20.9243219 ], [ -48.6603945, -20.9243412 ], [ -48.6604295, -20.9243704 ], [ -48.6604585, -20.9243918 ], [ -48.660481, -20.9244061 ], [ -48.6605437, -20.9244386 ], [ -48.6605846, -20.9244552 ], [ -48.6606529, -20.9244755 ], [ -48.6607143, -20.9244896 ], [ -48.6607768, -20.9245013 ], [ -48.6608467, -20.9245181 ], [ -48.660881, -20.9245279 ], [ -48.6609312, -20.9245452 ], [ -48.6609963, -20.9245725 ], [ -48.6609972, -20.9245728 ], [ -48.661093, -20.924618 ], [ -48.6611621, -20.9246577 ], [ -48.6612058, -20.9246895 ], [ -48.6612524, -20.9247339 ], [ -48.6613107, -20.9248023 ], [ -48.6614226, -20.9249498 ], [ -48.6614758, -20.9250291 ], [ -48.6615115, -20.9250969 ], [ -48.6615281, -20.9251357 ], [ -48.6615631, -20.9252399 ], [ -48.6615873, -20.925321 ], [ -48.6616165, -20.9254272 ], [ -48.6616435, -20.9255343 ], [ -48.661687, -20.9257615 ], [ -48.6617138, -20.9258777 ], [ -48.6617301, -20.9260068 ], [ -48.6617433, -20.926083 ], [ -48.661749, -20.9261079 ], [ -48.6617564, -20.9261322 ], [ -48.6617698, -20.9261633 ], [ -48.6617832, -20.9261853 ], [ -48.6617991, -20.9262064 ], [ -48.6618253, -20.926232 ], [ -48.6618471, -20.9262476 ], [ -48.6618701, -20.9262611 ], [ -48.6618861, -20.9262686 ], [ -48.6619115, -20.9262766 ], [ -48.6619384, -20.9262815 ], [ -48.6619661, -20.9262845 ], [ -48.6621662, -20.9262919 ], [ -48.6622506, -20.9262985 ], [ -48.6623058, -20.9263052 ], [ -48.6623687, -20.9263161 ], [ -48.6624284, -20.9263341 ], [ -48.662477, -20.9263552 ], [ -48.6625071, -20.9263742 ] ] ] } },
{ "type": "Feature", "properties": { "comp_m": 687.53 }, "geometry": { "type": "MultiLineString", "coordinates": [ [ [ -48.6591192, -20.9217407 ], [ -48.659124, -20.9217479 ], [ -48.6591747, -20.9218008 ], [ -48.6591856, -20.9218148 ], [ -48.65924, -20.9218753 ], [ -48.6592867, -20.92193 ], [ -48.6594372, -20.9220901 ], [ -48.659503, -20.9221647 ], [ -48.6595997, -20.9222818 ], [ -48.6597567, -20.9224837 ], [ -48.6598063, -20.9225553 ], [ -48.6598527, -20.9226281 ], [ -48.6599868, -20.9228485 ], [ -48.6600695, -20.9229798 ], [ -48.660103, -20.9230304 ], [ -48.6601333, -20.9230821 ], [ -48.6601433, -20.9230959 ], [ -48.6601794, -20.9231635 ], [ -48.6602057, -20.9232168 ], [ -48.6602282, -20.9232715 ], [ -48.6602433, -20.9233199 ], [ -48.6602586, -20.9234043 ], [ -48.6602665, -20.9234735 ], [ -48.6602678, -20.9235361 ], [ -48.6602664, -20.9235993 ], [ -48.6602566, -20.9237505 ], [ -48.6602525, -20.9238761 ], [ -48.6602474, -20.923947 ], [ -48.660243, -20.9240638 ], [ -48.6602439, -20.9240995 ], [ -48.6602473, -20.9241613 ], [ -48.6602539, -20.9242039 ], [ -48.6602671, -20.924244 ], [ -48.6602868, -20.9242817 ], [ -48.6603175, -20.9243243 ], [ -48.6603557, -20.9243639 ], [ -48.660383, -20.9243882 ], [ -48.6604336, -20.9244261 ], [ -48.6604637, -20.924445 ], [ -48.6604951, -20.9244613 ], [ -48.6605349, -20.9244802 ], [ -48.6605677, -20.9244934 ], [ -48.6606444, -20.9245167 ], [ -48.6607762, -20.9245469 ], [ -48.660803, -20.9245518 ], [ -48.6608719, -20.9245709 ], [ -48.6608729, -20.9245711 ], [ -48.6609151, -20.9245851 ], [ -48.6609478, -20.9245985 ], [ -48.6610526, -20.9246459 ], [ -48.6611227, -20.9246838 ], [ -48.66116, -20.9247086 ], [ -48.6611884, -20.9247312 ], [ -48.6612212, -20.9247636 ], [ -48.6612519, -20.9247973 ], [ -48.6613063, -20.9248673 ], [ -48.6613417, -20.9249173 ], [ -48.6613955, -20.9249875 ], [ -48.6614292, -20.9250382 ], [ -48.6614542, -20.925083 ], [ -48.6614696, -20.9251134 ], [ -48.6614985, -20.9251839 ], [ -48.66152, -20.9252481 ], [ -48.6615572, -20.9253787 ], [ -48.661596, -20.9255268 ], [ -48.6615997, -20.9255525 ], [ -48.6616098, -20.9255939 ], [ -48.661631, -20.9257124 ], [ -48.6616391, -20.9257455 ], [ -48.6616463, -20.925788 ], [ -48.6616513, -20.9258042 ], [ -48.6616728, -20.9259045 ], [ -48.6616892, -20.9260158 ], [ -48.661694, -20.9260592 ], [ -48.6617015, -20.9261015 ], [ -48.6617079, -20.9261262 ], [ -48.6617189, -20.9261583 ], [ -48.6617293, -20.9261815 ], [ -48.6617481, -20.9262106 ], [ -48.6617752, -20.9262456 ], [ -48.6617885, -20.9262584 ], [ -48.6618102, -20.9262745 ], [ -48.6618406, -20.926293 ], [ -48.6618726, -20.9263082 ], [ -48.6619156, -20.9263205 ], [ -48.6619616, -20.9263263 ], [ -48.6620479, -20.9263273 ], [ -48.6621431, -20.9263315 ], [ -48.6622089, -20.9263366 ], [ -48.6623109, -20.9263475 ], [ -48.6623469, -20.9263539 ], [ -48.6623904, -20.926365 ], [ -48.6624245, -20.9263756 ], [ -48.6624814, -20.9264 ] ] ] } },
{ "type": "Feature", "properties": { "comp_m": 686.98 }, "geometry": { "type": "MultiLineString", "coordinates": [ [ [ -48.6591278, -20.9217259 ], [ -48.6591338, -20.9217351 ], [ -48.6591771, -20.9217813 ], [ -48.6592173, -20.9218293 ], [ -48.6592541, -20.9218696 ], [ -48.6593007, -20.9219242 ], [ -48.6594512, -20.922084 ], [ -48.659523, -20.9221652 ], [ -48.6597177, -20.9224076 ], [ -48.6597656, -20.9224707 ], [ -48.6598015, -20.9225203 ], [ -48.6598305, -20.9225634 ], [ -48.6600318, -20.9228933 ], [ -48.6601476, -20.9230751 ], [ -48.6601899, -20.9231493 ], [ -48.6602203, -20.9232099 ], [ -48.6602461, -20.9232723 ], [ -48.6602585, -20.9233127 ], [ -48.6602746, -20.9233967 ], [ -48.6602791, -20.923431 ], [ -48.6602831, -20.9234925 ], [ -48.6602825, -20.9235737 ], [ -48.6602631, -20.9239481 ], [ -48.6602594, -20.9240468 ], [ -48.6602598, -20.9241276 ], [ -48.6602645, -20.9241799 ], [ -48.6602699, -20.9242049 ], [ -48.6602808, -20.9242368 ], [ -48.6603044, -20.924282 ], [ -48.6603248, -20.9243104 ], [ -48.6603429, -20.9243306 ], [ -48.6603967, -20.9243809 ], [ -48.6604253, -20.9244031 ], [ -48.6604474, -20.9244182 ], [ -48.6604778, -20.9244367 ], [ -48.660517, -20.9244567 ], [ -48.6605492, -20.924471 ], [ -48.6605823, -20.9244835 ], [ -48.6606506, -20.9245038 ], [ -48.6607653, -20.9245283 ], [ -48.6608264, -20.924543 ], [ -48.6608696, -20.9245547 ], [ -48.66092, -20.9245715 ], [ -48.660921, -20.9245717 ], [ -48.660986, -20.9245992 ], [ -48.66105, -20.924629 ], [ -48.6610973, -20.9246529 ], [ -48.6611582, -20.9246894 ], [ -48.6611801, -20.9247052 ], [ -48.6612009, -20.924723 ], [ -48.6612336, -20.9247553 ], [ -48.6612639, -20.924789 ], [ -48.6613396, -20.924887 ], [ -48.6614367, -20.925022 ], [ -48.6614711, -20.9250812 ], [ -48.6614889, -20.9251196 ], [ -48.6615078, -20.9251666 ], [ -48.6615354, -20.9252465 ], [ -48.661584, -20.9254176 ], [ -48.66161, -20.925516 ], [ -48.6616566, -20.92576 ], [ -48.6616885, -20.9259013 ], [ -48.6617084, -20.9260471 ], [ -48.6617228, -20.9261228 ], [ -48.6617342, -20.9261546 ], [ -48.6617485, -20.9261853 ], [ -48.6617795, -20.9262278 ], [ -48.6617919, -20.9262408 ], [ -48.6618059, -20.9262527 ], [ -48.6618276, -20.9262688 ], [ -48.6618428, -20.9262781 ], [ -48.6618745, -20.9262937 ], [ -48.6619173, -20.9263062 ], [ -48.6619633, -20.9263117 ], [ -48.6620494, -20.9263134 ], [ -48.6621823, -20.9263201 ], [ -48.6623123, -20.926333 ], [ -48.662366, -20.9263429 ], [ -48.6624089, -20.9263553 ], [ -48.6624418, -20.9263681 ], [ -48.6624902, -20.9263896 ] ] ] } },
{ "type": "Feature", "properties": { "comp_m": 87.34 }, "geometry": { "type": "MultiLineString", "coordinates": [ [ [ -48.6618224, -20.9257536 ], [ -48.6618457, -20.9257673 ], [ -48.6620443, -20.9259148 ], [ -48.6622005, -20.9260254 ], [ -48.662422, -20.9261874 ], [ -48.6624769, -20.9262202 ] ] ] } },
{ "type": "Feature", "properties": { "comp_m": 689.32 }, "geometry": { "type": "MultiLineString", "coordinates": [ [ [ -48.6590894, -20.9217625 ], [ -48.6591084, -20.9217818 ], [ -48.6593023, -20.9220062 ], [ -48.6593843, -20.9220925 ], [ -48.6595284, -20.9222546 ], [ -48.6595514, -20.9222821 ], [ -48.659757, -20.9225477 ], [ -48.6597825, -20.9225833 ], [ -48.6598157, -20.922634 ], [ -48.6598503, -20.9226931 ], [ -48.6598964, -20.922766 ], [ -48.6599448, -20.9228471 ], [ -48.6601254, -20.92314 ], [ -48.6601666, -20.9232148 ], [ -48.6601887, -20.9232696 ], [ -48.6602127, -20.9233507 ], [ -48.6602215, -20.9234105 ], [ -48.6602275, -20.9234804 ], [ -48.6602298, -20.9235425 ], [ -48.6602278, -20.9236232 ], [ -48.6602213, -20.9237391 ], [ -48.6602135, -20.9238454 ], [ -48.660207, -20.9240342 ], [ -48.6602065, -20.9241064 ], [ -48.6602103, -20.924177 ], [ -48.660215, -20.9242113 ], [ -48.6602217, -20.9242448 ], [ -48.6602334, -20.9242765 ], [ -48.6602415, -20.9242915 ], [ -48.660261, -20.9243203 ], [ -48.6602892, -20.9243548 ], [ -48.6603273, -20.9243946 ], [ -48.6603476, -20.9244129 ], [ -48.6603764, -20.9244349 ], [ -48.6604364, -20.9244734 ], [ -48.660507, -20.9245099 ], [ -48.6605642, -20.9245332 ], [ -48.6606337, -20.9245511 ], [ -48.6607226, -20.9245687 ], [ -48.6607251, -20.9245691 ], [ -48.6607519, -20.9245741 ], [ -48.6608303, -20.9245938 ], [ -48.6608641, -20.9246048 ], [ -48.6609055, -20.9246205 ], [ -48.6610276, -20.9246721 ], [ -48.6610677, -20.9246905 ], [ -48.6610986, -20.9247078 ], [ -48.6611287, -20.9247269 ], [ -48.6611639, -20.9247559 ], [ -48.6611843, -20.924775 ], [ -48.6612434, -20.9248432 ], [ -48.6613772, -20.9250277 ], [ -48.6614062, -20.925071 ], [ -48.6614239, -20.9251005 ], [ -48.6614394, -20.9251308 ], [ -48.6614583, -20.9251778 ], [ -48.6615115, -20.9253745 ], [ -48.6615334, -20.9254474 ], [ -48.6615603, -20.9255637 ], [ -48.6615992, -20.9257566 ], [ -48.6616336, -20.9258971 ], [ -48.6616522, -20.9259984 ], [ -48.6616684, -20.9261096 ], [ -48.6616802, -20.9261593 ], [ -48.6616906, -20.9261915 ], [ -48.6617086, -20.9262299 ], [ -48.6617413, -20.9262718 ], [ -48.6617547, -20.9262843 ], [ -48.6617691, -20.9262953 ], [ -48.6618068, -20.9263191 ], [ -48.6618461, -20.9263394 ], [ -48.6618704, -20.9263499 ], [ -48.6619045, -20.9263602 ], [ -48.6619406, -20.9263661 ], [ -48.6619783, -20.9263688 ], [ -48.662083, -20.926367 ], [ -48.6621309, -20.9263675 ], [ -48.6622073, -20.9263702 ], [ -48.6622448, -20.9263732 ], [ -48.6622998, -20.9263804 ], [ -48.6623443, -20.9263894 ], [ -48.6624041, -20.9264072 ], [ -48.6624621, -20.9264291 ] ] ] } },
{ "type": "Feature", "properties": { "comp_m": 691.78 }, "geometry": { "type": "MultiLineString", "coordinates": [ [ [ -48.659072, -20.921763 ], [ -48.6592645, -20.9219845 ], [ -48.6594082, -20.922142 ], [ -48.6594604, -20.9222052 ], [ -48.6594591, -20.9222052 ], [ -48.6594665, -20.9222102 ], [ -48.6595038, -20.9222498 ], [ -48.6595438, -20.922298 ], [ -48.6596974, -20.9224931 ], [ -48.6597453, -20.9225563 ], [ -48.6597756, -20.9225991 ], [ -48.6598038, -20.9226426 ], [ -48.6598562, -20.9227313 ], [ -48.6598797, -20.9227676 ], [ -48.6601044, -20.9231344 ], [ -48.6601422, -20.9232015 ], [ -48.6601575, -20.9232318 ], [ -48.6601674, -20.9232552 ], [ -48.6601856, -20.9233114 ], [ -48.6601986, -20.9233607 ], [ -48.6602058, -20.9234121 ], [ -48.6602129, -20.9234906 ], [ -48.6602143, -20.9235532 ], [ -48.6602126, -20.9236163 ], [ -48.6601975, -20.9238474 ], [ -48.6601918, -20.9240276 ], [ -48.6601909, -20.9241181 ], [ -48.6601948, -20.9241797 ], [ -48.6601997, -20.924214 ], [ -48.6602094, -20.9242554 ], [ -48.6602219, -20.9242868 ], [ -48.6602348, -20.924309 ], [ -48.6602497, -20.9243305 ], [ -48.6602717, -20.9243583 ], [ -48.6602899, -20.9243786 ], [ -48.6603164, -20.9244042 ], [ -48.6603373, -20.9244222 ], [ -48.6603951, -20.9244656 ], [ -48.6604405, -20.9244934 ], [ -48.6605119, -20.9245284 ], [ -48.6605612, -20.9245478 ], [ -48.6606396, -20.9245675 ], [ -48.6606415, -20.9245679 ], [ -48.6607746, -20.9245955 ], [ -48.6608267, -20.9246091 ], [ -48.6608772, -20.9246261 ], [ -48.6609348, -20.9246488 ], [ -48.6610239, -20.9246875 ], [ -48.6610639, -20.9247063 ], [ -48.6611024, -20.9247282 ], [ -48.6611246, -20.9247435 ], [ -48.661153, -20.9247662 ], [ -48.6611798, -20.924792 ], [ -48.6612165, -20.9248324 ], [ -48.6612493, -20.9248743 ], [ -48.6613613, -20.925031 ], [ -48.6613855, -20.9250671 ], [ -48.6614202, -20.9251263 ], [ -48.6614308, -20.9251494 ], [ -48.6614428, -20.925181 ], [ -48.6614552, -20.9252215 ], [ -48.661481, -20.9253202 ], [ -48.6615225, -20.925467 ], [ -48.6615436, -20.9255584 ], [ -48.6615824, -20.9257515 ], [ -48.6616197, -20.925909 ], [ -48.6616403, -20.9260185 ], [ -48.6616527, -20.9261132 ], [ -48.6616643, -20.926163 ], [ -48.6616746, -20.9261952 ], [ -48.6616892, -20.9262258 ], [ -48.6617078, -20.926255 ], [ -48.6617308, -20.9262825 ], [ -48.6617584, -20.9263071 ], [ -48.6617961, -20.9263308 ], [ -48.6618352, -20.9263514 ], [ -48.6618595, -20.9263621 ], [ -48.661876, -20.9263685 ], [ -48.6618933, -20.9263731 ], [ -48.6619383, -20.9263809 ], [ -48.6619759, -20.9263838 ], [ -48.6621091, -20.9263814 ], [ -48.6622043, -20.9263848 ], [ -48.6622511, -20.9263887 ], [ -48.6622968, -20.926395 ], [ -48.6623414, -20.9264038 ], [ -48.6623758, -20.9264136 ], [ -48.6624426, -20.9264374 ], [ -48.6624599, -20.9264406 ] ] ] } },
{ "type": "Feature", "properties": { "comp_m": 692.21 }, "geometry": { "type": "MultiLineString", "coordinates": [ [ [ -48.6590629, -20.9217739 ], [ -48.6591552, -20.921878 ], [ -48.6592572, -20.9219973 ], [ -48.6594527, -20.9222111 ], [ -48.6594538, -20.9222093 ], [ -48.6594576, -20.9222169 ], [ -48.6594879, -20.9222507 ], [ -48.6595449, -20.9223197 ], [ -48.6596435, -20.9224454 ], [ -48.6597297, -20.9225577 ], [ -48.6597654, -20.9226076 ], [ -48.6600979, -20.9231516 ], [ -48.6601281, -20.9232035 ], [ -48.6601429, -20.9232341 ], [ -48.6601559, -20.9232654 ], [ -48.6601723, -20.9233134 ], [ -48.6601816, -20.9233461 ], [ -48.6601884, -20.9233797 ], [ -48.6601986, -20.9234932 ], [ -48.6601989, -20.9236013 ], [ -48.6601827, -20.9238599 ], [ -48.6601786, -20.9239679 ], [ -48.6601755, -20.9241213 ], [ -48.6601801, -20.9241828 ], [ -48.660185, -20.9242171 ], [ -48.6601952, -20.9242584 ], [ -48.6602079, -20.9242898 ], [ -48.6602288, -20.9243271 ], [ -48.6602669, -20.9243761 ], [ -48.6602993, -20.9244086 ], [ -48.6603416, -20.9244435 ], [ -48.6603852, -20.9244759 ], [ -48.660446, -20.9245129 ], [ -48.6605179, -20.9245468 ], [ -48.6605596, -20.924562 ], [ -48.6605769, -20.9245667 ], [ -48.6605783, -20.924567 ], [ -48.6606218, -20.9245783 ], [ -48.6607556, -20.9246045 ], [ -48.6608421, -20.924628 ], [ -48.6608922, -20.9246459 ], [ -48.6609414, -20.9246659 ], [ -48.6610222, -20.9247018 ], [ -48.6610621, -20.9247206 ], [ -48.6611004, -20.9247432 ], [ -48.6611365, -20.9247705 ], [ -48.6611575, -20.9247884 ], [ -48.661208, -20.9248414 ], [ -48.6612398, -20.9248837 ], [ -48.6613798, -20.9250843 ], [ -48.6614058, -20.9251287 ], [ -48.6614165, -20.9251518 ], [ -48.6614286, -20.9251834 ], [ -48.6614438, -20.9252319 ], [ -48.661465, -20.9253143 ], [ -48.661511, -20.9254777 ], [ -48.6615269, -20.925544 ], [ -48.6615687, -20.925754 ], [ -48.6616206, -20.9259784 ], [ -48.6616369, -20.9261078 ], [ -48.6616434, -20.9261414 ], [ -48.6616521, -20.9261743 ], [ -48.6616629, -20.9262064 ], [ -48.6616778, -20.9262369 ], [ -48.6617028, -20.9262728 ], [ -48.6617206, -20.9262932 ], [ -48.6617344, -20.9263058 ], [ -48.6617559, -20.9263224 ], [ -48.6617783, -20.9263373 ], [ -48.6618016, -20.9263501 ], [ -48.6618332, -20.926366 ], [ -48.6618577, -20.926376 ], [ -48.6618917, -20.9263868 ], [ -48.6619367, -20.9263947 ], [ -48.6619834, -20.9263989 ], [ -48.6620971, -20.926395 ], [ -48.6622121, -20.9263988 ], [ -48.66224, -20.9264016 ], [ -48.662295, -20.9264089 ], [ -48.6623487, -20.9264189 ], [ -48.6623828, -20.9264294 ], [ -48.6624408, -20.9264514 ], [ -48.6624497, -20.9264532 ], [ -48.6624508, -20.9264532 ] ] ] } },
{ "type": "Feature", "properties": { "comp_m": 692.6 }, "geometry": { "type": "MultiLineString", "coordinates": [ [ [ -48.6590319, -20.9218044 ], [ -48.659037, -20.9218109 ], [ -48.6590769, -20.9218481 ], [ -48.6592334, -20.9220328 ], [ -48.659283, -20.9220864 ], [ -48.6593405, -20.9221452 ], [ -48.6594595, -20.9222807 ], [ -48.6595442, -20.9223842 ], [ -48.6596734, -20.9225521 ], [ -48.6597147, -20.9226087 ], [ -48.6597754, -20.9227032 ], [ -48.6599224, -20.9229454 ], [ -48.6600008, -20.9230692 ], [ -48.6600621, -20.9231724 ], [ -48.6600998, -20.9232394 ], [ -48.6601194, -20.9232861 ], [ -48.6601416, -20.9233589 ], [ -48.6601504, -20.9234186 ], [ -48.6601564, -20.9234795 ], [ -48.6601575, -20.9235061 ], [ -48.6601556, -20.923632 ], [ -48.6601497, -20.9237207 ], [ -48.6601408, -20.9238174 ], [ -48.6601316, -20.9240958 ], [ -48.6601335, -20.9241672 ], [ -48.6601405, -20.9242186 ], [ -48.6601483, -20.9242517 ], [ -48.6601641, -20.9242999 ], [ -48.6601839, -20.9243375 ], [ -48.6602151, -20.9243799 ], [ -48.6602589, -20.9244266 ], [ -48.6602852, -20.9244515 ], [ -48.6603205, -20.9244803 ], [ -48.6603496, -20.9245015 ], [ -48.6604019, -20.9245354 ], [ -48.6604563, -20.924565 ], [ -48.6604566, -20.9245653 ], [ -48.6605298, -20.9245964 ], [ -48.6605636, -20.9246075 ], [ -48.6606073, -20.9246181 ], [ -48.660768, -20.9246493 ], [ -48.6608366, -20.9246692 ], [ -48.66087, -20.9246811 ], [ -48.6609435, -20.9247116 ], [ -48.6610318, -20.924752 ], [ -48.661063, -20.9247687 ], [ -48.6610858, -20.9247827 ], [ -48.6611002, -20.9247936 ], [ -48.661121, -20.9248118 ], [ -48.661147, -20.9248376 ], [ -48.661208, -20.9249141 ], [ -48.6612843, -20.925021 ], [ -48.6613244, -20.9250782 ], [ -48.6613603, -20.925137 ], [ -48.6613782, -20.9251754 ], [ -48.6614032, -20.9252473 ], [ -48.661436, -20.9253704 ], [ -48.661473, -20.9255009 ], [ -48.6614868, -20.9255589 ], [ -48.6615318, -20.9257857 ], [ -48.6615496, -20.9258603 ], [ -48.6615749, -20.9259771 ], [ -48.6615935, -20.9261145 ], [ -48.6616081, -20.9261813 ], [ -48.6616213, -20.9262214 ], [ -48.6616448, -20.9262668 ], [ -48.6616708, -20.9263022 ], [ -48.6616953, -20.9263292 ], [ -48.6617091, -20.9263412 ], [ -48.6617312, -20.9263567 ], [ -48.6617846, -20.9263885 ], [ -48.6618409, -20.9264141 ], [ -48.661892, -20.9264298 ], [ -48.6619373, -20.926437 ], [ -48.6619753, -20.9264389 ], [ -48.6620232, -20.926439 ], [ -48.6620982, -20.9264347 ], [ -48.6621458, -20.9264335 ], [ -48.6621744, -20.9264346 ], [ -48.6622395, -20.926441 ], [ -48.662285, -20.9264477 ], [ -48.6623553, -20.926464 ], [ -48.6624232, -20.9264871 ] ] ] } },
{ "type": "Feature", "properties": { "comp_m": 692.07 }, "geometry": { "type": "MultiLineString", "coordinates": [ [ [ -48.6590256, -20.9218179 ], [ -48.6590709, -20.9218636 ], [ -48.6592293, -20.9220478 ], [ -48.6593231, -20.9221481 ], [ -48.6594659, -20.9223113 ], [ -48.6596582, -20.9225552 ], [ -48.6596997, -20.9226119 ], [ -48.659742, -20.9226773 ], [ -48.6598993, -20.9229344 ], [ -48.6600048, -20.9231025 ], [ -48.6600782, -20.9232284 ], [ -48.6601018, -20.9232828 ], [ -48.6601157, -20.9233227 ], [ -48.6601248, -20.9233554 ], [ -48.6601342, -20.923415 ], [ -48.6601409, -20.9234847 ], [ -48.660141, -20.9236282 ], [ -48.6601269, -20.9238142 ], [ -48.6601169, -20.9241015 ], [ -48.6601169, -20.9241372 ], [ -48.6601198, -20.9241813 ], [ -48.6601244, -20.9242156 ], [ -48.6601318, -20.9242489 ], [ -48.660144, -20.9242895 ], [ -48.6601575, -20.9243205 ], [ -48.6601848, -20.9243645 ], [ -48.6602126, -20.9243992 ], [ -48.6602638, -20.9244523 ], [ -48.6603059, -20.9244873 ], [ -48.6603647, -20.9245288 ], [ -48.6604259, -20.9245646 ], [ -48.6604263, -20.9245649 ], [ -48.6604498, -20.9245773 ], [ -48.6604819, -20.9245918 ], [ -48.6605565, -20.9246198 ], [ -48.6606001, -20.9246303 ], [ -48.6607253, -20.9246537 ], [ -48.6607694, -20.9246635 ], [ -48.6608373, -20.9246846 ], [ -48.660936, -20.9247235 ], [ -48.6610241, -20.9247641 ], [ -48.6610554, -20.9247804 ], [ -48.661078, -20.9247946 ], [ -48.6610995, -20.9248113 ], [ -48.6611192, -20.9248304 ], [ -48.6611372, -20.9248506 ], [ -48.661193, -20.9249199 ], [ -48.6612856, -20.9250475 ], [ -48.6613245, -20.9251051 ], [ -48.6613498, -20.9251497 ], [ -48.6613636, -20.9251806 ], [ -48.6613885, -20.9252524 ], [ -48.6614422, -20.9254396 ], [ -48.6614699, -20.9255554 ], [ -48.6615069, -20.9257399 ], [ -48.6615463, -20.9259144 ], [ -48.6615601, -20.9259813 ], [ -48.661576, -20.9261016 ], [ -48.6615819, -20.9261354 ], [ -48.6615923, -20.9261766 ], [ -48.6616051, -20.9262169 ], [ -48.6616261, -20.9262631 ], [ -48.6616394, -20.9262851 ], [ -48.6616547, -20.9263065 ], [ -48.6616794, -20.926333 ], [ -48.6617002, -20.9263514 ], [ -48.6617219, -20.9263674 ], [ -48.6617753, -20.9263992 ], [ -48.6618069, -20.926415 ], [ -48.6618394, -20.9264287 ], [ -48.6618905, -20.9264444 ], [ -48.6619267, -20.92645 ], [ -48.661974, -20.9264527 ], [ -48.6621162, -20.9264488 ], [ -48.6621644, -20.9264495 ], [ -48.6622303, -20.926454 ], [ -48.6622853, -20.926461 ], [ -48.6623294, -20.9264708 ], [ -48.662372, -20.9264837 ], [ -48.6624135, -20.926499 ] ] ] } },
{ "type": "Feature", "properties": { "comp_m": 15.62 }, "geometry": { "type": "MultiLineString", "coordinates": [ [ [ -48.6625134, -20.9262487 ], [ -48.6624662, -20.9262295 ], [ -48.6624248, -20.926217 ], [ -48.6623993, -20.9262106 ], [ -48.6623424, -20.9262006 ], [ -48.6623424, -20.9262008 ], [ -48.6623287, -20.9261998 ], [ -48.662303, -20.9261972 ], [ -48.6622517, -20.9261914 ], [ -48.6621961, -20.9261865 ], [ -48.6621805, -20.9261856 ], [ -48.6621426, -20.9261836 ], [ -48.662099, -20.9261788 ], [ -48.6620989, -20.9261787 ], [ -48.6620887, -20.9261793 ], [ -48.6620718, -20.926178 ], [ -48.6619962, -20.9261777 ], [ -48.661952, -20.9261758 ], [ -48.6619298, -20.9261698 ], [ -48.6619085, -20.9261576 ], [ -48.6618907, -20.9261412 ], [ -48.6618807, -20.926126 ], [ -48.6618742, -20.9261161 ], [ -48.6618661, -20.9261019 ], [ -48.6618612, -20.9260863 ], [ -48.6618549, -20.9260539 ], [ -48.6618414, -20.9259411 ], [ -48.6618377, -20.9259199 ], [ -48.6618387, -20.9259198 ], [ -48.6618274, -20.9258694 ], [ -48.6617912, -20.9256952 ], [ -48.6617869, -20.9256592 ], [ -48.6617865, -20.92566 ], [ -48.6617595, -20.9255405 ], [ -48.6617595, -20.9255405 ], [ -48.6617567, -20.9255209 ], [ -48.6617464, -20.9254799 ], [ -48.6617464, -20.92548 ], [ -48.6617286, -20.9254017 ], [ -48.661697, -20.9252815 ], [ -48.6616798, -20.9252219 ], [ -48.6616652, -20.9251801 ], [ -48.6616649, -20.9251803 ], [ -48.6616589, -20.9251586 ], [ -48.6616425, -20.925113 ], [ -48.6616423, -20.9251133 ], [ -48.6616254, -20.9250723 ], [ -48.6616063, -20.9250321 ], [ -48.6615851, -20.9249927 ], [ -48.6615569, -20.9249465 ], [ -48.6615507, -20.9249355 ], [ -48.6615266, -20.9249035 ], [ -48.6615132, -20.9248833 ], [ -48.6614985, -20.9248646 ], [ -48.6614583, -20.9248097 ], [ -48.6614521, -20.9248002 ], [ -48.6614249, -20.9247689 ], [ -48.6613641, -20.9246879 ], [ -48.6613331, -20.9246558 ], [ -48.6612978, -20.9246227 ], [ -48.6612678, -20.9245983 ], [ -48.6612359, -20.9245767 ], [ -48.661236, -20.9245758 ], [ -48.6611678, -20.9245327 ], [ -48.6611125, -20.9245041 ], [ -48.6610974, -20.9244944 ], [ -48.660988, -20.9244134 ], [ -48.6609215, -20.9243667 ], [ -48.6604594, -20.9240315 ], [ -48.6604382, -20.9240143 ], [ -48.6604306, -20.9240099 ], [ -48.6604296, -20.9240097 ] ] ] } },
{ "type": "Feature", "properties": { "comp_m": 692.46 }, "geometry": { "type": "MultiLineString", "coordinates": [ [ [ -48.6590135, -20.9218251 ], [ -48.6590703, -20.921885 ], [ -48.659241, -20.9220824 ], [ -48.6593048, -20.9221488 ], [ -48.6594645, -20.9223326 ], [ -48.6596133, -20.9225204 ], [ -48.6596774, -20.9226046 ], [ -48.6597209, -20.9226695 ], [ -48.6597915, -20.9227874 ], [ -48.659829, -20.9228455 ], [ -48.6598552, -20.9228898 ], [ -48.659978, -20.9230874 ], [ -48.660068, -20.9232431 ], [ -48.6600784, -20.9232662 ], [ -48.6600966, -20.9233135 ], [ -48.6601077, -20.9233544 ], [ -48.6601186, -20.9234135 ], [ -48.660125, -20.9234832 ], [ -48.6601263, -20.9235638 ], [ -48.6601257, -20.9236357 ], [ -48.660112, -20.9238218 ], [ -48.6601081, -20.9239566 ], [ -48.6601047, -20.9240191 ], [ -48.6601023, -20.9241367 ], [ -48.6601084, -20.9242066 ], [ -48.6601168, -20.9242485 ], [ -48.6601281, -20.9242893 ], [ -48.6601412, -20.9243205 ], [ -48.6601668, -20.9243651 ], [ -48.6601936, -20.9244001 ], [ -48.6602445, -20.9244527 ], [ -48.6602861, -20.9244891 ], [ -48.6603443, -20.9245314 ], [ -48.6603971, -20.9245644 ], [ -48.6603976, -20.9245646 ], [ -48.6604682, -20.9246012 ], [ -48.6605092, -20.9246179 ], [ -48.660551, -20.9246325 ], [ -48.6606035, -20.9246452 ], [ -48.6607112, -20.9246646 ], [ -48.6607641, -20.9246764 ], [ -48.6607985, -20.9246862 ], [ -48.6608489, -20.9247035 ], [ -48.6609064, -20.9247263 ], [ -48.660955, -20.9247476 ], [ -48.661027, -20.9247812 ], [ -48.6610504, -20.9247936 ], [ -48.6610656, -20.9248029 ], [ -48.661087, -20.9248199 ], [ -48.6611074, -20.924839 ], [ -48.6611318, -20.924866 ], [ -48.6611774, -20.9249211 ], [ -48.6612698, -20.925049 ], [ -48.6613177, -20.9251213 ], [ -48.661338, -20.9251589 ], [ -48.6613486, -20.925182 ], [ -48.6613706, -20.9252459 ], [ -48.661428, -20.925441 ], [ -48.6614499, -20.9255321 ], [ -48.6615124, -20.9258335 ], [ -48.6615305, -20.925908 ], [ -48.6615446, -20.9259749 ], [ -48.6615596, -20.9260685 ], [ -48.6615612, -20.926095 ], [ -48.6615772, -20.9261702 ], [ -48.6615866, -20.9262028 ], [ -48.6616074, -20.9262582 ], [ -48.6616194, -20.9262807 ], [ -48.6616338, -20.9263024 ], [ -48.6616501, -20.9263234 ], [ -48.6616629, -20.9263365 ], [ -48.6617048, -20.9263722 ], [ -48.661727, -20.9263874 ], [ -48.6617576, -20.9264054 ], [ -48.6617892, -20.9264213 ], [ -48.6618297, -20.9264389 ], [ -48.6618894, -20.9264571 ], [ -48.6619255, -20.926463 ], [ -48.6619731, -20.9264654 ], [ -48.6621542, -20.9264626 ], [ -48.6622297, -20.9264674 ], [ -48.6622755, -20.9264736 ], [ -48.6623201, -20.9264823 ], [ -48.6623881, -20.9265034 ], [ -48.6624045, -20.92651 ] ] ] } },
{ "type": "Feature", "properties": { "comp_m": 691.39 }, "geometry": { "type": "MultiLineString", "coordinates": [ [ [ -48.6590112, -20.9218432 ], [ -48.6590675, -20.9219034 ], [ -48.659208, -20.9220675 ], [ -48.6592901, -20.9221539 ], [ -48.6594327, -20.9223172 ], [ -48.6594616, -20.9223516 ], [ -48.6594992, -20.9224007 ], [ -48.6595886, -20.9225117 ], [ -48.6596689, -20.9226171 ], [ -48.6597079, -20.9226747 ], [ -48.6597824, -20.9228002 ], [ -48.6598154, -20.9228511 ], [ -48.6599606, -20.9230856 ], [ -48.6600556, -20.9232487 ], [ -48.660081, -20.9233114 ], [ -48.6600888, -20.9233445 ], [ -48.6600941, -20.9233606 ], [ -48.6601051, -20.9234197 ], [ -48.6601102, -20.9234809 ], [ -48.6601118, -20.9235616 ], [ -48.6601095, -20.9236428 ], [ -48.6600974, -20.9238206 ], [ -48.6600878, -20.9240907 ], [ -48.6600891, -20.9241624 ], [ -48.6600937, -20.9242058 ], [ -48.6601015, -20.924248 ], [ -48.6601152, -20.9242971 ], [ -48.6601252, -20.9243204 ], [ -48.6601456, -20.9243579 ], [ -48.6601816, -20.9244076 ], [ -48.6602328, -20.9244605 ], [ -48.6602673, -20.9244914 ], [ -48.6603177, -20.9245297 ], [ -48.66037, -20.924564 ], [ -48.6603705, -20.924564 ], [ -48.6604165, -20.9245907 ], [ -48.6604559, -20.9246106 ], [ -48.6605132, -20.924634 ], [ -48.6605469, -20.9246452 ], [ -48.6605729, -20.9246521 ], [ -48.6606259, -20.9246635 ], [ -48.6606533, -20.9246674 ], [ -48.6607246, -20.9246813 ], [ -48.6608026, -20.9247017 ], [ -48.660853, -20.924719 ], [ -48.6608938, -20.9247358 ], [ -48.6610145, -20.9247903 ], [ -48.6610605, -20.9248169 ], [ -48.6610953, -20.9248468 ], [ -48.6611436, -20.9249007 ], [ -48.6611916, -20.9249639 ], [ -48.6612679, -20.9250707 ], [ -48.6613057, -20.9251287 ], [ -48.661333, -20.9251817 ], [ -48.6613585, -20.9252533 ], [ -48.661383, -20.9253433 ], [ -48.661413, -20.9254403 ], [ -48.6614386, -20.9255479 ], [ -48.6614989, -20.925841 ], [ -48.6615196, -20.9259235 ], [ -48.6615335, -20.9259904 ], [ -48.66154, -20.9260421 ], [ -48.6615445, -20.9260584 ], [ -48.6615542, -20.9261269 ], [ -48.6615647, -20.9261771 ], [ -48.6615848, -20.9262417 ], [ -48.6616026, -20.9262802 ], [ -48.6616264, -20.9263164 ], [ -48.6616502, -20.9263434 ], [ -48.661684, -20.9263744 ], [ -48.661721, -20.9263997 ], [ -48.6617516, -20.9264176 ], [ -48.6617831, -20.9264337 ], [ -48.6618237, -20.926451 ], [ -48.6618833, -20.9264693 ], [ -48.661919, -20.9264761 ], [ -48.6619665, -20.9264786 ], [ -48.6620334, -20.9264792 ], [ -48.6621473, -20.9264771 ], [ -48.6622326, -20.9264817 ], [ -48.6622694, -20.9264861 ], [ -48.6623141, -20.9264946 ], [ -48.6623654, -20.9265098 ], [ -48.6623954, -20.9265212 ] ] ] } },
{ "type": "Feature", "properties": { "comp_m": 73.92 }, "geometry": { "type": "MultiLineString", "coordinates": [ [ [ -48.661831, -20.9257927 ], [ -48.6619866, -20.9259054 ], [ -48.6621876, -20.9260483 ], [ -48.6623426, -20.9261622 ], [ -48.6623953, -20.9261981 ] ] ] } },
{ "type": "Feature", "properties": { "comp_m": 1.51 }, "geometry": { "type": "MultiLineString", "coordinates": [ [ [ -48.6623684, -20.9265372 ], [ -48.6623705, -20.9265434 ], [ -48.6623715, -20.9265505 ] ] ] } },
{ "type": "Feature", "properties": { "comp_m": 5.48 }, "geometry": { "type": "MultiLineString", "coordinates": [ [ [ -48.662352, -20.9265214 ], [ -48.6623549, -20.9265708 ] ] ] } },
{ "type": "Feature", "properties": { "comp_m": 69.03 }, "geometry": { "type": "MultiLineString", "coordinates": [ [ [ -48.6618368, -20.9258122 ], [ -48.6619913, -20.9259264 ], [ -48.6622437, -20.9261068 ], [ -48.6623617, -20.9261932 ] ] ] } },
{ "type": "Feature", "properties": { "comp_m": 7.78 }, "geometry": { "type": "MultiLineString", "coordinates": [ [ [ -48.6623372, -20.926517 ], [ -48.6623416, -20.9265871 ] ] ] } },
{ "type": "Feature", "properties": { "comp_m": 66.4 }, "geometry": { "type": "MultiLineString", "coordinates": [ [ [ -48.6618397, -20.9258323 ], [ -48.6620177, -20.9259637 ], [ -48.6621228, -20.9260375 ], [ -48.6623316, -20.9261879 ], [ -48.662344, -20.9261994 ] ] ] } },
{ "type": "Feature", "properties": { "comp_m": 10.25 }, "geometry": { "type": "MultiLineString", "coordinates": [ [ [ -48.6623209, -20.9265121 ], [ -48.6623272, -20.926589 ], [ -48.6623276, -20.9266044 ] ] ] } },
{ "type": "Feature", "properties": { "comp_m": 12.61 }, "geometry": { "type": "MultiLineString", "coordinates": [ [ [ -48.6623068, -20.9265079 ], [ -48.6623138, -20.9266103 ], [ -48.6623135, -20.9266216 ] ] ] } },
{ "type": "Feature", "properties": { "comp_m": 64.46 }, "geometry": { "type": "MultiLineString", "coordinates": [ [ [ -48.6618407, -20.925849 ], [ -48.661847, -20.9258551 ], [ -48.662033, -20.9259917 ], [ -48.6621384, -20.9260651 ], [ -48.6623162, -20.926195 ] ] ] } },
{ "type": "Feature", "properties": { "comp_m": 15.0 }, "geometry": { "type": "MultiLineString", "coordinates": [ [ [ -48.6622922, -20.9265053 ], [ -48.6622983, -20.9266127 ], [ -48.662298, -20.9266406 ] ] ] } },
{ "type": "Feature", "properties": { "comp_m": 17.08 }, "geometry": { "type": "MultiLineString", "coordinates": [ [ [ -48.6622752, -20.9265029 ], [ -48.6622809, -20.9265675 ], [ -48.6622848, -20.9266568 ] ] ] } },
{ "type": "Feature", "properties": { "comp_m": 59.78 }, "geometry": { "type": "MultiLineString", "coordinates": [ [ [ -48.6618286, -20.9258584 ], [ -48.6620223, -20.9260006 ], [ -48.6621352, -20.9260801 ], [ -48.662217, -20.9261408 ], [ -48.6622703, -20.926177 ], [ -48.6622765, -20.926183 ] ] ] } },
{ "type": "Feature", "properties": { "comp_m": 18.05 }, "geometry": { "type": "MultiLineString", "coordinates": [ [ [ -48.6622606, -20.926511 ], [ -48.6622664, -20.9265674 ], [ -48.6622711, -20.9266736 ] ] ] } },
{ "type": "Feature", "properties": { "comp_m": 57.97 }, "geometry": { "type": "MultiLineString", "coordinates": [ [ [ -48.6618333, -20.9258798 ], [ -48.6618863, -20.9259166 ], [ -48.6620056, -20.926005 ], [ -48.6621413, -20.9261014 ], [ -48.6622234, -20.926162 ], [ -48.6622619, -20.9261865 ] ] ] } },
{ "type": "Feature", "properties": { "comp_m": 20.21 }, "geometry": { "type": "MultiLineString", "coordinates": [ [ [ -48.6622457, -20.926509 ], [ -48.662252, -20.9265739 ], [ -48.6622569, -20.9266911 ] ] ] } },
{ "type": "Feature", "properties": { "comp_m": 22.67 }, "geometry": { "type": "MultiLineString", "coordinates": [ [ [ -48.6622314, -20.9265074 ], [ -48.6622365, -20.9265541 ], [ -48.6622394, -20.9266016 ], [ -48.66224, -20.9267117 ] ] ] } },
{ "type": "Feature", "properties": { "comp_m": 26.07 }, "geometry": { "type": "MultiLineString", "coordinates": [ [ [ -48.6622161, -20.9264951 ], [ -48.6622215, -20.9265487 ], [ -48.6622245, -20.9266034 ], [ -48.6622251, -20.9267301 ] ] ] } },
{ "type": "Feature", "properties": { "comp_m": 49.13 }, "geometry": { "type": "MultiLineString", "coordinates": [ [ [ -48.6618576, -20.9259128 ], [ -48.6620217, -20.9260331 ], [ -48.6622315, -20.9261837 ] ] ] } },
{ "type": "Feature", "properties": { "comp_m": 27.76 }, "geometry": { "type": "MultiLineString", "coordinates": [ [ [ -48.6622006, -20.9264943 ], [ -48.6622061, -20.9265385 ], [ -48.6622092, -20.9265837 ], [ -48.6622134, -20.9267444 ] ] ] } },
{ "type": "Feature", "properties": { "comp_m": 28.36 }, "geometry": { "type": "MultiLineString", "coordinates": [ [ [ -48.6621875, -20.9265046 ], [ -48.6621919, -20.9265413 ], [ -48.6621952, -20.9265881 ], [ -48.6622005, -20.9267602 ] ] ] } },
{ "type": "Feature", "properties": { "comp_m": 47.19 }, "geometry": { "type": "MultiLineString", "coordinates": [ [ [ -48.6618491, -20.9259235 ], [ -48.6619905, -20.9260286 ], [ -48.6622078, -20.926184 ] ] ] } },
{ "type": "Feature", "properties": { "comp_m": 30.66 }, "geometry": { "type": "MultiLineString", "coordinates": [ [ [ -48.6621745, -20.9264993 ], [ -48.6621802, -20.9265712 ], [ -48.6621839, -20.9267273 ], [ -48.6621878, -20.9267758 ] ] ] } },
{ "type": "Feature", "properties": { "comp_m": 33.44 }, "geometry": { "type": "MultiLineString", "coordinates": [ [ [ -48.6621602, -20.9264912 ], [ -48.662166, -20.9265725 ], [ -48.6621698, -20.9267386 ], [ -48.662174, -20.9267927 ] ] ] } },
{ "type": "Feature", "properties": { "comp_m": 42.11 }, "geometry": { "type": "MultiLineString", "coordinates": [ [ [ -48.6618608, -20.9259501 ], [ -48.6620095, -20.9260597 ], [ -48.6621822, -20.9261811 ] ] ] } },
{ "type": "Feature", "properties": { "comp_m": 35.7 }, "geometry": { "type": "MultiLineString", "coordinates": [ [ [ -48.6621451, -20.9264904 ], [ -48.6621513, -20.9265804 ], [ -48.6621553, -20.9267545 ], [ -48.6621579, -20.9268125 ] ] ] } },
{ "type": "Feature", "properties": { "comp_m": 37.78 }, "geometry": { "type": "MultiLineString", "coordinates": [ [ [ -48.6621289, -20.9264906 ], [ -48.6621339, -20.9265353 ], [ -48.6621371, -20.9265899 ], [ -48.6621425, -20.9268313 ] ] ] } },
{ "type": "Feature", "properties": { "comp_m": 39.9 }, "geometry": { "type": "MultiLineString", "coordinates": [ [ [ -48.6621149, -20.9264909 ], [ -48.6621208, -20.9265542 ], [ -48.662124, -20.9266279 ], [ -48.6621276, -20.9268045 ], [ -48.6621267, -20.9268508 ] ] ] } },
{ "type": "Feature", "properties": { "comp_m": 35.82 }, "geometry": { "type": "MultiLineString", "coordinates": [ [ [ -48.6618598, -20.925968 ], [ -48.6620418, -20.9261 ], [ -48.6621334, -20.9261641 ] ] ] } },
{ "type": "Feature", "properties": { "comp_m": 35.67 }, "geometry": { "type": "MultiLineString", "coordinates": [ [ [ -48.6618564, -20.92598 ], [ -48.661946, -20.9260479 ], [ -48.6620909, -20.9261516 ], [ -48.6621144, -20.9261658 ], [ -48.6621227, -20.9261684 ] ] ] } },
{ "type": "Feature", "properties": { "comp_m": 41.58 }, "geometry": { "type": "MultiLineString", "coordinates": [ [ [ -48.6621008, -20.9264921 ], [ -48.6621061, -20.9265459 ], [ -48.6621094, -20.9266283 ], [ -48.6621127, -20.9267758 ], [ -48.662113, -20.9268672 ] ] ] } },
{ "type": "Feature", "properties": { "comp_m": 43.22 }, "geometry": { "type": "MultiLineString", "coordinates": [ [ [ -48.6620875, -20.9264927 ], [ -48.6620925, -20.9265658 ], [ -48.6620957, -20.9266489 ], [ -48.6620989, -20.9268827 ] ] ] } },
{ "type": "Feature", "properties": { "comp_m": 33.13 }, "geometry": { "type": "MultiLineString", "coordinates": [ [ [ -48.6618489, -20.9259942 ], [ -48.6620799, -20.9261602 ], [ -48.6621007, -20.9261772 ] ] ] } },
{ "type": "Feature", "properties": { "comp_m": 44.26 }, "geometry": { "type": "MultiLineString", "coordinates": [ [ [ -48.6620715, -20.9264927 ], [ -48.6620779, -20.9265549 ], [ -48.6620809, -20.9266181 ], [ -48.6620845, -20.9267915 ], [ -48.6620824, -20.9268919 ] ] ] } },
{ "type": "Feature", "properties": { "comp_m": 43.06 }, "geometry": { "type": "MultiLineString", "coordinates": [ [ [ -48.6620593, -20.9265057 ], [ -48.6620639, -20.9265602 ], [ -48.6620663, -20.9266156 ], [ -48.6620705, -20.9268943 ] ] ] } },
{ "type": "Feature", "properties": { "comp_m": 29.12 }, "geometry": { "type": "MultiLineString", "coordinates": [ [ [ -48.6618517, -20.9260154 ], [ -48.6618985, -20.9260465 ], [ -48.6619984, -20.9261196 ], [ -48.662053, -20.9261576 ], [ -48.6620735, -20.9261755 ] ] ] } },
{ "type": "Feature", "properties": { "comp_m": 46.61 }, "geometry": { "type": "MultiLineString", "coordinates": [ [ [ -48.6620454, -20.9265055 ], [ -48.6620518, -20.9266139 ], [ -48.6620551, -20.9268528 ], [ -48.6620598, -20.9269155 ], [ -48.6620594, -20.926926 ] ] ] } },
{ "type": "Feature", "properties": { "comp_m": 48.37 }, "geometry": { "type": "MultiLineString", "coordinates": [ [ [ -48.6620304, -20.9265074 ], [ -48.662035, -20.9265704 ], [ -48.6620377, -20.9266342 ], [ -48.6620398, -20.926818 ], [ -48.6620431, -20.9269439 ] ] ] } },
{ "type": "Feature", "properties": { "comp_m": 49.85 }, "geometry": { "type": "MultiLineString", "coordinates": [ [ [ -48.6620155, -20.9265082 ], [ -48.6620223, -20.9266248 ], [ -48.6620261, -20.9268617 ], [ -48.6620302, -20.9269581 ] ] ] } },
{ "type": "Feature", "properties": { "comp_m": 24.53 }, "geometry": { "type": "MultiLineString", "coordinates": [ [ [ -48.6618533, -20.9260319 ], [ -48.6619242, -20.9260807 ], [ -48.6620396, -20.9261674 ] ] ] } },
{ "type": "Feature", "properties": { "comp_m": 51.77 }, "geometry": { "type": "MultiLineString", "coordinates": [ [ [ -48.661999, -20.926506 ], [ -48.6620039, -20.9265506 ], [ -48.6620065, -20.9265962 ], [ -48.6620127, -20.9269009 ], [ -48.6620167, -20.9269729 ] ] ] } },
{ "type": "Feature", "properties": { "comp_m": 53.49 }, "geometry": { "type": "MultiLineString", "coordinates": [ [ [ -48.661986, -20.9265055 ], [ -48.6619933, -20.9266403 ], [ -48.6619989, -20.9269041 ], [ -48.6620028, -20.9269882 ] ] ] } },
{ "type": "Feature", "properties": { "comp_m": 56.77 }, "geometry": { "type": "MultiLineString", "coordinates": [ [ [ -48.6619722, -20.9264927 ], [ -48.6619793, -20.9266456 ], [ -48.6619843, -20.926909 ], [ -48.6619875, -20.927005 ] ] ] } },
{ "type": "Feature", "properties": { "comp_m": 16.32 }, "geometry": { "type": "MultiLineString", "coordinates": [ [ [ -48.6618693, -20.9260761 ], [ -48.6619936, -20.926166 ] ] ] } },
{ "type": "Feature", "properties": { "comp_m": 57.36 }, "geometry": { "type": "MultiLineString", "coordinates": [ [ [ -48.6619576, -20.9264924 ], [ -48.6619647, -20.9266276 ], [ -48.661969, -20.9268741 ], [ -48.6619731, -20.9270101 ] ] ] } },
{ "type": "Feature", "properties": { "comp_m": 59.45 }, "geometry": { "type": "MultiLineString", "coordinates": [ [ [ -48.6619419, -20.9264922 ], [ -48.6619471, -20.9265548 ], [ -48.6619502, -20.9266181 ], [ -48.6619598, -20.9270285 ] ] ] } },
{ "type": "Feature", "properties": { "comp_m": 11.85 }, "geometry": { "type": "MultiLineString", "coordinates": [ [ [ -48.6618759, -20.9260983 ], [ -48.6619663, -20.9261635 ] ] ] } },
{ "type": "Feature", "properties": { "comp_m": 62.03 }, "geometry": { "type": "MultiLineString", "coordinates": [ [ [ -48.661928, -20.9264917 ], [ -48.6619337, -20.9265726 ], [ -48.6619367, -20.9266452 ], [ -48.6619385, -20.9267736 ], [ -48.6619428, -20.9269011 ], [ -48.6619433, -20.9269839 ], [ -48.6619461, -20.927038 ], [ -48.6619453, -20.9270514 ] ] ] } },
{ "type": "Feature", "properties": { "comp_m": 9.0 }, "geometry": { "type": "MultiLineString", "coordinates": [ [ [ -48.661884, -20.9261239 ], [ -48.6619544, -20.9261711 ] ] ] } },
{ "type": "Feature", "properties": { "comp_m": 64.19 }, "geometry": { "type": "MultiLineString", "coordinates": [ [ [ -48.6619133, -20.9264894 ], [ -48.661919, -20.9265699 ], [ -48.6619221, -20.9266422 ], [ -48.6619296, -20.9270686 ] ] ] } },
{ "type": "Feature", "properties": { "comp_m": 66.97 }, "geometry": { "type": "MultiLineString", "coordinates": [ [ [ -48.6618825, -20.9264846 ], [ -48.6618886, -20.9265462 ], [ -48.6618927, -20.9266268 ], [ -48.6618988, -20.9269625 ], [ -48.6619024, -20.9270888 ] ] ] } },
{ "type": "Feature", "properties": { "comp_m": 72.28 }, "geometry": { "type": "MultiLineString", "coordinates": [ [ [ -48.6618546, -20.926478 ], [ -48.6618615, -20.9265759 ], [ -48.6618644, -20.9266478 ], [ -48.6618711, -20.9270198 ], [ -48.6618741, -20.9271098 ], [ -48.6618734, -20.9271303 ] ] ] } },
{ "type": "Feature", "properties": { "comp_m": 69.78 }, "geometry": { "type": "MultiLineString", "coordinates": [ [ [ -48.6618684, -20.9264817 ], [ -48.6618761, -20.92657 ], [ -48.6618783, -20.9266147 ], [ -48.6618857, -20.9270403 ], [ -48.6618908, -20.9271105 ], [ -48.6618908, -20.9271112 ] ] ] } },
{ "type": "Feature", "properties": { "comp_m": 74.95 }, "geometry": { "type": "MultiLineString", "coordinates": [ [ [ -48.6618376, -20.9264723 ], [ -48.6618456, -20.9265605 ], [ -48.6618503, -20.9266682 ], [ -48.6618556, -20.9269945 ], [ -48.661859, -20.9271117 ], [ -48.6618569, -20.9271485 ] ] ] } },
{ "type": "Feature", "properties": { "comp_m": 75.73 }, "geometry": { "type": "MultiLineString", "coordinates": [ [ [ -48.661824, -20.9264679 ], [ -48.6618317, -20.9265651 ], [ -48.6618362, -20.9266635 ], [ -48.6618437, -20.9270978 ], [ -48.6618425, -20.9271512 ] ] ] } },
{ "type": "Feature", "properties": { "comp_m": 606.22 }, "geometry": { "type": "MultiLineString", "coordinates": [ [ [ -48.659234, -20.9217117 ], [ -48.6592463, -20.9217306 ], [ -48.6592682, -20.9217584 ], [ -48.659333, -20.9218333 ], [ -48.6595047, -20.9220207 ], [ -48.6596303, -20.922163 ], [ -48.6597415, -20.9223015 ], [ -48.659844, -20.9224343 ], [ -48.6598935, -20.9225059 ], [ -48.6599313, -20.9225638 ], [ -48.6599744, -20.9226378 ], [ -48.6601011, -20.9228426 ], [ -48.6602297, -20.9230467 ], [ -48.6602729, -20.9231206 ], [ -48.660311, -20.9231964 ], [ -48.6603332, -20.9232601 ], [ -48.6603518, -20.9233252 ], [ -48.6603599, -20.9233672 ], [ -48.6603667, -20.9234277 ], [ -48.6603713, -20.923507 ], [ -48.6603705, -20.9235792 ], [ -48.6603605, -20.9237301 ], [ -48.6603553, -20.9238921 ], [ -48.6603453, -20.9240338 ], [ -48.6603439, -20.9240879 ], [ -48.6603471, -20.9241498 ], [ -48.6603524, -20.9241838 ], [ -48.6603582, -20.9241997 ], [ -48.6603724, -20.9242304 ], [ -48.6603863, -20.9242522 ], [ -48.6603967, -20.9242663 ], [ -48.6604149, -20.9242862 ], [ -48.6604638, -20.9243276 ], [ -48.6604929, -20.9243486 ], [ -48.6605081, -20.9243578 ], [ -48.660539, -20.9243751 ], [ -48.6605707, -20.9243905 ], [ -48.6606032, -20.9244043 ], [ -48.6606284, -20.9244128 ], [ -48.660689, -20.9244286 ], [ -48.6607771, -20.924448 ], [ -48.6608556, -20.9244672 ], [ -48.6608986, -20.9244792 ], [ -48.6609661, -20.9245011 ], [ -48.6610392, -20.9245321 ], [ -48.661095, -20.9245583 ], [ -48.6611492, -20.9245881 ], [ -48.6611946, -20.9246161 ], [ -48.6612239, -20.9246368 ], [ -48.6612795, -20.9246846 ], [ -48.6612994, -20.924704 ], [ -48.6613299, -20.9247374 ], [ -48.6614172, -20.9248488 ], [ -48.6614883, -20.9249484 ], [ -48.6615257, -20.9250064 ], [ -48.6615584, -20.9250662 ], [ -48.6615939, -20.925152 ], [ -48.6616256, -20.9252483 ], [ -48.661649, -20.9253295 ], [ -48.6616951, -20.9255104 ], [ -48.6617331, -20.9257033 ], [ -48.6617667, -20.9258618 ], [ -48.661778, -20.9259297 ], [ -48.661785, -20.9259901 ], [ -48.6617963, -20.9260579 ], [ -48.6618036, -20.9260912 ], [ -48.661811, -20.9261154 ], [ -48.6618235, -20.9261468 ], [ -48.6618435, -20.9261753 ], [ -48.6618458, -20.9261835 ] ] ] } },
{ "type": "Feature", "properties": { "comp_m": 607.74 }, "geometry": { "type": "MultiLineString", "coordinates": [ [ [ -48.6591947, -20.9216979 ], [ -48.6592078, -20.9217112 ], [ -48.6592119, -20.9217132 ], [ -48.6592189, -20.9217185 ], [ -48.6592569, -20.9217673 ], [ -48.6593342, -20.9218557 ], [ -48.6595688, -20.9221105 ], [ -48.6596317, -20.9221862 ], [ -48.6596693, -20.9222352 ], [ -48.6597697, -20.9223601 ], [ -48.6598496, -20.9224655 ], [ -48.6599172, -20.9225665 ], [ -48.6599397, -20.9226032 ], [ -48.6599777, -20.9226702 ], [ -48.6602385, -20.9230868 ], [ -48.6602634, -20.9231316 ], [ -48.6602977, -20.9232 ], [ -48.660307, -20.9232235 ], [ -48.6603302, -20.923296 ], [ -48.6603433, -20.9233543 ], [ -48.660351, -20.9234145 ], [ -48.6603555, -20.923476 ], [ -48.660357, -20.9235205 ], [ -48.6603563, -20.9235924 ], [ -48.6603466, -20.9237163 ], [ -48.66034, -20.9238962 ], [ -48.6603302, -20.9240565 ], [ -48.66033, -20.9241107 ], [ -48.6603335, -20.9241545 ], [ -48.66034, -20.9241882 ], [ -48.6603533, -20.9242193 ], [ -48.6603701, -20.9242491 ], [ -48.6603845, -20.9242707 ], [ -48.6604023, -20.9242911 ], [ -48.6604289, -20.9243168 ], [ -48.6604572, -20.9243397 ], [ -48.6604865, -20.9243605 ], [ -48.6605092, -20.9243746 ], [ -48.6605644, -20.9244024 ], [ -48.6606052, -20.9244193 ], [ -48.6606391, -20.92443 ], [ -48.6607086, -20.924448 ], [ -48.6608323, -20.9244747 ], [ -48.66091, -20.924496 ], [ -48.6609683, -20.924517 ], [ -48.661001, -20.9245304 ], [ -48.6610976, -20.9245739 ], [ -48.6610981, -20.924574 ], [ -48.6611672, -20.9246146 ], [ -48.6612116, -20.9246454 ], [ -48.6612676, -20.9246926 ], [ -48.6613062, -20.9247317 ], [ -48.6613411, -20.924773 ], [ -48.6613956, -20.9248432 ], [ -48.6614625, -20.9249359 ], [ -48.661511, -20.9250084 ], [ -48.6615324, -20.9250456 ], [ -48.6615478, -20.9250761 ], [ -48.66158, -20.9251546 ], [ -48.6616169, -20.9252676 ], [ -48.6616357, -20.925333 ], [ -48.6616796, -20.9254977 ], [ -48.6617166, -20.9256921 ], [ -48.6617555, -20.9258767 ], [ -48.6617624, -20.9259194 ], [ -48.6617753, -20.9260232 ], [ -48.6617912, -20.9260987 ], [ -48.6618016, -20.9261311 ], [ -48.6618134, -20.9261538 ], [ -48.6618287, -20.9261754 ], [ -48.6618351, -20.9261814 ], [ -48.661843, -20.9261859 ] ] ] } },
{ "type": "Feature", "properties": { "comp_m": 77.55 }, "geometry": { "type": "MultiLineString", "coordinates": [ [ [ -48.6618112, -20.9264719 ], [ -48.6618127, -20.9265081 ], [ -48.6618197, -20.9265881 ], [ -48.6618219, -20.9266424 ], [ -48.6618283, -20.9270706 ], [ -48.6618301, -20.9271067 ], [ -48.6618296, -20.9271428 ], [ -48.6618313, -20.9271605 ], [ -48.6618311, -20.9271689 ], [ -48.6618298, -20.9271714 ] ] ] } },
{ "type": "Feature", "properties": { "comp_m": 78.92 }, "geometry": { "type": "MultiLineString", "coordinates": [ [ [ -48.6617972, -20.9264567 ], [ -48.6617958, -20.9264832 ], [ -48.6618039, -20.9265809 ], [ -48.6618072, -20.926662 ], [ -48.661816, -20.9271688 ] ] ] } },
{ "type": "Feature", "properties": { "comp_m": 78.65 }, "geometry": { "type": "MultiLineString", "coordinates": [ [ [ -48.6617787, -20.9264585 ], [ -48.6617883, -20.926582 ], [ -48.661793, -20.9266803 ], [ -48.6618013, -20.9271682 ] ] ] } },
{ "type": "Feature", "properties": { "comp_m": 78.72 }, "geometry": { "type": "MultiLineString", "coordinates": [ [ [ -48.6617619, -20.9264499 ], [ -48.6617715, -20.9265466 ], [ -48.6617787, -20.9266807 ], [ -48.661786, -20.9271066 ], [ -48.6617855, -20.92716 ] ] ] } },
{ "type": "Feature", "properties": { "comp_m": 79.56 }, "geometry": { "type": "MultiLineString", "coordinates": [ [ [ -48.6617511, -20.9264358 ], [ -48.6617507, -20.9264621 ], [ -48.6617601, -20.9265769 ], [ -48.6617652, -20.9267023 ], [ -48.6617693, -20.9269189 ], [ -48.6617708, -20.9271537 ] ] ] } },
{ "type": "Feature", "properties": { "comp_m": 79.93 }, "geometry": { "type": "MultiLineString", "coordinates": [ [ [ -48.661735, -20.9264268 ], [ -48.6617353, -20.9264534 ], [ -48.661745, -20.9265595 ], [ -48.6617496, -20.9266491 ], [ -48.6617568, -20.9269936 ], [ -48.6617559, -20.9270849 ], [ -48.6617586, -20.9271479 ] ] ] } },
{ "type": "Feature", "properties": { "comp_m": 80.72 }, "geometry": { "type": "MultiLineString", "coordinates": [ [ [ -48.6617182, -20.9264171 ], [ -48.6617198, -20.9264527 ], [ -48.6617315, -20.9265668 ], [ -48.6617355, -20.9266383 ], [ -48.6617414, -20.926946 ], [ -48.6617428, -20.9271452 ] ] ] } },
{ "type": "Feature", "properties": { "comp_m": 80.11 }, "geometry": { "type": "MultiLineString", "coordinates": [ [ [ -48.661702, -20.9264059 ], [ -48.6617048, -20.9264499 ], [ -48.6617168, -20.9265647 ], [ -48.6617204, -20.9266275 ], [ -48.6617258, -20.9269098 ], [ -48.6617273, -20.9271284 ] ] ] } },
{ "type": "Feature", "properties": { "comp_m": 80.75 }, "geometry": { "type": "MultiLineString", "coordinates": [ [ [ -48.6616844, -20.9264038 ], [ -48.6617011, -20.9265529 ], [ -48.6617059, -20.9266242 ], [ -48.661714, -20.9271053 ], [ -48.6617128, -20.9271318 ] ] ] } },
{ "type": "Feature", "properties": { "comp_m": 80.98 }, "geometry": { "type": "MultiLineString", "coordinates": [ [ [ -48.661669, -20.9264002 ], [ -48.6616847, -20.9265409 ], [ -48.6616913, -20.9266393 ], [ -48.6616979, -20.9270034 ], [ -48.6616979, -20.9270767 ], [ -48.6616993, -20.9271035 ], [ -48.6616978, -20.9271303 ] ] ] } },
{ "type": "Feature", "properties": { "comp_m": 85.55 }, "geometry": { "type": "MultiLineString", "coordinates": [ [ [ -48.6616487, -20.9263661 ], [ -48.661667, -20.9265145 ], [ -48.661676, -20.92663 ], [ -48.6616793, -20.9267384 ], [ -48.6616843, -20.9271199 ], [ -48.6616849, -20.9271286 ], [ -48.6616882, -20.9271366 ] ] ] } },
{ "type": "Feature", "properties": { "comp_m": 89.13 }, "geometry": { "type": "MultiLineString", "coordinates": [ [ [ -48.6616133, -20.9263369 ], [ -48.6616148, -20.9263543 ], [ -48.6616307, -20.9264486 ], [ -48.6616387, -20.9265093 ], [ -48.6616499, -20.9266691 ], [ -48.661654, -20.9269134 ], [ -48.661654, -20.927104 ], [ -48.6616566, -20.9271211 ], [ -48.6616598, -20.9271309 ] ] ] } },
{ "type": "Feature", "properties": { "comp_m": 2.03 }, "geometry": { "type": "MultiLineString", "coordinates": [ [ [ -48.6616185, -20.9271067 ], [ -48.6616244, -20.9271154 ], [ -48.6616306, -20.9271209 ] ] ] } },
{ "type": "Feature", "properties": { "comp_m": 86.99 }, "geometry": { "type": "MultiLineString", "coordinates": [ [ [ -48.6616317, -20.926349 ], [ -48.6616524, -20.9265049 ], [ -48.6616628, -20.9266556 ], [ -48.6616679, -20.926917 ], [ -48.661669, -20.92708 ], [ -48.6616701, -20.9271067 ], [ -48.6616737, -20.9271326 ] ] ] } },
{ "type": "Feature", "properties": { "comp_m": 94.88 }, "geometry": { "type": "MultiLineString", "coordinates": [ [ [ -48.6615936, -20.9263036 ], [ -48.6616223, -20.9264939 ], [ -48.6616283, -20.9265557 ], [ -48.6616329, -20.9266271 ], [ -48.6616365, -20.9267171 ], [ -48.6616371, -20.9268171 ], [ -48.6616397, -20.9269165 ], [ -48.6616395, -20.9270716 ], [ -48.6616362, -20.9271064 ] ] ] } },
{ "type": "Feature", "properties": { "comp_m": 281.41 }, "geometry": { "type": "MultiLineString", "coordinates": [ [ [ -48.6590018, -20.921855 ], [ -48.6590153, -20.9218673 ], [ -48.6590451, -20.9219019 ], [ -48.6590772, -20.921936 ], [ -48.659106, -20.9219713 ], [ -48.6591372, -20.9220055 ], [ -48.6591581, -20.9220345 ], [ -48.6592064, -20.9220898 ], [ -48.6592658, -20.9221472 ], [ -48.6593195, -20.9222101 ], [ -48.6593505, -20.9222426 ], [ -48.659403, -20.9223062 ], [ -48.6594143, -20.9223215 ], [ -48.659446, -20.9223546 ], [ -48.659458, -20.9223685 ], [ -48.6594835, -20.9224038 ], [ -48.659537, -20.9224703 ], [ -48.6595625, -20.9225063 ], [ -48.6595841, -20.9225298 ], [ -48.659601, -20.9225508 ], [ -48.6596193, -20.9225785 ], [ -48.6596528, -20.9226184 ], [ -48.6596788, -20.9226581 ], [ -48.6597329, -20.9227448 ], [ -48.6598076, -20.9228653 ], [ -48.6598291, -20.9229055 ], [ -48.6598431, -20.9229238 ], [ -48.6598484, -20.9229305 ], [ -48.6599537, -20.9231015 ], [ -48.6599662, -20.9231243 ], [ -48.6599808, -20.9231463 ], [ -48.6600224, -20.9232223 ], [ -48.6600366, -20.9232439 ], [ -48.660061, -20.9232988 ], [ -48.66008, -20.923365 ], [ -48.6600941, -20.9234329 ], [ -48.6600983, -20.9235319 ], [ -48.660098, -20.9235953 ], [ -48.6600934, -20.9236395 ], [ -48.6600909, -20.9237029 ], [ -48.6600789, -20.9239006 ], [ -48.6600779, -20.9239483 ], [ -48.6600754, -20.9240442 ], [ -48.6600739, -20.9240912 ], [ -48.6600736, -20.9241466 ], [ -48.6600772, -20.9241918 ], [ -48.6600847, -20.9242355 ], [ -48.6600961, -20.924287 ], [ -48.6601016, -20.9243036 ], [ -48.6601254, -20.9243506 ], [ -48.6601544, -20.9243955 ], [ -48.6601842, -20.924431 ], [ -48.6602368, -20.9244848 ], [ -48.6602356, -20.9244842 ], [ -48.6603031, -20.9245358 ], [ -48.6603439, -20.9245635 ], [ -48.6603444, -20.9245636 ], [ -48.660391, -20.9245922 ], [ -48.6604309, -20.9246135 ], [ -48.660472, -20.9246323 ], [ -48.6605144, -20.9246485 ], [ -48.6605492, -20.9246593 ], [ -48.6605849, -20.9246683 ], [ -48.6607219, -20.9246948 ], [ -48.6607669, -20.9247052 ], [ -48.6607667, -20.9247056 ], [ -48.6608434, -20.92473 ], [ -48.6608656, -20.9247389 ], [ -48.6609299, -20.9247662 ], [ -48.6610189, -20.9248081 ], [ -48.6610571, -20.9248326 ], [ -48.6610851, -20.9248564 ], [ -48.6611161, -20.9248906 ], [ -48.6611719, -20.9249612 ], [ -48.6612697, -20.9250983 ], [ -48.6612841, -20.9251203 ], [ -48.6612964, -20.9251432 ], [ -48.6612958, -20.9251424 ], [ -48.6613131, -20.9251734 ], [ -48.6613302, -20.925214 ], [ -48.6613687, -20.9253406 ], [ -48.6613671, -20.9253412 ], [ -48.6614046, -20.925465 ], [ -48.6614334, -20.925592 ], [ -48.6614493, -20.9256687 ], [ -48.6614549, -20.9257033 ], [ -48.6614615, -20.9257285 ], [ -48.6614672, -20.9257631 ], [ -48.6614777, -20.925805 ], [ -48.6614825, -20.92584 ], [ -48.6614968, -20.9258898 ], [ -48.6615084, -20.9259405 ], [ -48.6615168, -20.9259833 ], [ -48.6615258, -20.9260244 ], [ -48.6615335, -20.9260871 ], [ -48.6615444, -20.9261488 ], [ -48.6615589, -20.9262093 ], [ -48.6615719, -20.926251 ], [ -48.6615882, -20.9262852 ], [ -48.6616092, -20.9263179 ], [ -48.661643, -20.9263557 ], [ -48.6616906, -20.9263993 ], [ -48.6617648, -20.9264433 ], [ -48.6618151, -20.9264635 ], [ -48.6618946, -20.926485 ], [ -48.6619537, -20.926489 ], [ -48.6620379, -20.9264935 ], [ -48.6621206, -20.9264875 ], [ -48.6622157, -20.9264929 ], [ -48.6622947, -20.9264998 ], [ -48.6623765, -20.9265263 ], [ -48.6623858, -20.9265281 ] ] ] } },
{ "type": "Feature", "properties": { "comp_m": 505.41 }, "geometry": { "type": "MultiLineString", "coordinates": [ [ [ -48.6599987, -20.9232034 ], [ -48.6600086, -20.9232361 ], [ -48.6600155, -20.9232698 ], [ -48.6600346, -20.923408 ], [ -48.6600457, -20.92364 ], [ -48.6600467, -20.9237305 ], [ -48.6600457, -20.9237665 ], [ -48.6600369, -20.9238549 ], [ -48.6600186, -20.9239486 ], [ -48.6599986, -20.9240232 ], [ -48.6599531, -20.924161 ], [ -48.6599422, -20.9242026 ], [ -48.6599364, -20.9242369 ], [ -48.6599325, -20.9242723 ], [ -48.6599331, -20.9243169 ], [ -48.6599392, -20.9243511 ], [ -48.659951, -20.9243829 ], [ -48.6599692, -20.9244124 ], [ -48.6599976, -20.9244473 ], [ -48.6600351, -20.9244874 ], [ -48.6600635, -20.9245104 ], [ -48.6601082, -20.9245411 ], [ -48.660148, -20.9245609 ], [ -48.6601484, -20.9245611 ], [ -48.6602568, -20.9246001 ], [ -48.6603721, -20.924645 ], [ -48.6604942, -20.9246964 ], [ -48.6605665, -20.9247293 ], [ -48.6606302, -20.9247598 ], [ -48.6607225, -20.9248125 ], [ -48.6608269, -20.9248812 ], [ -48.6608765, -20.9249213 ], [ -48.6609306, -20.9249713 ], [ -48.6609632, -20.9250037 ], [ -48.6609876, -20.9250306 ], [ -48.6610549, -20.9251137 ], [ -48.661128, -20.9252126 ], [ -48.6611792, -20.9252836 ], [ -48.6612108, -20.9253349 ], [ -48.6612478, -20.9254023 ], [ -48.6613043, -20.9255164 ], [ -48.6613691, -20.9256545 ], [ -48.6614025, -20.9257322 ], [ -48.6614372, -20.9258184 ], [ -48.6614545, -20.925866 ], [ -48.6614947, -20.9259952 ], [ -48.6615206, -20.9260937 ], [ -48.6615633, -20.9263032 ], [ -48.6615859, -20.9264389 ], [ -48.6615997, -20.926551 ], [ -48.6616088, -20.9267459 ], [ -48.6616082, -20.9268543 ], [ -48.6616106, -20.9270337 ], [ -48.6616085, -20.9270781 ] ] ] } },
{ "type": "Feature", "properties": { "comp_m": 509.87 }, "geometry": { "type": "MultiLineString", "coordinates": [ [ [ -48.6599683, -20.9231483 ], [ -48.6599794, -20.9231802 ], [ -48.6599994, -20.9232627 ], [ -48.6600067, -20.9233049 ], [ -48.6600183, -20.9233906 ], [ -48.6600226, -20.923452 ], [ -48.6600292, -20.9236115 ], [ -48.6600321, -20.9237454 ], [ -48.6600242, -20.9238424 ], [ -48.6600191, -20.9238767 ], [ -48.6600074, -20.9239358 ], [ -48.6599803, -20.9240341 ], [ -48.6599326, -20.9241787 ], [ -48.6599224, -20.9242292 ], [ -48.6599178, -20.9242729 ], [ -48.6599181, -20.9243178 ], [ -48.6599225, -20.9243432 ], [ -48.6599318, -20.9243757 ], [ -48.6599425, -20.9243987 ], [ -48.6599563, -20.9244205 ], [ -48.6599729, -20.9244413 ], [ -48.6600099, -20.9244813 ], [ -48.6600649, -20.924529 ], [ -48.6601019, -20.924554 ], [ -48.6601173, -20.9245626 ], [ -48.6601495, -20.924577 ], [ -48.6602413, -20.9246093 ], [ -48.6604057, -20.9246736 ], [ -48.6604787, -20.9247045 ], [ -48.6605907, -20.9247561 ], [ -48.66063, -20.9247761 ], [ -48.6607296, -20.9248336 ], [ -48.6608185, -20.9248935 ], [ -48.660861, -20.9249275 ], [ -48.6609219, -20.9249835 ], [ -48.6609354, -20.9249965 ], [ -48.6609898, -20.9250571 ], [ -48.6610405, -20.9251192 ], [ -48.6611092, -20.9252105 ], [ -48.6611605, -20.9252814 ], [ -48.6611883, -20.925325 ], [ -48.6612261, -20.9253919 ], [ -48.6613015, -20.9255437 ], [ -48.6613484, -20.9256432 ], [ -48.6614049, -20.9257751 ], [ -48.661435, -20.9258538 ], [ -48.6614608, -20.9259342 ], [ -48.6614823, -20.9260071 ], [ -48.6615083, -20.9261054 ], [ -48.6615522, -20.926323 ], [ -48.6615739, -20.9264589 ], [ -48.6615845, -20.9265539 ], [ -48.661593, -20.9267127 ], [ -48.6615934, -20.9268651 ], [ -48.6615954, -20.9269004 ], [ -48.6615949, -20.9269632 ], [ -48.6615976, -20.9270612 ] ] ] } },
{ "type": "Feature", "properties": { "comp_m": 2.89 }, "geometry": { "type": "MultiLineString", "coordinates": [ [ [ -48.6615748, -20.9270842 ], [ -48.6615819, -20.9270814 ], [ -48.6615883, -20.9270843 ], [ -48.6615905, -20.9270902 ], [ -48.6615872, -20.9270952 ] ] ] } },
{ "type": "Feature", "properties": { "comp_m": 514.99 }, "geometry": { "type": "MultiLineString", "coordinates": [ [ [ -48.6599397, -20.9231006 ], [ -48.6599509, -20.9231327 ], [ -48.6599649, -20.9231817 ], [ -48.6599824, -20.9232566 ], [ -48.6599923, -20.9233072 ], [ -48.6600043, -20.9233932 ], [ -48.6600098, -20.9234907 ], [ -48.6600175, -20.9237412 ], [ -48.6600148, -20.9237859 ], [ -48.6600075, -20.9238562 ], [ -48.6600021, -20.9238907 ], [ -48.6599932, -20.9239329 ], [ -48.6599827, -20.9239744 ], [ -48.659968, -20.9240234 ], [ -48.6599203, -20.924169 ], [ -48.65991, -20.9242106 ], [ -48.6599061, -20.9242364 ], [ -48.6599033, -20.924272 ], [ -48.6599028, -20.9242992 ], [ -48.6599043, -20.9243259 ], [ -48.6599109, -20.9243596 ], [ -48.6599191, -20.9243837 ], [ -48.6599345, -20.9244141 ], [ -48.6599496, -20.9244356 ], [ -48.6599736, -20.9244628 ], [ -48.660012, -20.9245017 ], [ -48.6600538, -20.9245381 ], [ -48.6600829, -20.9245598 ], [ -48.6600831, -20.9245603 ], [ -48.6601057, -20.9245745 ], [ -48.6601217, -20.9245819 ], [ -48.6602555, -20.9246288 ], [ -48.6603626, -20.9246704 ], [ -48.660444, -20.9247045 ], [ -48.6605324, -20.9247444 ], [ -48.6606117, -20.9247831 ], [ -48.6606737, -20.9248173 ], [ -48.6607421, -20.9248586 ], [ -48.6608014, -20.9248986 ], [ -48.6608445, -20.9249316 ], [ -48.660886, -20.924968 ], [ -48.6609449, -20.925026 ], [ -48.6610146, -20.9251081 ], [ -48.6610414, -20.9251432 ], [ -48.6611301, -20.9252632 ], [ -48.661178, -20.9253355 ], [ -48.6612117, -20.925395 ], [ -48.6613129, -20.9256005 ], [ -48.6613478, -20.9256776 ], [ -48.6613908, -20.9257786 ], [ -48.6614342, -20.9258976 ], [ -48.6614904, -20.9260929 ], [ -48.661503, -20.9261513 ], [ -48.6615467, -20.9263782 ], [ -48.6615591, -20.9264547 ], [ -48.6615703, -20.9265586 ], [ -48.6615768, -20.9266733 ], [ -48.6615791, -20.9268347 ], [ -48.6615822, -20.9269056 ], [ -48.6615816, -20.9270225 ], [ -48.6615827, -20.9270487 ], [ -48.6615846, -20.927057 ] ] ] } },
{ "type": "Feature", "properties": { "comp_m": 518.5 }, "geometry": { "type": "MultiLineString", "coordinates": [ [ [ -48.6599152, -20.9230695 ], [ -48.6599362, -20.9231337 ], [ -48.6599543, -20.923199 ], [ -48.6599773, -20.9233075 ], [ -48.6599853, -20.9233585 ], [ -48.6599943, -20.9234542 ], [ -48.6600022, -20.9236763 ], [ -48.660003, -20.9237391 ], [ -48.6599981, -20.9238191 ], [ -48.6599913, -20.9238711 ], [ -48.6599836, -20.9239135 ], [ -48.6599688, -20.9239713 ], [ -48.6599493, -20.9240363 ], [ -48.6599019, -20.9241811 ], [ -48.6598934, -20.9242232 ], [ -48.6598892, -20.9242671 ], [ -48.6598884, -20.9243211 ], [ -48.6598936, -20.9243551 ], [ -48.6599039, -20.9243873 ], [ -48.6599286, -20.9244321 ], [ -48.6599395, -20.9244461 ], [ -48.6599583, -20.9244661 ], [ -48.6600034, -20.9245114 ], [ -48.6600585, -20.9245591 ], [ -48.6600878, -20.9245798 ], [ -48.6601034, -20.924588 ], [ -48.6601444, -20.9246044 ], [ -48.6602534, -20.9246417 ], [ -48.66036, -20.9246841 ], [ -48.6604335, -20.9247143 ], [ -48.6605377, -20.924762 ], [ -48.6606087, -20.9247974 ], [ -48.6606783, -20.9248359 ], [ -48.6607465, -20.9248775 ], [ -48.6607909, -20.9249075 ], [ -48.6608198, -20.9249292 ], [ -48.6608966, -20.9249943 ], [ -48.660923, -20.9250204 ], [ -48.6609538, -20.925054 ], [ -48.6609986, -20.9251093 ], [ -48.6610831, -20.9252218 ], [ -48.6611383, -20.9253003 ], [ -48.6611664, -20.9253438 ], [ -48.6612001, -20.9254032 ], [ -48.6612416, -20.9254868 ], [ -48.6613149, -20.9256395 ], [ -48.6613592, -20.92574 ], [ -48.6613879, -20.9258104 ], [ -48.6614223, -20.9259056 ], [ -48.6614733, -20.9260846 ], [ -48.6615145, -20.9262853 ], [ -48.6615362, -20.9264033 ], [ -48.6615457, -20.9264628 ], [ -48.6615557, -20.9265491 ], [ -48.6615598, -20.9266016 ], [ -48.6615634, -20.9267083 ], [ -48.6615653, -20.9268607 ], [ -48.6615684, -20.9269225 ], [ -48.6615668, -20.9269583 ], [ -48.661567, -20.9270123 ], [ -48.661572, -20.9270554 ] ] ] } },
{ "type": "Feature", "properties": { "comp_m": 2.39 }, "geometry": { "type": "MultiLineString", "coordinates": [ [ [ -48.6615563, -20.9270555 ], [ -48.6615642, -20.9270758 ] ] ] } },
{ "type": "Feature", "properties": { "comp_m": 525.78 }, "geometry": { "type": "MultiLineString", "coordinates": [ [ [ -48.659877, -20.9230008 ], [ -48.6598899, -20.9230319 ], [ -48.6599288, -20.9231613 ], [ -48.6599414, -20.9232106 ], [ -48.659964, -20.9233191 ], [ -48.6599739, -20.9233873 ], [ -48.6599785, -20.9234306 ], [ -48.6599813, -20.9234835 ], [ -48.6599823, -20.9235551 ], [ -48.6599875, -20.923697 ], [ -48.6599867, -20.9237779 ], [ -48.6599834, -20.923822 ], [ -48.6599774, -20.9238651 ], [ -48.6599695, -20.9239074 ], [ -48.6599479, -20.9239897 ], [ -48.6599309, -20.9240465 ], [ -48.6598937, -20.9241589 ], [ -48.6598811, -20.9242084 ], [ -48.6598768, -20.924243 ], [ -48.6598705, -20.9243316 ], [ -48.6598706, -20.9243675 ], [ -48.6598757, -20.9244015 ], [ -48.6598882, -20.9244238 ], [ -48.659901, -20.924437 ], [ -48.6600521, -20.9245707 ], [ -48.6600738, -20.9245867 ], [ -48.6601052, -20.9246028 ], [ -48.660138, -20.9246158 ], [ -48.6602547, -20.9246569 ], [ -48.6603534, -20.9246952 ], [ -48.6604428, -20.9247326 ], [ -48.6605313, -20.9247719 ], [ -48.6606018, -20.9248082 ], [ -48.6606636, -20.9248425 ], [ -48.6607465, -20.924894 ], [ -48.6608124, -20.9249403 ], [ -48.6608622, -20.9249796 ], [ -48.6608888, -20.9250047 ], [ -48.6609664, -20.9250927 ], [ -48.6609941, -20.9251273 ], [ -48.6610724, -20.925233 ], [ -48.6611423, -20.9253328 ], [ -48.6611855, -20.9254066 ], [ -48.6612238, -20.9254822 ], [ -48.6612608, -20.9255584 ], [ -48.6613449, -20.9257428 ], [ -48.6613795, -20.9258289 ], [ -48.6614079, -20.9259082 ], [ -48.6614564, -20.9260789 ], [ -48.6615034, -20.9263042 ], [ -48.6615189, -20.9263883 ], [ -48.6615313, -20.9264647 ], [ -48.6615419, -20.9265506 ], [ -48.6615471, -20.9266117 ], [ -48.6615477, -20.9267104 ], [ -48.6615504, -20.9267723 ], [ -48.6615513, -20.9268799 ], [ -48.6615532, -20.9269241 ], [ -48.6615524, -20.927014 ], [ -48.6615552, -20.9270399 ] ] ] } },
{ "type": "Feature", "properties": { "comp_m": 577.0 }, "geometry": { "type": "MultiLineString", "coordinates": [ [ [ -48.6598372, -20.9229336 ], [ -48.6598547, -20.922975 ], [ -48.6598633, -20.9229989 ], [ -48.6599009, -20.9231203 ], [ -48.6599353, -20.923252 ], [ -48.6599439, -20.923294 ], [ -48.6599629, -20.9234224 ], [ -48.6599712, -20.923627 ], [ -48.6599719, -20.9237802 ], [ -48.6599679, -20.9238243 ], [ -48.6599601, -20.923876 ], [ -48.6599343, -20.9239844 ], [ -48.6599177, -20.9240416 ], [ -48.65988, -20.9241543 ], [ -48.6598709, -20.9241872 ], [ -48.6598662, -20.9242128 ], [ -48.6598619, -20.9242476 ], [ -48.6598543, -20.9243542 ], [ -48.6598572, -20.9243893 ], [ -48.6598643, -20.9244138 ], [ -48.6598785, -20.9244356 ], [ -48.6598908, -20.9244488 ], [ -48.6599747, -20.9245205 ], [ -48.6600365, -20.9245759 ], [ -48.6600656, -20.9245974 ], [ -48.6600888, -20.9246105 ], [ -48.6601213, -20.9246243 ], [ -48.6603053, -20.9246898 ], [ -48.6603711, -20.9247162 ], [ -48.6605173, -20.9247791 ], [ -48.6605962, -20.9248192 ], [ -48.660635, -20.9248407 ], [ -48.6607038, -20.9248817 ], [ -48.6607562, -20.9249159 ], [ -48.6608072, -20.9249531 ], [ -48.660836, -20.9249751 ], [ -48.6608639, -20.9249991 ], [ -48.6608835, -20.9250186 ], [ -48.6609134, -20.9250526 ], [ -48.6609138, -20.9250529 ], [ -48.6609823, -20.9251356 ], [ -48.6611026, -20.9252981 ], [ -48.6611363, -20.9253486 ], [ -48.6611702, -20.9254081 ], [ -48.6612426, -20.9255525 ], [ -48.661327, -20.9257374 ], [ -48.6613653, -20.9258313 ], [ -48.6613965, -20.9259189 ], [ -48.6614182, -20.9259919 ], [ -48.6614428, -20.926082 ], [ -48.6614678, -20.9261989 ], [ -48.6615065, -20.9264009 ], [ -48.6615271, -20.9265375 ], [ -48.6615326, -20.9266076 ], [ -48.6615335, -20.9266974 ], [ -48.6615368, -20.9267774 ], [ -48.6615394, -20.9269297 ], [ -48.6615377, -20.9269928 ], [ -48.6615324, -20.927018 ], [ -48.6615322, -20.927027 ] ] ] } },
{ "type": "Feature", "properties": { "comp_m": 540.47 }, "geometry": { "type": "MultiLineString", "coordinates": [ [ [ -48.6597855, -20.9228503 ], [ -48.6598109, -20.9229038 ], [ -48.6598473, -20.9229983 ], [ -48.6598981, -20.9231594 ], [ -48.6599258, -20.9232751 ], [ -48.6599373, -20.9233338 ], [ -48.6599481, -20.9234108 ], [ -48.6599521, -20.9234724 ], [ -48.6599577, -20.9236864 ], [ -48.6599568, -20.9237766 ], [ -48.6599544, -20.9238121 ], [ -48.6599473, -20.9238639 ], [ -48.6599299, -20.923948 ], [ -48.6599013, -20.9240458 ], [ -48.6598642, -20.9241583 ], [ -48.6598541, -20.9241998 ], [ -48.659847, -20.9242516 ], [ -48.6598392, -20.9243304 ], [ -48.6598381, -20.9243574 ], [ -48.6598387, -20.9243752 ], [ -48.6598418, -20.924392 ], [ -48.6598465, -20.9244083 ], [ -48.6598533, -20.9244237 ], [ -48.6598677, -20.9244454 ], [ -48.6598947, -20.9244706 ], [ -48.6599718, -20.924535 ], [ -48.6600402, -20.9245966 ], [ -48.6600694, -20.9246174 ], [ -48.6601096, -20.9246356 ], [ -48.6601769, -20.924658 ], [ -48.660335, -20.9247151 ], [ -48.6604812, -20.924777 ], [ -48.6605689, -20.9248183 ], [ -48.660623, -20.9248483 ], [ -48.6607069, -20.924898 ], [ -48.6607658, -20.9249386 ], [ -48.6608087, -20.9249719 ], [ -48.6608572, -20.9250137 ], [ -48.6609131, -20.9250737 ], [ -48.6609131, -20.9250742 ], [ -48.6609431, -20.9251081 ], [ -48.6609929, -20.9251707 ], [ -48.6611152, -20.9253416 ], [ -48.6611546, -20.925408 ], [ -48.6612203, -20.9255369 ], [ -48.6613028, -20.9257136 ], [ -48.6613566, -20.9258469 ], [ -48.6613922, -20.9259508 ], [ -48.6614292, -20.9260814 ], [ -48.6614536, -20.9261985 ], [ -48.6614864, -20.9263667 ], [ -48.6615116, -20.9265287 ], [ -48.6615156, -20.9265723 ], [ -48.6615187, -20.9266433 ], [ -48.6615263, -20.9269383 ], [ -48.6615216, -20.9269911 ], [ -48.661518, -20.9270079 ] ] ] } },
{ "type": "Feature", "properties": { "comp_m": 560.74 }, "geometry": { "type": "MultiLineString", "coordinates": [ [ [ -48.6596764, -20.9226703 ], [ -48.6597024, -20.9227172 ], [ -48.6597543, -20.9228148 ], [ -48.6597689, -20.9228454 ], [ -48.6598083, -20.9229387 ], [ -48.6598329, -20.9230015 ], [ -48.6598651, -20.9230974 ], [ -48.6598887, -20.9231786 ], [ -48.6599223, -20.9233191 ], [ -48.6599302, -20.9233701 ], [ -48.659934, -20.9234047 ], [ -48.6599392, -20.9235018 ], [ -48.6599441, -20.9236979 ], [ -48.6599414, -20.9237971 ], [ -48.6599395, -20.9238236 ], [ -48.6599263, -20.9239003 ], [ -48.659913, -20.9239586 ], [ -48.6598885, -20.9240398 ], [ -48.6598557, -20.9241358 ], [ -48.6598402, -20.9241933 ], [ -48.6598343, -20.9242364 ], [ -48.6598268, -20.9243154 ], [ -48.6598227, -20.9243411 ], [ -48.6598237, -20.9243767 ], [ -48.6598318, -20.9244097 ], [ -48.6598473, -20.9244399 ], [ -48.6598587, -20.9244536 ], [ -48.6598785, -20.9244727 ], [ -48.6599757, -20.9245558 ], [ -48.660023, -20.9246 ], [ -48.6600668, -20.9246314 ], [ -48.6600824, -20.9246395 ], [ -48.6601072, -20.9246488 ], [ -48.6602581, -20.9247003 ], [ -48.6603078, -20.9247188 ], [ -48.6604137, -20.9247626 ], [ -48.6605259, -20.9248139 ], [ -48.6605733, -20.9248373 ], [ -48.6607031, -20.9249135 ], [ -48.660762, -20.9249542 ], [ -48.6607976, -20.9249823 ], [ -48.660839, -20.9250183 ], [ -48.6608852, -20.9250631 ], [ -48.6609226, -20.9251032 ], [ -48.6609829, -20.9251796 ], [ -48.6610697, -20.9253002 ], [ -48.6611134, -20.9253649 ], [ -48.661156, -20.925439 ], [ -48.6611902, -20.9255072 ], [ -48.6612595, -20.9256524 ], [ -48.6613008, -20.925745 ], [ -48.6613478, -20.9258624 ], [ -48.6613727, -20.9259341 ], [ -48.6613924, -20.9259987 ], [ -48.6614117, -20.9260725 ], [ -48.6614375, -20.9261889 ], [ -48.6614723, -20.9263649 ], [ -48.6614849, -20.9264412 ], [ -48.6614976, -20.9265354 ], [ -48.6615043, -20.926632 ], [ -48.661511, -20.9268814 ], [ -48.6615117, -20.9269442 ], [ -48.6615067, -20.9269877 ] ] ] } },
{ "type": "Feature", "properties": { "comp_m": 358.34 }, "geometry": { "type": "MultiLineString", "coordinates": [ [ [ -48.6598217, -20.9244261 ], [ -48.65984, -20.924455 ], [ -48.6598661, -20.924481 ], [ -48.6599079, -20.9245168 ], [ -48.659997, -20.9245971 ], [ -48.6600252, -20.9246203 ], [ -48.6600552, -20.9246395 ], [ -48.6600707, -20.9246481 ], [ -48.6600952, -20.9246584 ], [ -48.6602291, -20.9247052 ], [ -48.6603036, -20.9247333 ], [ -48.6605141, -20.9248249 ], [ -48.6605694, -20.9248524 ], [ -48.6606389, -20.9248914 ], [ -48.6606923, -20.9249232 ], [ -48.6607367, -20.9249533 ], [ -48.6608217, -20.9250222 ], [ -48.6608691, -20.9250666 ], [ -48.6608941, -20.9250931 ], [ -48.6609175, -20.9251204 ], [ -48.6609446, -20.9251554 ], [ -48.6610801, -20.9253392 ], [ -48.6611166, -20.9253977 ], [ -48.6611451, -20.9254502 ], [ -48.6612233, -20.9256103 ], [ -48.6612935, -20.9257645 ], [ -48.6613342, -20.9258665 ], [ -48.6613652, -20.9259631 ], [ -48.6613906, -20.9260528 ], [ -48.6614233, -20.9261939 ], [ -48.6614554, -20.9263532 ], [ -48.6614686, -20.9264294 ], [ -48.6614807, -20.9265151 ], [ -48.6614906, -20.9266376 ], [ -48.6614949, -20.926906 ], [ -48.661493, -20.926969 ], [ -48.6614941, -20.9269778 ] ] ] } },
{ "type": "Feature", "properties": { "comp_m": 379.59 }, "geometry": { "type": "MultiLineString", "coordinates": [ [ [ -48.6600243, -20.9232482 ], [ -48.6600306, -20.9232731 ], [ -48.6600351, -20.9232987 ], [ -48.6600503, -20.9234111 ], [ -48.6600611, -20.9236433 ], [ -48.6600615, -20.9237425 ], [ -48.6600603, -20.9237786 ], [ -48.6600498, -20.9238663 ], [ -48.6600309, -20.9239598 ], [ -48.6600103, -20.9240342 ], [ -48.6599649, -20.9241721 ], [ -48.6599543, -20.9242138 ], [ -48.6599471, -20.9242661 ], [ -48.6599464, -20.9242932 ], [ -48.6599482, -20.9243199 ], [ -48.6599555, -20.9243535 ], [ -48.6599695, -20.9243846 ], [ -48.6599945, -20.9244207 ], [ -48.6600369, -20.9244682 ], [ -48.6600644, -20.9244923 ], [ -48.660116, -20.9245291 ], [ -48.6601476, -20.9245457 ], [ -48.6601893, -20.9245614 ], [ -48.6601901, -20.924562 ], [ -48.6602739, -20.9245917 ], [ -48.6604792, -20.924675 ], [ -48.6605998, -20.9247306 ], [ -48.6606783, -20.9247719 ], [ -48.6607475, -20.924812 ], [ -48.6607923, -20.9248419 ], [ -48.6608584, -20.9248889 ], [ -48.6609281, -20.9249493 ], [ -48.6609804, -20.9250016 ], [ -48.6610104, -20.9250357 ], [ -48.6610554, -20.9250912 ], [ -48.6611453, -20.9252114 ], [ -48.661205, -20.9252977 ], [ -48.6612646, -20.925402 ], [ -48.661339, -20.9255551 ], [ -48.6614123, -20.9257177 ], [ -48.6614688, -20.9258594 ], [ -48.6615023, -20.9259735 ], [ -48.6615078, -20.9259986 ] ] ] } },
{ "type": "Feature", "properties": { "comp_m": 353.63 }, "geometry": { "type": "MultiLineString", "coordinates": [ [ [ -48.6598258, -20.9244626 ], [ -48.6598585, -20.9244943 ], [ -48.659997, -20.9246155 ], [ -48.6600184, -20.9246324 ], [ -48.6600484, -20.9246518 ], [ -48.6600885, -20.9246703 ], [ -48.6602141, -20.924714 ], [ -48.6602965, -20.9247459 ], [ -48.6604993, -20.924833 ], [ -48.6605469, -20.9248564 ], [ -48.6606249, -20.9248981 ], [ -48.6606779, -20.9249306 ], [ -48.6607298, -20.9249657 ], [ -48.6608146, -20.9250347 ], [ -48.6608484, -20.9250662 ], [ -48.6608868, -20.9251057 ], [ -48.6609685, -20.9252105 ], [ -48.6610672, -20.9253449 ], [ -48.6611159, -20.9254259 ], [ -48.6611507, -20.9254941 ], [ -48.6611919, -20.9255779 ], [ -48.6612836, -20.925778 ], [ -48.6613097, -20.9258404 ], [ -48.6613265, -20.9258882 ], [ -48.6613544, -20.925977 ], [ -48.6613743, -20.9260507 ], [ -48.6614098, -20.9261997 ], [ -48.6614419, -20.9263591 ], [ -48.6614561, -20.9264439 ], [ -48.6614666, -20.9265211 ], [ -48.6614738, -20.9265996 ], [ -48.6614774, -20.9266614 ], [ -48.661479, -20.9269218 ], [ -48.6614766, -20.9269755 ] ] ] } },
{ "type": "Feature", "properties": { "comp_m": 355.89 }, "geometry": { "type": "MultiLineString", "coordinates": [ [ [ -48.6598203, -20.9244652 ], [ -48.6598232, -20.9244731 ], [ -48.6598284, -20.9244802 ], [ -48.6598463, -20.9245006 ], [ -48.6598597, -20.9245134 ], [ -48.6599773, -20.9246164 ], [ -48.6600128, -20.9246448 ], [ -48.6600349, -20.9246601 ], [ -48.6600827, -20.9246827 ], [ -48.6602165, -20.9247294 ], [ -48.6602987, -20.9247616 ], [ -48.6605013, -20.9248488 ], [ -48.6605876, -20.9248932 ], [ -48.6606184, -20.9249107 ], [ -48.6606862, -20.9249533 ], [ -48.6607228, -20.9249791 ], [ -48.6607588, -20.9250064 ], [ -48.6608081, -20.9250469 ], [ -48.6608541, -20.9250921 ], [ -48.6608789, -20.9251189 ], [ -48.6609511, -20.925209 ], [ -48.6610287, -20.9253152 ], [ -48.6610634, -20.9253653 ], [ -48.6611115, -20.9254464 ], [ -48.6611834, -20.9255907 ], [ -48.6612737, -20.9257911 ], [ -48.6612935, -20.9258378 ], [ -48.6613168, -20.9259012 ], [ -48.6613442, -20.92599 ], [ -48.6613613, -20.9260557 ], [ -48.6613961, -20.9262048 ], [ -48.6614278, -20.9263641 ], [ -48.6614434, -20.9264574 ], [ -48.6614546, -20.9265432 ], [ -48.6614607, -20.926613 ], [ -48.6614627, -20.9266573 ], [ -48.6614625, -20.9268281 ], [ -48.6614644, -20.9269265 ], [ -48.6614624, -20.9269702 ], [ -48.6614601, -20.9269867 ], [ -48.6614709, -20.9270001 ] ] ] } },
{ "type": "Feature", "properties": { "comp_m": 353.18 }, "geometry": { "type": "MultiLineString", "coordinates": [ [ [ -48.6600489, -20.9233057 ], [ -48.6600622, -20.9233735 ], [ -48.6600674, -20.923426 ], [ -48.6600692, -20.9234981 ], [ -48.6600759, -20.923641 ], [ -48.6600755, -20.9237498 ], [ -48.6600729, -20.9237948 ], [ -48.6600613, -20.9238913 ], [ -48.6600443, -20.9239672 ], [ -48.6600203, -20.9240494 ], [ -48.6599774, -20.9241792 ], [ -48.6599689, -20.9242125 ], [ -48.659962, -20.9242558 ], [ -48.6599606, -20.9242736 ], [ -48.6599645, -20.9243267 ], [ -48.6599678, -20.9243437 ], [ -48.6599733, -20.9243598 ], [ -48.6599806, -20.9243752 ], [ -48.659994, -20.9243975 ], [ -48.6600221, -20.9244325 ], [ -48.6600689, -20.9244779 ], [ -48.6600971, -20.9245012 ], [ -48.6601273, -20.9245206 ], [ -48.6601595, -20.9245359 ], [ -48.6602259, -20.9245619 ], [ -48.6602267, -20.9245624 ], [ -48.6603105, -20.9245918 ], [ -48.6604587, -20.9246508 ], [ -48.6605474, -20.9246907 ], [ -48.6606425, -20.9247379 ], [ -48.6607583, -20.9248038 ], [ -48.6608035, -20.9248326 ], [ -48.6608973, -20.9249038 ], [ -48.6609323, -20.9249335 ], [ -48.6609589, -20.9249591 ], [ -48.6609961, -20.9249997 ], [ -48.661071, -20.9250888 ], [ -48.661165, -20.9252164 ], [ -48.6612097, -20.925281 ], [ -48.6612375, -20.9253249 ], [ -48.6612865, -20.925415 ], [ -48.6613536, -20.9255526 ], [ -48.6614198, -20.9256995 ], [ -48.66147, -20.9258254 ] ] ] } },
{ "type": "Feature", "properties": { "comp_m": 362.82 }, "geometry": { "type": "MultiLineString", "coordinates": [ [ [ -48.6597662, -20.9243837 ], [ -48.6597696, -20.9243915 ], [ -48.6597738, -20.924417 ], [ -48.6597792, -20.9244331 ], [ -48.6597915, -20.9244557 ], [ -48.6598077, -20.9244767 ], [ -48.6598456, -20.9245165 ], [ -48.6598791, -20.9245483 ], [ -48.6599693, -20.9246275 ], [ -48.660012, -20.9246612 ], [ -48.6600425, -20.92468 ], [ -48.6600667, -20.9246909 ], [ -48.6601924, -20.9247355 ], [ -48.6602755, -20.9247666 ], [ -48.6604225, -20.9248284 ], [ -48.6605189, -20.9248731 ], [ -48.6606049, -20.9249193 ], [ -48.6606581, -20.9249517 ], [ -48.6607028, -20.9249817 ], [ -48.6607466, -20.9250139 ], [ -48.6607819, -20.9250428 ], [ -48.6608224, -20.92508 ], [ -48.6608543, -20.9251129 ], [ -48.660884, -20.9251472 ], [ -48.6609109, -20.9251822 ], [ -48.6609114, -20.9251826 ], [ -48.6609501, -20.9252314 ], [ -48.6610327, -20.9253449 ], [ -48.6610657, -20.9253958 ], [ -48.6610998, -20.9254553 ], [ -48.6611821, -20.9256231 ], [ -48.6612687, -20.9258164 ], [ -48.6612992, -20.9258953 ], [ -48.6613298, -20.9259922 ], [ -48.6613432, -20.9260414 ], [ -48.6613805, -20.9261989 ], [ -48.6614118, -20.9263587 ], [ -48.6614313, -20.9264687 ], [ -48.6614373, -20.9265116 ], [ -48.6614468, -20.9266164 ], [ -48.6614505, -20.9268767 ], [ -48.6614498, -20.9269754 ] ] ] } },
{ "type": "Feature", "properties": { "comp_m": 158.4 }, "geometry": { "type": "MultiLineString", "coordinates": [ [ [ -48.6605311, -20.9246683 ], [ -48.6605386, -20.9246731 ], [ -48.6605553, -20.9246793 ], [ -48.6606348, -20.9247178 ], [ -48.6607506, -20.9247843 ], [ -48.6607962, -20.9248123 ], [ -48.6608695, -20.924865 ], [ -48.6609126, -20.9248987 ], [ -48.6609798, -20.9249611 ], [ -48.6609986, -20.9249811 ], [ -48.6610681, -20.9250638 ], [ -48.6611005, -20.925106 ], [ -48.6611992, -20.9252412 ], [ -48.6612287, -20.9252845 ], [ -48.6612516, -20.9253212 ], [ -48.6612886, -20.9253889 ], [ -48.661357, -20.9255263 ], [ -48.661435, -20.9256963 ], [ -48.6614552, -20.9257522 ] ] ] } },
{ "type": "Feature", "properties": { "comp_m": 629.96 }, "geometry": { "type": "MultiLineString", "coordinates": [ [ [ -48.6592313, -20.9221286 ], [ -48.6592853, -20.9221937 ], [ -48.6593612, -20.9222978 ], [ -48.6593664, -20.9223039 ], [ -48.6594141, -20.9223762 ], [ -48.659467, -20.9224644 ], [ -48.6595764, -20.9226576 ], [ -48.6596126, -20.9227252 ], [ -48.659684, -20.9228695 ], [ -48.6597223, -20.9229542 ], [ -48.6597559, -20.9230407 ], [ -48.6597665, -20.9230728 ], [ -48.6598118, -20.9232269 ], [ -48.6598347, -20.9233264 ], [ -48.6598438, -20.923386 ], [ -48.65985, -20.9234647 ], [ -48.6598587, -20.9236775 ], [ -48.6598592, -20.9237133 ], [ -48.6598564, -20.9237846 ], [ -48.6598464, -20.9238626 ], [ -48.6598302, -20.923938 ], [ -48.6598153, -20.9239867 ], [ -48.6597642, -20.924139 ], [ -48.6597575, -20.9241637 ], [ -48.6597501, -20.9242062 ], [ -48.659744, -20.9242675 ], [ -48.6597412, -20.9243484 ], [ -48.659745, -20.9244095 ], [ -48.659748, -20.9244264 ], [ -48.6597569, -20.9244501 ], [ -48.6597836, -20.9244942 ], [ -48.6597947, -20.924508 ], [ -48.6598074, -20.924521 ], [ -48.659945, -20.9246437 ], [ -48.6599949, -20.924683 ], [ -48.6600097, -20.924693 ], [ -48.660041, -20.9247093 ], [ -48.6600653, -20.9247196 ], [ -48.6602317, -20.9247796 ], [ -48.6602976, -20.9248051 ], [ -48.6603706, -20.924836 ], [ -48.6604829, -20.9248872 ], [ -48.6605773, -20.9249351 ], [ -48.6606234, -20.9249615 ], [ -48.6606684, -20.92499 ], [ -48.6607271, -20.9250311 ], [ -48.6607623, -20.9250602 ], [ -48.6608021, -20.9250982 ], [ -48.6608514, -20.9251518 ], [ -48.6609331, -20.9252563 ], [ -48.6610147, -20.9253699 ], [ -48.661047, -20.9254208 ], [ -48.6610764, -20.9254729 ], [ -48.661096, -20.9255106 ], [ -48.6611392, -20.9256025 ], [ -48.6611732, -20.9256708 ], [ -48.6612303, -20.9258025 ], [ -48.6612557, -20.925865 ], [ -48.6612919, -20.9259685 ], [ -48.6613081, -20.9260255 ], [ -48.6613351, -20.9261324 ], [ -48.6613536, -20.9262156 ], [ -48.6613946, -20.9264253 ], [ -48.6614108, -20.9265273 ], [ -48.661416, -20.9265703 ], [ -48.6614193, -20.9266321 ], [ -48.6614186, -20.9267404 ], [ -48.6614214, -20.9268024 ], [ -48.6614209, -20.926919 ], [ -48.6614164, -20.9269528 ], [ -48.661419, -20.9269608 ], [ -48.6614248, -20.926967 ], [ -48.6614339, -20.926967 ] ] ] } },
{ "type": "Feature", "properties": { "comp_m": 361.37 }, "geometry": { "type": "MultiLineString", "coordinates": [ [ [ -48.6597578, -20.9243878 ], [ -48.6597586, -20.9244145 ], [ -48.659771, -20.924446 ], [ -48.6597885, -20.9244755 ], [ -48.6598049, -20.9244965 ], [ -48.6598439, -20.9245349 ], [ -48.659899, -20.9245842 ], [ -48.6599683, -20.9246443 ], [ -48.6600113, -20.9246776 ], [ -48.6600418, -20.9246957 ], [ -48.6602912, -20.9247874 ], [ -48.6603807, -20.9248253 ], [ -48.6604854, -20.9248723 ], [ -48.6605877, -20.9249248 ], [ -48.6606262, -20.9249466 ], [ -48.6606714, -20.9249751 ], [ -48.6607442, -20.9250282 ], [ -48.6607654, -20.9250455 ], [ -48.6608132, -20.9250895 ], [ -48.6608623, -20.9251433 ], [ -48.6609444, -20.925248 ], [ -48.6610071, -20.9253328 ], [ -48.6610409, -20.9253833 ], [ -48.661076, -20.9254424 ], [ -48.661112, -20.9255101 ], [ -48.6611817, -20.9256555 ], [ -48.6612093, -20.9257173 ], [ -48.6612716, -20.9258654 ], [ -48.6613052, -20.9259611 ], [ -48.6613264, -20.9260344 ], [ -48.6613697, -20.9262167 ], [ -48.6614036, -20.9263934 ], [ -48.6614184, -20.9264781 ], [ -48.6614268, -20.9265381 ], [ -48.6614305, -20.9265728 ], [ -48.661433, -20.926626 ], [ -48.661436, -20.9268954 ], [ -48.6614339, -20.9269671 ] ] ] } },
{ "type": "Feature", "properties": { "comp_m": 143.92 }, "geometry": { "type": "MultiLineString", "coordinates": [ [ [ -48.6605881, -20.9246799 ], [ -48.6606209, -20.9246935 ], [ -48.6606755, -20.9247237 ], [ -48.6607906, -20.9247924 ], [ -48.6608504, -20.9248322 ], [ -48.6609012, -20.9248706 ], [ -48.6609435, -20.9249065 ], [ -48.6609838, -20.9249448 ], [ -48.6610275, -20.9249919 ], [ -48.6610839, -20.9250616 ], [ -48.6611852, -20.9251961 ], [ -48.6612214, -20.9252461 ], [ -48.6612497, -20.92529 ], [ -48.661292, -20.9253649 ], [ -48.6613577, -20.9254946 ], [ -48.6614192, -20.9256259 ], [ -48.6614352, -20.9256652 ] ] ] } },
{ "type": "Feature", "properties": { "comp_m": 133.86 }, "geometry": { "type": "MultiLineString", "coordinates": [ [ [ -48.6606417, -20.924691 ], [ -48.6606586, -20.9246968 ], [ -48.6607284, -20.9247368 ], [ -48.6608198, -20.9247935 ], [ -48.6608644, -20.9248241 ], [ -48.6609147, -20.9248636 ], [ -48.6609639, -20.9249061 ], [ -48.6610105, -20.9249514 ], [ -48.6610471, -20.9249921 ], [ -48.6610862, -20.9250411 ], [ -48.661204, -20.925197 ], [ -48.6612346, -20.9252401 ], [ -48.6612628, -20.925284 ], [ -48.661293, -20.9253364 ], [ -48.6613246, -20.9253972 ], [ -48.6614149, -20.9255815 ], [ -48.6614265, -20.9256136 ] ] ] } },
{ "type": "Feature", "properties": { "comp_m": 662.84 }, "geometry": { "type": "MultiLineString", "coordinates": [ [ [ -48.6589678, -20.9218968 ], [ -48.6590977, -20.9220045 ], [ -48.6591456, -20.9220475 ], [ -48.659171, -20.922074 ], [ -48.6592332, -20.9221497 ], [ -48.6592971, -20.9222339 ], [ -48.6593545, -20.9223115 ], [ -48.6594067, -20.9223909 ], [ -48.659477, -20.9225087 ], [ -48.6595615, -20.9226571 ], [ -48.6595939, -20.922717 ], [ -48.6596611, -20.9228539 ], [ -48.6597067, -20.9229538 ], [ -48.6597221, -20.9229931 ], [ -48.6597389, -20.9230408 ], [ -48.6597773, -20.9231614 ], [ -48.6598021, -20.9232512 ], [ -48.6598157, -20.9233091 ], [ -48.6598319, -20.923402 ], [ -48.6598394, -20.9235342 ], [ -48.6598449, -20.9236851 ], [ -48.659845, -20.9237211 ], [ -48.659843, -20.9237658 ], [ -48.6598355, -20.9238357 ], [ -48.6598296, -20.9238697 ], [ -48.6598167, -20.9239282 ], [ -48.6597951, -20.9240014 ], [ -48.6597496, -20.9241378 ], [ -48.6597411, -20.9241708 ], [ -48.659735, -20.9242048 ], [ -48.6597279, -20.924293 ], [ -48.6597265, -20.9243471 ], [ -48.6597287, -20.9243913 ], [ -48.6597312, -20.9244173 ], [ -48.6597348, -20.924434 ], [ -48.6597489, -20.9244647 ], [ -48.6597769, -20.9245082 ], [ -48.6598154, -20.9245476 ], [ -48.6598906, -20.9246152 ], [ -48.6599534, -20.9246685 ], [ -48.6599821, -20.9246905 ], [ -48.6600045, -20.924705 ], [ -48.6600517, -20.924729 ], [ -48.6602757, -20.924811 ], [ -48.6604134, -20.92487 ], [ -48.6605013, -20.924911 ], [ -48.6605715, -20.9249481 ], [ -48.6606401, -20.9249886 ], [ -48.6606773, -20.9250131 ], [ -48.6607496, -20.9250667 ], [ -48.6607829, -20.9250985 ], [ -48.6608445, -20.9251655 ], [ -48.6609104, -20.9252489 ], [ -48.6609107, -20.9252493 ], [ -48.6609878, -20.9253564 ], [ -48.6610122, -20.9253925 ], [ -48.6610482, -20.9254516 ], [ -48.6610807, -20.9255119 ], [ -48.6611585, -20.9256731 ], [ -48.6611827, -20.9257275 ], [ -48.6612419, -20.9258685 ], [ -48.6612832, -20.9259889 ], [ -48.6613156, -20.9261127 ], [ -48.6613383, -20.9262129 ], [ -48.6613643, -20.9263391 ], [ -48.6613975, -20.9265351 ], [ -48.6614035, -20.9266053 ], [ -48.6614069, -20.9267939 ], [ -48.6614065, -20.9268846 ], [ -48.6614039, -20.926938 ] ] ] } },
{ "type": "Feature", "properties": { "comp_m": 1.83 }, "geometry": { "type": "MultiLineString", "coordinates": [ [ [ -48.6613613, -20.9269233 ], [ -48.661364, -20.9269239 ], [ -48.6613639, -20.9269235 ], [ -48.6613658, -20.9269267 ] ], [ [ -48.6613808, -20.9269382 ], [ -48.6613868, -20.9269416 ], [ -48.6613887, -20.9269443 ] ] ] } },
{ "type": "Feature", "properties": { "comp_m": 658.85 }, "geometry": { "type": "MultiLineString", "coordinates": [ [ [ -48.658956, -20.9219026 ], [ -48.6589576, -20.9219049 ], [ -48.6589644, -20.9219111 ], [ -48.659111, -20.9220349 ], [ -48.6591442, -20.9220672 ], [ -48.6591626, -20.9220873 ], [ -48.6592197, -20.9221561 ], [ -48.659284, -20.9222403 ], [ -48.6593361, -20.9223109 ], [ -48.6593898, -20.92239 ], [ -48.6594565, -20.9225003 ], [ -48.6595497, -20.9226638 ], [ -48.6595817, -20.922724 ], [ -48.6596385, -20.9228379 ], [ -48.6596908, -20.9229536 ], [ -48.6597065, -20.9229928 ], [ -48.6597622, -20.9231612 ], [ -48.6597827, -20.9232347 ], [ -48.6598012, -20.9233089 ], [ -48.6598177, -20.9234018 ], [ -48.6598241, -20.9234806 ], [ -48.6598258, -20.92357 ], [ -48.6598304, -20.9236855 ], [ -48.6598303, -20.9237216 ], [ -48.6598224, -20.9238187 ], [ -48.6598155, -20.9238615 ], [ -48.6598012, -20.9239287 ], [ -48.65978, -20.9240022 ], [ -48.6597345, -20.9241388 ], [ -48.6597277, -20.9241634 ], [ -48.6597212, -20.9241972 ], [ -48.6597132, -20.9242943 ], [ -48.6597114, -20.9243483 ], [ -48.6597129, -20.9243838 ], [ -48.6597185, -20.9244268 ], [ -48.6597231, -20.9244431 ], [ -48.6597339, -20.9244661 ], [ -48.6597672, -20.9245167 ], [ -48.6597788, -20.9245304 ], [ -48.6598047, -20.9245563 ], [ -48.6599293, -20.9246656 ], [ -48.6599719, -20.9246997 ], [ -48.6600016, -20.9247194 ], [ -48.6600573, -20.9247463 ], [ -48.6601742, -20.9247875 ], [ -48.6602819, -20.9248279 ], [ -48.6604596, -20.9249061 ], [ -48.6605306, -20.9249416 ], [ -48.6605847, -20.9249719 ], [ -48.6606527, -20.9250141 ], [ -48.660697, -20.9250444 ], [ -48.6607475, -20.9250825 ], [ -48.6607926, -20.925128 ], [ -48.6608461, -20.9251891 ], [ -48.66091, -20.9252734 ], [ -48.6609102, -20.9252738 ], [ -48.6609672, -20.925352 ], [ -48.6610016, -20.9254025 ], [ -48.661033, -20.9254541 ], [ -48.6610657, -20.9255142 ], [ -48.6611399, -20.9256674 ], [ -48.6611678, -20.9257293 ], [ -48.661233, -20.9258858 ], [ -48.6612634, -20.9259739 ], [ -48.6613007, -20.9261138 ], [ -48.6613302, -20.9262384 ], [ -48.6613486, -20.926331 ], [ -48.6613791, -20.9265095 ], [ -48.6613859, -20.9265703 ], [ -48.6613885, -20.9266236 ], [ -48.6613929, -20.9268118 ], [ -48.661391, -20.9269201 ] ] ] } },
{ "type": "Feature", "properties": { "comp_m": 121.65 }, "geometry": { "type": "MultiLineString", "coordinates": [ [ [ -48.6606926, -20.9247038 ], [ -48.660725, -20.9247184 ], [ -48.6607943, -20.9247596 ], [ -48.6608321, -20.9247837 ], [ -48.6608764, -20.9248152 ], [ -48.6609267, -20.9248548 ], [ -48.6609759, -20.9248969 ], [ -48.661016, -20.9249355 ], [ -48.661053, -20.9249761 ], [ -48.6611033, -20.9250392 ], [ -48.6612361, -20.9252168 ], [ -48.6612559, -20.9252457 ], [ -48.6612871, -20.9252977 ], [ -48.6613159, -20.9253505 ], [ -48.6613911, -20.9254951 ], [ -48.6614106, -20.9255424 ] ] ] } },
{ "type": "Feature", "properties": { "comp_m": 656.78 }, "geometry": { "type": "MultiLineString", "coordinates": [ [ [ -48.658948, -20.9219152 ], [ -48.6590954, -20.9220407 ], [ -48.6591225, -20.9220661 ], [ -48.65916, -20.9221061 ], [ -48.6592003, -20.922154 ], [ -48.6592644, -20.922238 ], [ -48.6593467, -20.9223512 ], [ -48.6593801, -20.9224017 ], [ -48.6594555, -20.9225265 ], [ -48.6595353, -20.9226676 ], [ -48.659621, -20.9228335 ], [ -48.6596633, -20.9229257 ], [ -48.6596857, -20.9229803 ], [ -48.6597227, -20.9230834 ], [ -48.6597482, -20.9231638 ], [ -48.6597713, -20.9232451 ], [ -48.6597855, -20.9233028 ], [ -48.6598049, -20.9234125 ], [ -48.6598093, -20.9234648 ], [ -48.6598111, -20.9235091 ], [ -48.6598126, -20.9236165 ], [ -48.6598157, -20.9236873 ], [ -48.6598151, -20.9237235 ], [ -48.6598129, -20.9237681 ], [ -48.6598088, -20.923812 ], [ -48.6598004, -20.9238632 ], [ -48.6597915, -20.9239051 ], [ -48.6597741, -20.9239709 ], [ -48.6597211, -20.9241315 ], [ -48.6597127, -20.9241645 ], [ -48.6597052, -20.924207 ], [ -48.6596962, -20.924349 ], [ -48.6596972, -20.9243846 ], [ -48.6597001, -20.9244105 ], [ -48.6597037, -20.9244272 ], [ -48.6597086, -20.9244433 ], [ -48.6597219, -20.9244743 ], [ -48.6597352, -20.9244963 ], [ -48.6597561, -20.9245245 ], [ -48.6598004, -20.924571 ], [ -48.6599173, -20.9246745 ], [ -48.6599527, -20.9247028 ], [ -48.6599896, -20.924728 ], [ -48.6600445, -20.9247562 ], [ -48.6601779, -20.9248033 ], [ -48.6602768, -20.9248411 ], [ -48.6604704, -20.9249259 ], [ -48.6605176, -20.9249497 ], [ -48.6606175, -20.9250064 ], [ -48.660699, -20.9250613 ], [ -48.6607418, -20.9250946 ], [ -48.6608041, -20.925161 ], [ -48.6608704, -20.9252442 ], [ -48.6609688, -20.9253784 ], [ -48.6610062, -20.9254364 ], [ -48.6610516, -20.9255184 ], [ -48.6611323, -20.9256861 ], [ -48.6611532, -20.9257323 ], [ -48.6612057, -20.9258566 ], [ -48.6612273, -20.9259115 ], [ -48.6612459, -20.9259676 ], [ -48.6612822, -20.9260979 ], [ -48.6613143, -20.9262299 ], [ -48.661337, -20.9263473 ], [ -48.6613637, -20.9265082 ], [ -48.661371, -20.9265775 ], [ -48.6613758, -20.9266746 ], [ -48.6613779, -20.9268088 ], [ -48.6613759, -20.9268982 ], [ -48.6613784, -20.9269153 ] ] ] } },
{ "type": "Feature", "properties": { "comp_m": 109.95 }, "geometry": { "type": "MultiLineString", "coordinates": [ [ [ -48.6607408, -20.924714 ], [ -48.660765, -20.9247252 ], [ -48.6607881, -20.9247386 ], [ -48.6608412, -20.9247718 ], [ -48.6608779, -20.924798 ], [ -48.660999, -20.9248956 ], [ -48.6610189, -20.9249148 ], [ -48.6610494, -20.9249489 ], [ -48.6611213, -20.9250399 ], [ -48.6612478, -20.92521 ], [ -48.6612777, -20.9252532 ], [ -48.6613, -20.9252902 ], [ -48.6613448, -20.9253731 ], [ -48.661383, -20.9254494 ], [ -48.6613913, -20.9254735 ] ] ] } },
{ "type": "Feature", "properties": { "comp_m": 656.28 }, "geometry": { "type": "MultiLineString", "coordinates": [ [ [ -48.6589402, -20.9219274 ], [ -48.6590399, -20.9220101 ], [ -48.6590674, -20.9220345 ], [ -48.6591146, -20.9220779 ], [ -48.6591519, -20.922118 ], [ -48.6591974, -20.9221729 ], [ -48.6592407, -20.9222286 ], [ -48.6593182, -20.9223345 ], [ -48.6593712, -20.9224137 ], [ -48.6594549, -20.9225532 ], [ -48.6594842, -20.9226052 ], [ -48.6595453, -20.9227172 ], [ -48.6596212, -20.9228687 ], [ -48.6596596, -20.9229532 ], [ -48.6596958, -20.9230476 ], [ -48.6597172, -20.9231115 ], [ -48.6597471, -20.9232082 ], [ -48.6597685, -20.9232901 ], [ -48.659777, -20.9233319 ], [ -48.6597902, -20.9234169 ], [ -48.6597969, -20.9235222 ], [ -48.6597981, -20.9236117 ], [ -48.6598015, -20.9236913 ], [ -48.659801, -20.9237274 ], [ -48.6597967, -20.9237985 ], [ -48.6597919, -20.9238329 ], [ -48.659778, -20.9239001 ], [ -48.6597585, -20.9239741 ], [ -48.6597179, -20.9240941 ], [ -48.6597033, -20.9241428 ], [ -48.6596957, -20.9241761 ], [ -48.659691, -20.9242106 ], [ -48.6596879, -20.9242457 ], [ -48.6596821, -20.9243616 ], [ -48.6596825, -20.9243883 ], [ -48.6596874, -20.9244224 ], [ -48.6596947, -20.9244467 ], [ -48.6597072, -20.924478 ], [ -48.6597156, -20.9244928 ], [ -48.6597306, -20.9245142 ], [ -48.6597651, -20.9245553 ], [ -48.6598869, -20.924667 ], [ -48.6599291, -20.9247016 ], [ -48.6599651, -20.9247285 ], [ -48.6599875, -20.9247431 ], [ -48.6600267, -20.9247632 ], [ -48.6600511, -20.9247734 ], [ -48.6601679, -20.9248142 ], [ -48.6602666, -20.9248523 ], [ -48.6604524, -20.9249327 ], [ -48.6605157, -20.9249635 ], [ -48.6606006, -20.9250107 ], [ -48.6606456, -20.9250391 ], [ -48.6607036, -20.9250815 ], [ -48.6607252, -20.9250978 ], [ -48.6607456, -20.9251167 ], [ -48.660788, -20.9251638 ], [ -48.660855, -20.9252467 ], [ -48.6609731, -20.9254093 ], [ -48.6610083, -20.9254681 ], [ -48.6610404, -20.9255281 ], [ -48.6611102, -20.9256728 ], [ -48.6611687, -20.9258037 ], [ -48.6611952, -20.9258658 ], [ -48.6612183, -20.9259291 ], [ -48.661268, -20.9260993 ], [ -48.6612926, -20.926198 ], [ -48.6613015, -20.9262396 ], [ -48.6613211, -20.9263402 ], [ -48.6613468, -20.9264924 ], [ -48.6613568, -20.9265875 ], [ -48.6613603, -20.9266491 ], [ -48.6613631, -20.9268189 ], [ -48.6613619, -20.926899 ], [ -48.6613625, -20.9269074 ], [ -48.6613652, -20.9269154 ], [ -48.6613641, -20.9269239 ] ] ] } },
{ "type": "Feature", "properties": { "comp_m": 97.44 }, "geometry": { "type": "MultiLineString", "coordinates": [ [ [ -48.660786, -20.9247219 ], [ -48.6608173, -20.9247393 ], [ -48.6608476, -20.9247588 ], [ -48.6608847, -20.9247849 ], [ -48.6609282, -20.9248184 ], [ -48.6610063, -20.9248833 ], [ -48.6610261, -20.9249025 ], [ -48.6610571, -20.9249365 ], [ -48.6611135, -20.9250067 ], [ -48.6612777, -20.9252279 ], [ -48.6613014, -20.9252647 ], [ -48.661332, -20.925317 ], [ -48.6613523, -20.925355 ], [ -48.6613707, -20.9253937 ] ] ] } },
{ "type": "Feature", "properties": { "comp_m": 649.5 }, "geometry": { "type": "MultiLineString", "coordinates": [ [ [ -48.658932, -20.9219402 ], [ -48.658963, -20.9219625 ], [ -48.6590258, -20.9220159 ], [ -48.6591002, -20.9220841 ], [ -48.6591378, -20.9221241 ], [ -48.6591788, -20.9221718 ], [ -48.6592287, -20.9222343 ], [ -48.659292, -20.9223187 ], [ -48.6593363, -20.9223833 ], [ -48.6593991, -20.9224859 ], [ -48.6594498, -20.922575 ], [ -48.6595282, -20.9227169 ], [ -48.6595742, -20.9228078 ], [ -48.6596191, -20.9228991 ], [ -48.6596433, -20.9229532 ], [ -48.6596747, -20.9230315 ], [ -48.6597106, -20.9231352 ], [ -48.65975, -20.9232736 ], [ -48.659764, -20.9233404 ], [ -48.6597719, -20.9233915 ], [ -48.659781, -20.9235052 ], [ -48.6597878, -20.9237009 ], [ -48.6597839, -20.9237813 ], [ -48.6597804, -20.9238163 ], [ -48.6597718, -20.9238676 ], [ -48.6597605, -20.9239177 ], [ -48.6597437, -20.9239747 ], [ -48.6597187, -20.9240466 ], [ -48.6596956, -20.9241193 ], [ -48.6596868, -20.9241522 ], [ -48.6596789, -20.9241945 ], [ -48.6596724, -20.924274 ], [ -48.6596676, -20.9243723 ], [ -48.6596673, -20.9244175 ], [ -48.6596739, -20.924451 ], [ -48.6596886, -20.9244816 ], [ -48.6597033, -20.9245031 ], [ -48.6597203, -20.9245238 ], [ -48.6597568, -20.9245639 ], [ -48.6598088, -20.9246153 ], [ -48.6599055, -20.9247005 ], [ -48.6599559, -20.9247386 ], [ -48.6599782, -20.9247536 ], [ -48.6600176, -20.9247735 ], [ -48.6600339, -20.9247803 ], [ -48.6601006, -20.9248039 ], [ -48.660266, -20.9248663 ], [ -48.6604278, -20.9249367 ], [ -48.6605073, -20.9249747 ], [ -48.6605694, -20.9250086 ], [ -48.6605924, -20.9250219 ], [ -48.6606444, -20.9250566 ], [ -48.660688, -20.9250885 ], [ -48.6607162, -20.9251114 ], [ -48.6607615, -20.9251569 ], [ -48.6608363, -20.9252461 ], [ -48.6609089, -20.9253451 ], [ -48.6609088, -20.9253456 ], [ -48.6609563, -20.9254094 ], [ -48.6609923, -20.9254685 ], [ -48.661025, -20.9255288 ], [ -48.6611065, -20.9256978 ], [ -48.6611619, -20.9258221 ], [ -48.6611847, -20.9258771 ], [ -48.6612038, -20.9259334 ], [ -48.6612408, -20.9260555 ], [ -48.6612605, -20.9261297 ], [ -48.6612856, -20.9262382 ], [ -48.6613105, -20.9263648 ], [ -48.661335, -20.9265188 ], [ -48.6613429, -20.9265974 ], [ -48.6613471, -20.9266775 ], [ -48.6613487, -20.9268309 ], [ -48.6613457, -20.9268756 ] ] ] } },
{ "type": "Feature", "properties": { "comp_m": 648.17 }, "geometry": { "type": "MultiLineString", "coordinates": [ [ [ -48.6589252, -20.9219509 ], [ -48.6589467, -20.9219664 ], [ -48.6590167, -20.922025 ], [ -48.6590709, -20.922075 ], [ -48.6591156, -20.9221213 ], [ -48.6591756, -20.9221888 ], [ -48.6592249, -20.9222513 ], [ -48.6592773, -20.9223217 ], [ -48.6593218, -20.922386 ], [ -48.659389, -20.9224958 ], [ -48.6594255, -20.9225631 ], [ -48.6594929, -20.9226818 ], [ -48.6595172, -20.9227267 ], [ -48.659597, -20.9228858 ], [ -48.6596285, -20.9229549 ], [ -48.6596402, -20.9229865 ], [ -48.6596631, -20.9230409 ], [ -48.6596943, -20.9231282 ], [ -48.6597044, -20.9231604 ], [ -48.6597355, -20.9232747 ], [ -48.6597497, -20.9233413 ], [ -48.659756, -20.9233839 ], [ -48.6597676, -20.9235234 ], [ -48.6597729, -20.9237102 ], [ -48.6597674, -20.9238081 ], [ -48.6597569, -20.9238766 ], [ -48.6597466, -20.923918 ], [ -48.6597368, -20.9239504 ], [ -48.6597039, -20.9240463 ], [ -48.6596816, -20.9241191 ], [ -48.6596727, -20.9241519 ], [ -48.6596641, -20.924194 ], [ -48.6596585, -20.9242554 ], [ -48.6596571, -20.9243095 ], [ -48.6596514, -20.9244072 ], [ -48.6596522, -20.9244249 ], [ -48.6596554, -20.9244417 ], [ -48.6596666, -20.9244735 ], [ -48.6596751, -20.9244883 ], [ -48.6596961, -20.9245164 ], [ -48.6597446, -20.9245703 ], [ -48.6597966, -20.9246225 ], [ -48.659858, -20.9246786 ], [ -48.6598998, -20.9247141 ], [ -48.6599504, -20.9247516 ], [ -48.6599654, -20.9247611 ], [ -48.6599807, -20.9247699 ], [ -48.6600205, -20.9247888 ], [ -48.6601202, -20.9248248 ], [ -48.66026, -20.924879 ], [ -48.6604296, -20.9249527 ], [ -48.6605008, -20.9249874 ], [ -48.6605629, -20.925021 ], [ -48.6606008, -20.9250439 ], [ -48.660645, -20.9250742 ], [ -48.6606953, -20.9251125 ], [ -48.6607425, -20.9251566 ], [ -48.6607611, -20.9251766 ], [ -48.6608072, -20.9252313 ], [ -48.6609283, -20.9253929 ], [ -48.6609574, -20.9254361 ], [ -48.6610075, -20.9255252 ], [ -48.6610894, -20.9256925 ], [ -48.661144, -20.925816 ], [ -48.6611667, -20.9258705 ], [ -48.6611861, -20.9259262 ], [ -48.6611978, -20.9259668 ], [ -48.6612063, -20.9259905 ], [ -48.6612412, -20.9261124 ], [ -48.6612593, -20.9261866 ], [ -48.6612919, -20.9263452 ], [ -48.6613085, -20.926438 ], [ -48.6613203, -20.9265145 ], [ -48.6613262, -20.9265662 ], [ -48.6613317, -20.9266541 ], [ -48.6613351, -20.9268417 ], [ -48.6613334, -20.9268681 ], [ -48.6613351, -20.9268764 ] ] ] } },
{ "type": "Feature", "properties": { "comp_m": 649.26 }, "geometry": { "type": "MultiLineString", "coordinates": [ [ [ -48.6589188, -20.921961 ], [ -48.6589949, -20.9220229 ], [ -48.659056, -20.9220795 ], [ -48.6591436, -20.9221728 ], [ -48.6591773, -20.9222141 ], [ -48.6592566, -20.9223194 ], [ -48.6593166, -20.9224049 ], [ -48.6593494, -20.9224556 ], [ -48.6593668, -20.9224851 ], [ -48.6594229, -20.92259 ], [ -48.6594909, -20.9227085 ], [ -48.6595579, -20.9228363 ], [ -48.659591, -20.9229049 ], [ -48.6596186, -20.9229665 ], [ -48.6596263, -20.9229906 ], [ -48.6596531, -20.9230526 ], [ -48.6596831, -20.9231403 ], [ -48.6597022, -20.9232051 ], [ -48.6597255, -20.9232953 ], [ -48.6597402, -20.9233707 ], [ -48.6597527, -20.9235099 ], [ -48.6597586, -20.9236965 ], [ -48.6597582, -20.9237237 ], [ -48.6597538, -20.9237947 ], [ -48.6597501, -20.9238296 ], [ -48.6597333, -20.9239138 ], [ -48.6597012, -20.92401 ], [ -48.6596686, -20.9241151 ], [ -48.6596538, -20.9241728 ], [ -48.6596465, -20.9242153 ], [ -48.6596435, -20.9242596 ], [ -48.6596424, -20.9243134 ], [ -48.659635, -20.9244196 ], [ -48.6596366, -20.924437 ], [ -48.6596429, -20.9244616 ], [ -48.659652, -20.9244852 ], [ -48.6596607, -20.9244999 ], [ -48.6596773, -20.9245207 ], [ -48.6597206, -20.9245675 ], [ -48.6597926, -20.9246387 ], [ -48.659854, -20.9246941 ], [ -48.659896, -20.9247293 ], [ -48.6599177, -20.9247453 ], [ -48.6599698, -20.9247795 ], [ -48.6600091, -20.9247993 ], [ -48.6601093, -20.9248344 ], [ -48.6601753, -20.9248593 ], [ -48.660249, -20.9248887 ], [ -48.6603785, -20.924944 ], [ -48.6604505, -20.9249772 ], [ -48.6604978, -20.9250008 ], [ -48.6605751, -20.9250434 ], [ -48.6606342, -20.9250833 ], [ -48.6606701, -20.9251107 ], [ -48.6607048, -20.9251405 ], [ -48.6607564, -20.9251926 ], [ -48.6607858, -20.9252266 ], [ -48.6608463, -20.925303 ], [ -48.6609172, -20.9254024 ], [ -48.6609499, -20.9254531 ], [ -48.6609759, -20.9254974 ], [ -48.6609957, -20.9255349 ], [ -48.6610775, -20.9257022 ], [ -48.6611106, -20.9257798 ], [ -48.6611326, -20.9258255 ], [ -48.6611515, -20.9258724 ], [ -48.661171, -20.9259281 ], [ -48.6611919, -20.9259922 ], [ -48.6612146, -20.9260736 ], [ -48.6612275, -20.9261138 ], [ -48.6612453, -20.9261881 ], [ -48.6612808, -20.9263636 ], [ -48.6612972, -20.9264564 ], [ -48.6613092, -20.9265418 ], [ -48.6613179, -20.9266375 ], [ -48.6613202, -20.9268255 ], [ -48.6613221, -20.9268697 ], [ -48.6613246, -20.9268778 ], [ -48.6613253, -20.9268873 ], [ -48.6613271, -20.9268969 ] ] ] } },
{ "type": "Feature", "properties": { "comp_m": 83.88 }, "geometry": { "type": "MultiLineString", "coordinates": [ [ [ -48.6608457, -20.9247411 ], [ -48.6609197, -20.9247942 ], [ -48.6609776, -20.9248408 ], [ -48.6610324, -20.9248917 ], [ -48.6610767, -20.9249391 ], [ -48.6611388, -20.9250168 ], [ -48.6612826, -20.9252107 ], [ -48.6613218, -20.9252695 ], [ -48.6613507, -20.9253228 ] ] ] } },
{ "type": "Feature", "properties": { "comp_m": 641.35 }, "geometry": { "type": "MultiLineString", "coordinates": [ [ [ -48.6589034, -20.9219852 ], [ -48.6589486, -20.9220219 ], [ -48.6589969, -20.922064 ], [ -48.6590442, -20.9221079 ], [ -48.6590959, -20.9221603 ], [ -48.6591298, -20.9222017 ], [ -48.6592313, -20.9223347 ], [ -48.6592668, -20.9223845 ], [ -48.6593248, -20.9224708 ], [ -48.6593727, -20.9225609 ], [ -48.6594293, -20.9226567 ], [ -48.6594662, -20.922724 ], [ -48.6595211, -20.9228295 ], [ -48.6595815, -20.9229509 ], [ -48.659615, -20.9230284 ], [ -48.6596373, -20.923092 ], [ -48.6596707, -20.9231966 ], [ -48.659701, -20.9233112 ], [ -48.6597093, -20.9233531 ], [ -48.6597142, -20.9233873 ], [ -48.6597193, -20.9234394 ], [ -48.6597257, -20.923536 ], [ -48.6597299, -20.9236964 ], [ -48.6597284, -20.9237413 ], [ -48.6597259, -20.9237858 ], [ -48.659722, -20.9238207 ], [ -48.6597099, -20.9238886 ], [ -48.6596984, -20.9239295 ], [ -48.6596471, -20.9240818 ], [ -48.6596314, -20.9241392 ], [ -48.6596199, -20.9241983 ], [ -48.6596149, -20.9242782 ], [ -48.6596142, -20.9243144 ], [ -48.6596037, -20.9244194 ], [ -48.6596045, -20.9244371 ], [ -48.6596094, -20.9244623 ], [ -48.6596183, -20.9244859 ], [ -48.6596272, -20.9245006 ], [ -48.6596479, -20.9245289 ], [ -48.6596834, -20.9245696 ], [ -48.659767, -20.9246541 ], [ -48.6598215, -20.9247045 ], [ -48.6598703, -20.924746 ], [ -48.6598993, -20.9247673 ], [ -48.6599591, -20.9248059 ], [ -48.6600154, -20.9248312 ], [ -48.6600656, -20.9248483 ], [ -48.6602228, -20.9249072 ], [ -48.6604169, -20.9249911 ], [ -48.6604566, -20.9250102 ], [ -48.6605344, -20.9250519 ], [ -48.6605799, -20.9250795 ], [ -48.6606095, -20.9250995 ], [ -48.66066, -20.9251372 ], [ -48.6606876, -20.9251617 ], [ -48.6607076, -20.9251812 ], [ -48.6607617, -20.9252417 ], [ -48.660795, -20.9252833 ], [ -48.6608587, -20.9253675 ], [ -48.6609074, -20.9254393 ], [ -48.6609076, -20.9254397 ], [ -48.6609392, -20.9254915 ], [ -48.6609761, -20.9255595 ], [ -48.6610574, -20.925729 ], [ -48.6610919, -20.9257979 ], [ -48.6611019, -20.9258214 ], [ -48.6611429, -20.9259333 ], [ -48.6611796, -20.9260468 ], [ -48.6612139, -20.9261703 ], [ -48.6612526, -20.9263648 ], [ -48.6612718, -20.9264758 ], [ -48.6612763, -20.926492 ], [ -48.6612805, -20.926499 ], [ -48.6612839, -20.9265038 ], [ -48.6612878, -20.9265113 ], [ -48.6612925, -20.926528 ], [ -48.661302, -20.9266088 ], [ -48.6613061, -20.9268125 ], [ -48.6613054, -20.9268482 ] ] ] } },
{ "type": "Feature", "properties": { "comp_m": 57.45 }, "geometry": { "type": "MultiLineString", "coordinates": [ [ [ -48.6609795, -20.9248032 ], [ -48.6610682, -20.9248882 ], [ -48.6611239, -20.9249505 ], [ -48.6611633, -20.9250006 ], [ -48.6612823, -20.9251599 ], [ -48.6613179, -20.9252114 ] ] ] } },
{ "type": "Feature", "properties": { "comp_m": 640.14 }, "geometry": { "type": "MultiLineString", "coordinates": [ [ [ -48.6589114, -20.9219727 ], [ -48.6589621, -20.9220136 ], [ -48.6590106, -20.9220553 ], [ -48.6590573, -20.9220997 ], [ -48.6591132, -20.9221598 ], [ -48.6591641, -20.9222217 ], [ -48.659228, -20.9223058 ], [ -48.6592842, -20.9223838 ], [ -48.6593375, -20.9224628 ], [ -48.6593547, -20.9224924 ], [ -48.6593848, -20.9225531 ], [ -48.6594408, -20.9226491 ], [ -48.6594948, -20.9227459 ], [ -48.6595365, -20.9228293 ], [ -48.6595494, -20.9228514 ], [ -48.6595787, -20.9229124 ], [ -48.659603, -20.9229664 ], [ -48.6596438, -20.9230681 ], [ -48.6596829, -20.9231884 ], [ -48.6597108, -20.9232949 ], [ -48.6597246, -20.9233617 ], [ -48.659729, -20.923396 ], [ -48.6597376, -20.9235008 ], [ -48.65974, -20.9235539 ], [ -48.6597409, -20.9236255 ], [ -48.6597441, -20.9236872 ], [ -48.659742, -20.9237592 ], [ -48.6597396, -20.9237947 ], [ -48.6597327, -20.9238465 ], [ -48.6597165, -20.9239218 ], [ -48.6596704, -20.9240579 ], [ -48.6596451, -20.9241478 ], [ -48.6596343, -20.9241981 ], [ -48.6596293, -20.9242506 ], [ -48.659627, -20.9243134 ], [ -48.6596197, -20.9244015 ], [ -48.6596193, -20.9244286 ], [ -48.6596257, -20.9244622 ], [ -48.6596349, -20.9244857 ], [ -48.6596477, -20.924508 ], [ -48.6597197, -20.9245891 ], [ -48.6597793, -20.9246466 ], [ -48.6598475, -20.9247077 ], [ -48.6598896, -20.9247425 ], [ -48.6599333, -20.9247739 ], [ -48.6599712, -20.9247969 ], [ -48.6599952, -20.9248081 ], [ -48.6600196, -20.9248183 ], [ -48.6601281, -20.9248561 ], [ -48.6602514, -20.9249042 ], [ -48.660405, -20.9249708 ], [ -48.6604608, -20.9249968 ], [ -48.6605078, -20.9250212 ], [ -48.660577, -20.9250604 ], [ -48.660614, -20.9250854 ], [ -48.6606643, -20.9251234 ], [ -48.6606986, -20.9251535 ], [ -48.6607428, -20.9251997 ], [ -48.6607786, -20.9252403 ], [ -48.6608393, -20.9253166 ], [ -48.6609096, -20.9254163 ], [ -48.6609503, -20.925482 ], [ -48.6609751, -20.9255267 ], [ -48.6610171, -20.92561 ], [ -48.6611169, -20.9258246 ], [ -48.6611295, -20.9258559 ], [ -48.6611445, -20.9258952 ], [ -48.6611766, -20.9259912 ], [ -48.6612079, -20.9260964 ], [ -48.6612255, -20.9261619 ], [ -48.6612499, -20.9262786 ], [ -48.6612784, -20.9264299 ], [ -48.6612826, -20.9264553 ], [ -48.6612857, -20.9264902 ], [ -48.6612819, -20.9264978 ], [ -48.6612785, -20.9265046 ], [ -48.661288, -20.9266128 ], [ -48.6612915, -20.9268267 ] ] ] } },
{ "type": "Feature", "properties": { "comp_m": 635.96 }, "geometry": { "type": "MultiLineString", "coordinates": [ [ [ -48.658896, -20.9219968 ], [ -48.6589058, -20.9220063 ], [ -48.6589342, -20.9220291 ], [ -48.6590036, -20.9220892 ], [ -48.6590375, -20.9221209 ], [ -48.659088, -20.9221739 ], [ -48.6591167, -20.9222082 ], [ -48.6591925, -20.922306 ], [ -48.6592444, -20.9223764 ], [ -48.6593115, -20.9224775 ], [ -48.6593563, -20.9225598 ], [ -48.6593873, -20.9226113 ], [ -48.6594497, -20.9227231 ], [ -48.6595086, -20.9228363 ], [ -48.6595373, -20.9228976 ], [ -48.6595718, -20.9229658 ], [ -48.659599, -20.9230277 ], [ -48.6596218, -20.9230912 ], [ -48.6596383, -20.9231391 ], [ -48.6596644, -20.9232285 ], [ -48.6596841, -20.9233022 ], [ -48.6596936, -20.9233437 ], [ -48.6596998, -20.9233864 ], [ -48.659705, -20.9234385 ], [ -48.6597142, -20.9235972 ], [ -48.659716, -20.9237132 ], [ -48.659715, -20.9237493 ], [ -48.6597083, -20.9238195 ], [ -48.6596949, -20.923887 ], [ -48.6596758, -20.9239522 ], [ -48.6596343, -20.9240721 ], [ -48.6596167, -20.9241379 ], [ -48.6596092, -20.9241805 ], [ -48.6596066, -20.9241977 ], [ -48.659602, -20.9242596 ], [ -48.6596014, -20.9242958 ], [ -48.6595978, -20.9243399 ], [ -48.6595891, -20.9244184 ], [ -48.6595893, -20.9244364 ], [ -48.6595926, -20.9244622 ], [ -48.6595948, -20.9244704 ], [ -48.6596018, -20.9244858 ], [ -48.6596157, -20.9245076 ], [ -48.6596438, -20.9245421 ], [ -48.6596797, -20.9245828 ], [ -48.6597369, -20.9246422 ], [ -48.6598588, -20.9247546 ], [ -48.6598878, -20.9247762 ], [ -48.6599175, -20.924796 ], [ -48.659955, -20.9248193 ], [ -48.6599952, -20.9248373 ], [ -48.660219, -20.9249206 ], [ -48.6603326, -20.9249691 ], [ -48.6604292, -20.9250123 ], [ -48.6605383, -20.9250706 ], [ -48.6605983, -20.9251088 ], [ -48.6606274, -20.92513 ], [ -48.6606561, -20.9251521 ], [ -48.6606905, -20.9251829 ], [ -48.6607219, -20.9252162 ], [ -48.660751, -20.9252504 ], [ -48.6608582, -20.9253905 ], [ -48.6609072, -20.9254623 ], [ -48.660907, -20.9254629 ], [ -48.6609246, -20.9254925 ], [ -48.6609878, -20.9256136 ], [ -48.6610862, -20.9258211 ], [ -48.6611219, -20.9259163 ], [ -48.6611411, -20.9259724 ], [ -48.6611665, -20.9260534 ], [ -48.6611945, -20.9261515 ], [ -48.6612047, -20.9261929 ], [ -48.6612359, -20.9263531 ], [ -48.6612647, -20.9265142 ], [ -48.6612739, -20.9266193 ], [ -48.661278, -20.9268168 ] ] ] } },
{ "type": "Feature", "properties": { "comp_m": 636.62 }, "geometry": { "type": "MultiLineString", "coordinates": [ [ [ -48.6588871, -20.9220107 ], [ -48.6588907, -20.9220146 ], [ -48.6589126, -20.9220302 ], [ -48.6589686, -20.9220773 ], [ -48.6590371, -20.9221394 ], [ -48.6590685, -20.9221728 ], [ -48.6591029, -20.922214 ], [ -48.6592161, -20.9223608 ], [ -48.6592314, -20.9223821 ], [ -48.6593025, -20.9224907 ], [ -48.6593439, -20.9225653 ], [ -48.6593753, -20.9226166 ], [ -48.6594452, -20.9227436 ], [ -48.6595103, -20.9228725 ], [ -48.6595653, -20.922987 ], [ -48.6595851, -20.9230337 ], [ -48.6596061, -20.9230889 ], [ -48.6596199, -20.9231288 ], [ -48.6596484, -20.9232262 ], [ -48.6596783, -20.9233411 ], [ -48.659685, -20.9233836 ], [ -48.6596898, -20.9234269 ], [ -48.6596967, -20.9235504 ], [ -48.6597005, -20.923657 ], [ -48.6597005, -20.9237381 ], [ -48.6596945, -20.9238177 ], [ -48.65968, -20.9238847 ], [ -48.6596637, -20.9239419 ], [ -48.6596128, -20.9240945 ], [ -48.6595986, -20.9241526 ], [ -48.6595902, -20.924213 ], [ -48.6595837, -20.9243288 ], [ -48.6595745, -20.9244162 ], [ -48.659575, -20.9244431 ], [ -48.6595774, -20.9244602 ], [ -48.6595822, -20.9244764 ], [ -48.6595894, -20.9244918 ], [ -48.659603, -20.9245137 ], [ -48.6596304, -20.9245485 ], [ -48.6597157, -20.9246425 ], [ -48.6598517, -20.9247668 ], [ -48.659917, -20.9248148 ], [ -48.6599398, -20.9248286 ], [ -48.6599965, -20.924853 ], [ -48.6601874, -20.9249232 ], [ -48.6602529, -20.9249496 ], [ -48.6603984, -20.925013 ], [ -48.6605238, -20.925078 ], [ -48.6605765, -20.9251111 ], [ -48.6606203, -20.9251424 ], [ -48.660656, -20.9251704 ], [ -48.6606766, -20.9251889 ], [ -48.6607089, -20.9252219 ], [ -48.6607375, -20.9252562 ], [ -48.6608336, -20.9253825 ], [ -48.6608844, -20.9254536 ], [ -48.6609067, -20.9254903 ], [ -48.6609067, -20.9254908 ], [ -48.6609898, -20.9256494 ], [ -48.6610681, -20.9258189 ], [ -48.6610827, -20.9258586 ], [ -48.6611026, -20.9259054 ], [ -48.6611255, -20.925969 ], [ -48.6611814, -20.9261559 ], [ -48.6611928, -20.9262058 ], [ -48.6612349, -20.9264249 ], [ -48.6612505, -20.9265185 ], [ -48.6612592, -20.9266236 ], [ -48.6612634, -20.9268026 ], [ -48.6612651, -20.9268201 ], [ -48.6612687, -20.9268368 ] ] ] } },
{ "type": "Feature", "properties": { "comp_m": 44.41 }, "geometry": { "type": "MultiLineString", "coordinates": [ [ [ -48.6610146, -20.9248208 ], [ -48.6610444, -20.9248456 ], [ -48.6610721, -20.9248715 ], [ -48.6610981, -20.9248983 ], [ -48.6611285, -20.9249327 ], [ -48.6611734, -20.9249896 ], [ -48.6612792, -20.9251337 ] ] ] } },
{ "type": "Feature", "properties": { "comp_m": 635.24 }, "geometry": { "type": "MultiLineString", "coordinates": [ [ [ -48.6588793, -20.9220231 ], [ -48.658917, -20.922052 ], [ -48.6589935, -20.9221173 ], [ -48.6590269, -20.9221496 ], [ -48.6590521, -20.9221762 ], [ -48.659093, -20.9222239 ], [ -48.6591691, -20.9223214 ], [ -48.6592062, -20.9223706 ], [ -48.6592645, -20.9224568 ], [ -48.6593905, -20.9226707 ], [ -48.659439, -20.9227605 ], [ -48.6595217, -20.9229276 ], [ -48.6595604, -20.9230121 ], [ -48.6595853, -20.9230748 ], [ -48.6596071, -20.9231386 ], [ -48.6596245, -20.9231951 ], [ -48.6596555, -20.9233095 ], [ -48.6596664, -20.9233594 ], [ -48.6596725, -20.9234021 ], [ -48.6596762, -20.9234457 ], [ -48.6596818, -20.9235606 ], [ -48.6596862, -20.9236849 ], [ -48.659686, -20.92373 ], [ -48.6596802, -20.9238096 ], [ -48.6596688, -20.9238687 ], [ -48.6596515, -20.9239345 ], [ -48.6596001, -20.9240868 ], [ -48.659585, -20.9241444 ], [ -48.659577, -20.9241958 ], [ -48.6595737, -20.9242308 ], [ -48.6595686, -20.9243289 ], [ -48.6595606, -20.9244077 ], [ -48.6595599, -20.9244434 ], [ -48.659564, -20.9244689 ], [ -48.6595739, -20.9244922 ], [ -48.6595822, -20.9245071 ], [ -48.6595973, -20.9245285 ], [ -48.6596144, -20.9245491 ], [ -48.6596977, -20.9246439 ], [ -48.6598057, -20.9247439 ], [ -48.6598684, -20.9247972 ], [ -48.6599042, -20.9248248 ], [ -48.6599431, -20.9248456 ], [ -48.6599836, -20.9248629 ], [ -48.6600163, -20.9248761 ], [ -48.660191, -20.924939 ], [ -48.6602968, -20.924983 ], [ -48.6603854, -20.9250222 ], [ -48.6605264, -20.925095 ], [ -48.6605861, -20.925134 ], [ -48.6606078, -20.92515 ], [ -48.6606363, -20.9251724 ], [ -48.6606774, -20.9252093 ], [ -48.6607018, -20.9252362 ], [ -48.6607414, -20.9252844 ], [ -48.6608211, -20.9253896 ], [ -48.6608667, -20.9254535 ], [ -48.6608899, -20.9254899 ], [ -48.6609062, -20.9255198 ], [ -48.6609061, -20.9255203 ], [ -48.660931, -20.9255655 ], [ -48.6609962, -20.9256955 ], [ -48.6610415, -20.9257967 ], [ -48.6610669, -20.9258598 ], [ -48.6610875, -20.9259066 ], [ -48.6611221, -20.9260026 ], [ -48.6611371, -20.9260606 ], [ -48.6611668, -20.9261585 ], [ -48.6611837, -20.9262339 ], [ -48.6612213, -20.9264287 ], [ -48.6612343, -20.9265146 ], [ -48.6612448, -20.9266288 ], [ -48.661248, -20.9267988 ], [ -48.6612495, -20.9268072 ], [ -48.661253, -20.9268278 ], [ -48.6612512, -20.9268385 ] ] ] } },
{ "type": "Feature", "properties": { "comp_m": 1.42 }, "geometry": { "type": "MultiLineString", "coordinates": [ [ [ -48.661223, -20.9268168 ], [ -48.6612266, -20.9268161 ], [ -48.6612321, -20.9268239 ] ] ] } },
{ "type": "Feature", "properties": { "comp_m": 628.3 }, "geometry": { "type": "MultiLineString", "coordinates": [ [ [ -48.6588633, -20.9220481 ], [ -48.6588921, -20.9220675 ], [ -48.6589348, -20.9221015 ], [ -48.6589622, -20.9221256 ], [ -48.6590087, -20.92217 ], [ -48.6590335, -20.9221968 ], [ -48.6590687, -20.9222378 ], [ -48.6591175, -20.9223007 ], [ -48.6592169, -20.9224349 ], [ -48.6592846, -20.9225449 ], [ -48.6593695, -20.9226935 ], [ -48.6594137, -20.9227762 ], [ -48.6595048, -20.9229585 ], [ -48.6595329, -20.9230202 ], [ -48.6595635, -20.9230989 ], [ -48.6596039, -20.9232281 ], [ -48.6596254, -20.9233102 ], [ -48.6596393, -20.9233772 ], [ -48.6596441, -20.9234114 ], [ -48.6596485, -20.9234639 ], [ -48.6596576, -20.9237129 ], [ -48.6596558, -20.9237578 ], [ -48.6596526, -20.9237931 ], [ -48.659639, -20.9238697 ], [ -48.6596211, -20.9239354 ], [ -48.6595673, -20.9240961 ], [ -48.6595558, -20.9241462 ], [ -48.6595476, -20.9241976 ], [ -48.6595326, -20.9244197 ], [ -48.6595334, -20.9244465 ], [ -48.659537, -20.9244721 ], [ -48.6595476, -20.9245042 ], [ -48.6595657, -20.9245336 ], [ -48.6596164, -20.9245958 ], [ -48.659665, -20.9246497 ], [ -48.6597047, -20.9246883 ], [ -48.6598207, -20.9247938 ], [ -48.6598421, -20.9248108 ], [ -48.6598716, -20.9248311 ], [ -48.6598795, -20.924835 ], [ -48.6598884, -20.9248366 ], [ -48.6598962, -20.9248412 ], [ -48.6599051, -20.9248422 ], [ -48.6599134, -20.9248453 ], [ -48.6599613, -20.924868 ], [ -48.6600105, -20.924888 ], [ -48.6600943, -20.9249171 ], [ -48.6601938, -20.9249544 ], [ -48.6602997, -20.9249989 ], [ -48.6603802, -20.9250353 ], [ -48.6604357, -20.9250625 ], [ -48.6605061, -20.9250997 ], [ -48.6605516, -20.9251276 ], [ -48.6605812, -20.9251478 ], [ -48.6606244, -20.9251807 ], [ -48.6606589, -20.9252111 ], [ -48.6606781, -20.9252309 ], [ -48.6607466, -20.9253136 ], [ -48.6608607, -20.9254695 ], [ -48.6609083, -20.925551 ], [ -48.6609313, -20.9255965 ], [ -48.6609729, -20.9256803 ], [ -48.6610253, -20.925796 ], [ -48.6610768, -20.9259211 ], [ -48.6611054, -20.9260007 ], [ -48.6611497, -20.9261556 ], [ -48.6611701, -20.9262382 ], [ -48.6612046, -20.9264238 ], [ -48.6612183, -20.9265089 ], [ -48.6612299, -20.9266308 ], [ -48.6612343, -20.9267735 ], [ -48.6612336, -20.9267913 ] ] ] } },
{ "type": "Feature", "properties": { "comp_m": 627.76 }, "geometry": { "type": "MultiLineString", "coordinates": [ [ [ -48.6588719, -20.9220346 ], [ -48.6588731, -20.9220359 ], [ -48.6589161, -20.9220692 ], [ -48.6589722, -20.9221161 ], [ -48.6590126, -20.9221542 ], [ -48.6590382, -20.9221807 ], [ -48.6590846, -20.9222355 ], [ -48.6591657, -20.9223403 ], [ -48.6591973, -20.9223826 ], [ -48.6592419, -20.9224471 ], [ -48.6592953, -20.9225353 ], [ -48.6593769, -20.922676 ], [ -48.659429, -20.9227737 ], [ -48.6595197, -20.9229561 ], [ -48.6595511, -20.9230255 ], [ -48.6595721, -20.9230807 ], [ -48.6596137, -20.9232094 ], [ -48.6596398, -20.9233077 ], [ -48.6596535, -20.9233747 ], [ -48.6596593, -20.9234176 ], [ -48.6596622, -20.9234526 ], [ -48.6596719, -20.9237192 ], [ -48.6596698, -20.9237639 ], [ -48.6596652, -20.9238076 ], [ -48.6596525, -20.9238754 ], [ -48.6596318, -20.9239491 ], [ -48.6595879, -20.9240773 ], [ -48.6595727, -20.9241349 ], [ -48.6595681, -20.9241604 ], [ -48.659559, -20.9242297 ], [ -48.6595518, -20.9243545 ], [ -48.6595465, -20.9244162 ], [ -48.6595462, -20.9244431 ], [ -48.6595494, -20.924469 ], [ -48.6595617, -20.9245004 ], [ -48.6595799, -20.9245297 ], [ -48.6596622, -20.9246251 ], [ -48.6597201, -20.9246838 ], [ -48.6597947, -20.9247521 ], [ -48.6598364, -20.9247881 ], [ -48.6598791, -20.9248222 ], [ -48.659885, -20.9248285 ], [ -48.6598879, -20.9248364 ], [ -48.6598959, -20.924842 ], [ -48.6598999, -20.9248495 ], [ -48.6599062, -20.9248552 ], [ -48.6599618, -20.9248831 ], [ -48.6599948, -20.9248963 ], [ -48.6601207, -20.9249414 ], [ -48.6602036, -20.9249736 ], [ -48.6603018, -20.9250152 ], [ -48.6604068, -20.9250632 ], [ -48.6604546, -20.9250867 ], [ -48.6604937, -20.9251083 ], [ -48.660547, -20.925141 ], [ -48.6605841, -20.9251665 ], [ -48.66062, -20.925195 ], [ -48.6606541, -20.9252265 ], [ -48.6606855, -20.92526 ], [ -48.6607197, -20.9253017 ], [ -48.6608151, -20.9254294 ], [ -48.6608456, -20.9254725 ], [ -48.6608777, -20.925524 ], [ -48.6609048, -20.9255774 ], [ -48.6609057, -20.9255775 ], [ -48.6609915, -20.9257546 ], [ -48.6610604, -20.9259199 ], [ -48.661097, -20.9260244 ], [ -48.6611431, -20.9261891 ], [ -48.6611581, -20.9262562 ], [ -48.6611854, -20.9264006 ], [ -48.6611974, -20.9264688 ], [ -48.6612062, -20.9265292 ], [ -48.6612155, -20.9266258 ], [ -48.661221, -20.9267965 ] ] ] } },
{ "type": "Feature", "properties": { "comp_m": 625.62 }, "geometry": { "type": "MultiLineString", "coordinates": [ [ [ -48.6588565, -20.9220589 ], [ -48.6588591, -20.9220612 ], [ -48.6588815, -20.9220756 ], [ -48.6589376, -20.9221225 ], [ -48.6589853, -20.9221666 ], [ -48.659004, -20.9221865 ], [ -48.6590517, -20.9222408 ], [ -48.6591069, -20.9223102 ], [ -48.659176, -20.9224014 ], [ -48.6592249, -20.9224732 ], [ -48.6592562, -20.9225245 ], [ -48.6593249, -20.922643 ], [ -48.6593828, -20.9227474 ], [ -48.659399, -20.9227773 ], [ -48.6594283, -20.9228384 ], [ -48.6594859, -20.9229519 ], [ -48.6595173, -20.9230213 ], [ -48.6595423, -20.923084 ], [ -48.6595668, -20.9231558 ], [ -48.659592, -20.9232365 ], [ -48.6596033, -20.9232773 ], [ -48.6596168, -20.9233352 ], [ -48.6596235, -20.9233687 ], [ -48.6596293, -20.9234116 ], [ -48.6596372, -20.9235347 ], [ -48.6596424, -20.9236678 ], [ -48.659643, -20.9237304 ], [ -48.6596389, -20.9237835 ], [ -48.6596242, -20.9238686 ], [ -48.6596033, -20.9239422 ], [ -48.6595596, -20.9240703 ], [ -48.6595499, -20.9241028 ], [ -48.6595409, -20.9241447 ], [ -48.6595327, -20.924196 ], [ -48.6595261, -20.9243118 ], [ -48.659517, -20.9244175 ], [ -48.6595172, -20.9244444 ], [ -48.6595187, -20.9244618 ], [ -48.6595254, -20.9244864 ], [ -48.6595346, -20.9245099 ], [ -48.6595468, -20.9245324 ], [ -48.6595735, -20.9245674 ], [ -48.6596263, -20.9246287 ], [ -48.6596832, -20.9246884 ], [ -48.6598129, -20.9248064 ], [ -48.6598559, -20.9248394 ], [ -48.6598929, -20.9248645 ], [ -48.6599161, -20.9248775 ], [ -48.65994, -20.9248887 ], [ -48.659981, -20.9249051 ], [ -48.6601388, -20.9249627 ], [ -48.6602045, -20.9249885 ], [ -48.6603099, -20.9250336 ], [ -48.6604136, -20.9250824 ], [ -48.6604607, -20.9251064 ], [ -48.6605222, -20.9251416 ], [ -48.6605813, -20.9251817 ], [ -48.6606095, -20.9252049 ], [ -48.66065, -20.9252431 ], [ -48.6606859, -20.9252837 ], [ -48.6607352, -20.9253463 ], [ -48.660798, -20.9254309 ], [ -48.6608434, -20.925495 ], [ -48.6608731, -20.9255469 ], [ -48.6609049, -20.9256071 ], [ -48.6609053, -20.9256074 ], [ -48.6609928, -20.9257929 ], [ -48.6610455, -20.9259186 ], [ -48.6610865, -20.9260397 ], [ -48.6611299, -20.9261961 ], [ -48.661145, -20.9262632 ], [ -48.6611745, -20.9264158 ], [ -48.6611921, -20.9265274 ], [ -48.6612019, -20.9266328 ], [ -48.6612051, -20.9267952 ] ] ] } },
{ "type": "Feature", "properties": { "comp_m": 623.25 }, "geometry": { "type": "MultiLineString", "coordinates": [ [ [ -48.6588496, -20.9220698 ], [ -48.6588704, -20.9220842 ], [ -48.6589265, -20.9221311 ], [ -48.6589799, -20.9221818 ], [ -48.659035, -20.9222422 ], [ -48.65908, -20.9222975 ], [ -48.6591649, -20.9224099 ], [ -48.6592226, -20.9224964 ], [ -48.6593137, -20.9226515 ], [ -48.6593755, -20.9227635 ], [ -48.6594705, -20.9229532 ], [ -48.6594984, -20.9230148 ], [ -48.6595328, -20.923101 ], [ -48.6595626, -20.923189 ], [ -48.6595871, -20.9232699 ], [ -48.6595937, -20.9232944 ], [ -48.6596077, -20.9233612 ], [ -48.6596143, -20.9234038 ], [ -48.6596191, -20.9234561 ], [ -48.6596265, -20.9236244 ], [ -48.6596288, -20.9237136 ], [ -48.6596282, -20.9237498 ], [ -48.6596207, -20.9238197 ], [ -48.6596117, -20.9238616 ], [ -48.6595856, -20.9239513 ], [ -48.6595368, -20.9240956 ], [ -48.659527, -20.9241372 ], [ -48.6595185, -20.9241884 ], [ -48.6595108, -20.9243129 ], [ -48.6595008, -20.9244183 ], [ -48.6595004, -20.9244364 ], [ -48.659504, -20.9244711 ], [ -48.659515, -20.924503 ], [ -48.6595264, -20.9245258 ], [ -48.6595461, -20.9245544 ], [ -48.659574, -20.924589 ], [ -48.6596209, -20.9246436 ], [ -48.6596715, -20.9246964 ], [ -48.6598006, -20.9248148 ], [ -48.6598438, -20.9248476 ], [ -48.6598881, -20.9248778 ], [ -48.6599353, -20.9249018 ], [ -48.6602, -20.9250013 ], [ -48.6603135, -20.9250499 ], [ -48.6603615, -20.9250721 ], [ -48.6604486, -20.925115 ], [ -48.6605025, -20.9251455 ], [ -48.6605546, -20.9251799 ], [ -48.6605903, -20.9252078 ], [ -48.6606113, -20.9252254 ], [ -48.6606379, -20.9252512 ], [ -48.6606916, -20.9253122 ], [ -48.6607966, -20.9254531 ], [ -48.6608445, -20.9255253 ], [ -48.6609045, -20.925638 ], [ -48.6609044, -20.9256385 ], [ -48.6609847, -20.9258087 ], [ -48.6610086, -20.9258634 ], [ -48.6610307, -20.9259188 ], [ -48.6610742, -20.9260481 ], [ -48.6611026, -20.9261466 ], [ -48.6611195, -20.9262131 ], [ -48.6611307, -20.9262635 ], [ -48.6611619, -20.9264246 ], [ -48.6611732, -20.9264932 ], [ -48.6611812, -20.9265539 ], [ -48.6611864, -20.9266065 ], [ -48.661188, -20.9266514 ], [ -48.6611885, -20.9267331 ], [ -48.6611858, -20.9267866 ] ] ] } },
{ "type": "Feature", "properties": { "comp_m": 332.28 }, "geometry": { "type": "MultiLineString", "coordinates": [ [ [ -48.659487, -20.9244675 ], [ -48.659501, -20.9245074 ], [ -48.6595086, -20.9245227 ], [ -48.6595225, -20.9245446 ], [ -48.65956, -20.9245938 ], [ -48.6596194, -20.9246619 ], [ -48.6596573, -20.9247017 ], [ -48.6597106, -20.9247527 ], [ -48.6597861, -20.9248204 ], [ -48.6598437, -20.9248644 ], [ -48.6598888, -20.9248933 ], [ -48.6599282, -20.9249134 ], [ -48.6601936, -20.9250133 ], [ -48.6603315, -20.925073 ], [ -48.6603716, -20.9250917 ], [ -48.6604428, -20.9251272 ], [ -48.6604967, -20.9251581 ], [ -48.6605414, -20.9251877 ], [ -48.6605843, -20.9252215 ], [ -48.6606183, -20.9252526 ], [ -48.6606749, -20.9253124 ], [ -48.6607955, -20.9254751 ], [ -48.6608149, -20.925504 ], [ -48.6608367, -20.925541 ], [ -48.660885, -20.9256313 ], [ -48.6609035, -20.9256696 ], [ -48.6609042, -20.9256703 ], [ -48.6609762, -20.9258256 ], [ -48.6610181, -20.9259284 ], [ -48.6610571, -20.9260414 ], [ -48.6610884, -20.9261481 ], [ -48.6611096, -20.9262313 ], [ -48.6611525, -20.9264521 ], [ -48.6611639, -20.9265299 ], [ -48.6611715, -20.926609 ], [ -48.661174, -20.926681 ], [ -48.6611739, -20.9267263 ], [ -48.6611703, -20.9267612 ], [ -48.6611716, -20.9267773 ] ] ] } },
{ "type": "Feature", "properties": { "comp_m": 328.78 }, "geometry": { "type": "MultiLineString", "coordinates": [ [ [ -48.6594787, -20.9244684 ], [ -48.659481, -20.9244946 ], [ -48.6594863, -20.9245107 ], [ -48.6594935, -20.9245261 ], [ -48.659517, -20.9245625 ], [ -48.6595566, -20.9246111 ], [ -48.6596224, -20.9246861 ], [ -48.6596479, -20.9247121 ], [ -48.6597624, -20.9248183 ], [ -48.6597904, -20.9248421 ], [ -48.6598193, -20.9248641 ], [ -48.6598869, -20.9249077 ], [ -48.6599265, -20.9249276 ], [ -48.6601921, -20.9250282 ], [ -48.6603144, -20.9250799 ], [ -48.6603626, -20.9251022 ], [ -48.6604338, -20.925138 ], [ -48.6604956, -20.9251734 ], [ -48.6605402, -20.9252033 ], [ -48.6605832, -20.9252372 ], [ -48.6606034, -20.9252561 ], [ -48.6606417, -20.9252961 ], [ -48.6606711, -20.9253303 ], [ -48.6608057, -20.9255152 ], [ -48.6608237, -20.9255446 ], [ -48.6608633, -20.9256202 ], [ -48.6609033, -20.9257048 ], [ -48.6609037, -20.9257056 ], [ -48.6609616, -20.9258297 ], [ -48.6610007, -20.9259244 ], [ -48.6610456, -20.9260534 ], [ -48.6610872, -20.9262018 ], [ -48.6610985, -20.9262522 ], [ -48.6611304, -20.9264133 ], [ -48.6611461, -20.9265077 ], [ -48.6611529, -20.9265689 ], [ -48.6611575, -20.926631 ], [ -48.6611603, -20.9267477 ] ] ] } },
{ "type": "Feature", "properties": { "comp_m": 613.04 }, "geometry": { "type": "MultiLineString", "coordinates": [ [ [ -48.6588273, -20.9221047 ], [ -48.6588324, -20.922108 ], [ -48.6588749, -20.9221422 ], [ -48.6589096, -20.9221724 ], [ -48.6589807, -20.9222441 ], [ -48.6590107, -20.9222779 ], [ -48.6591079, -20.9224037 ], [ -48.6591822, -20.922511 ], [ -48.6592055, -20.9225474 ], [ -48.6592887, -20.9226964 ], [ -48.6593493, -20.9228089 ], [ -48.6594578, -20.9230295 ], [ -48.6594717, -20.9230604 ], [ -48.6594981, -20.9231315 ], [ -48.6595265, -20.92322 ], [ -48.6595453, -20.923285 ], [ -48.6595684, -20.9233845 ], [ -48.6595753, -20.9234449 ], [ -48.6595791, -20.9235156 ], [ -48.6595813, -20.9236228 ], [ -48.6595851, -20.9237024 ], [ -48.659585, -20.9237563 ], [ -48.6595802, -20.923809 ], [ -48.659563, -20.923884 ], [ -48.6595089, -20.9240444 ], [ -48.6594971, -20.9240852 ], [ -48.6594809, -20.9241516 ], [ -48.6594739, -20.9242034 ], [ -48.6594619, -20.924399 ], [ -48.6594605, -20.9244438 ], [ -48.6594634, -20.9244787 ], [ -48.6594684, -20.9245039 ], [ -48.6594742, -20.9245197 ], [ -48.6594902, -20.9245498 ], [ -48.6595331, -20.9246058 ], [ -48.6596041, -20.9246874 ], [ -48.6596354, -20.9247207 ], [ -48.6597092, -20.9247904 ], [ -48.6597714, -20.924845 ], [ -48.6598145, -20.9248781 ], [ -48.6598367, -20.924893 ], [ -48.6598895, -20.924926 ], [ -48.659921, -20.9249418 ], [ -48.6601452, -20.9250239 ], [ -48.6602026, -20.9250468 ], [ -48.6603401, -20.9251066 ], [ -48.6604032, -20.925138 ], [ -48.6604807, -20.9251807 ], [ -48.6605254, -20.92521 ], [ -48.6605545, -20.9252311 ], [ -48.6605821, -20.9252556 ], [ -48.6606154, -20.9252881 ], [ -48.6606512, -20.9253288 ], [ -48.6606735, -20.9253564 ], [ -48.6607916, -20.9255195 ], [ -48.6608178, -20.9255638 ], [ -48.6608531, -20.9256316 ], [ -48.6609028, -20.9257391 ], [ -48.6609028, -20.9257396 ], [ -48.6609396, -20.9258166 ], [ -48.6609802, -20.9259103 ], [ -48.6609954, -20.92595 ], [ -48.6610334, -20.9260629 ], [ -48.6610634, -20.9261696 ], [ -48.6610857, -20.9262611 ], [ -48.6611224, -20.926447 ], [ -48.6611352, -20.926533 ], [ -48.6611415, -20.9265941 ], [ -48.6611447, -20.9266474 ], [ -48.6611452, -20.9266924 ], [ -48.6611425, -20.9267365 ] ] ] } },
{ "type": "Feature", "properties": { "comp_m": 608.9 }, "geometry": { "type": "MultiLineString", "coordinates": [ [ [ -48.6588192, -20.9221175 ], [ -48.6588564, -20.9221444 ], [ -48.6588916, -20.9221735 ], [ -48.6589381, -20.9222178 ], [ -48.6589759, -20.9222577 ], [ -48.6590219, -20.9223126 ], [ -48.6590968, -20.9224108 ], [ -48.6591889, -20.9225476 ], [ -48.6592523, -20.9226591 ], [ -48.6593454, -20.9228316 ], [ -48.659428, -20.922999 ], [ -48.6594561, -20.9230605 ], [ -48.6594777, -20.9231156 ], [ -48.6595169, -20.9232361 ], [ -48.6595347, -20.9233015 ], [ -48.6595485, -20.9233594 ], [ -48.6595549, -20.9233931 ], [ -48.6595614, -20.9234447 ], [ -48.6595652, -20.9235152 ], [ -48.6595659, -20.9235868 ], [ -48.6595703, -20.9236933 ], [ -48.6595701, -20.9237474 ], [ -48.6595662, -20.9238004 ], [ -48.6595567, -20.9238513 ], [ -48.6595431, -20.9239005 ], [ -48.6594891, -20.924061 ], [ -48.6594818, -20.9240945 ], [ -48.6594682, -20.9241437 ], [ -48.6594614, -20.9241866 ], [ -48.6594589, -20.9242129 ], [ -48.6594544, -20.9243114 ], [ -48.65945, -20.9243643 ], [ -48.6594469, -20.9244539 ], [ -48.6594492, -20.9244801 ], [ -48.6594556, -20.9245137 ], [ -48.6594618, -20.9245294 ], [ -48.6594738, -20.9245519 ], [ -48.6595057, -20.9245941 ], [ -48.659593, -20.9246967 ], [ -48.6596443, -20.9247493 ], [ -48.6596711, -20.924775 ], [ -48.6597601, -20.9248545 ], [ -48.6598035, -20.9248868 ], [ -48.6598554, -20.9249218 ], [ -48.6598935, -20.9249445 ], [ -48.6599177, -20.9249553 ], [ -48.6599588, -20.9249715 ], [ -48.6600343, -20.9249972 ], [ -48.6601502, -20.9250408 ], [ -48.6602401, -20.9250775 ], [ -48.660353, -20.9251277 ], [ -48.6603846, -20.9251434 ], [ -48.66047, -20.9251898 ], [ -48.6605223, -20.9252239 ], [ -48.660558, -20.9252518 ], [ -48.660592, -20.9252832 ], [ -48.6606403, -20.9253372 ], [ -48.6606623, -20.9253651 ], [ -48.6607753, -20.9255211 ], [ -48.6608149, -20.9255874 ], [ -48.6608418, -20.9256405 ], [ -48.6608549, -20.9256716 ], [ -48.6609023, -20.925771 ], [ -48.6609027, -20.9257714 ], [ -48.6609622, -20.9259037 ], [ -48.6609901, -20.925975 ], [ -48.6610168, -20.9260559 ], [ -48.6610467, -20.9261629 ], [ -48.6610671, -20.9262462 ], [ -48.6611005, -20.9264064 ], [ -48.6611191, -20.9265176 ], [ -48.661128, -20.926596 ], [ -48.6611309, -20.9266858 ], [ -48.661133, -20.9267123 ] ] ] } },
{ "type": "Feature", "properties": { "comp_m": 610.54 }, "geometry": { "type": "MultiLineString", "coordinates": [ [ [ -48.658812, -20.9221288 ], [ -48.6588286, -20.9221398 ], [ -48.6588499, -20.9221567 ], [ -48.6589056, -20.9222044 ], [ -48.6589252, -20.9222236 ], [ -48.6589874, -20.9222903 ], [ -48.6590368, -20.9223528 ], [ -48.6590827, -20.9224167 ], [ -48.6591327, -20.922488 ], [ -48.6591747, -20.9225532 ], [ -48.6592349, -20.9226567 ], [ -48.6592957, -20.922769 ], [ -48.6593589, -20.9228894 ], [ -48.6594071, -20.9229883 ], [ -48.659425, -20.9230266 ], [ -48.6594694, -20.923136 ], [ -48.6594841, -20.9231755 ], [ -48.6595078, -20.9232566 ], [ -48.6595394, -20.9233888 ], [ -48.6595469, -20.923449 ], [ -48.6595518, -20.9235281 ], [ -48.6595555, -20.9237066 ], [ -48.6595548, -20.9237517 ], [ -48.6595495, -20.9238042 ], [ -48.6595362, -20.9238625 ], [ -48.6595232, -20.9239119 ], [ -48.6594728, -20.9240645 ], [ -48.6594547, -20.9241391 ], [ -48.6594476, -20.9241818 ], [ -48.659445, -20.9242171 ], [ -48.6594428, -20.9242891 ], [ -48.6594322, -20.9244305 ], [ -48.6594341, -20.9244747 ], [ -48.6594397, -20.9245086 ], [ -48.6594469, -20.9245329 ], [ -48.6594587, -20.9245555 ], [ -48.6594683, -20.9245699 ], [ -48.6594902, -20.9245977 ], [ -48.6595715, -20.9246934 ], [ -48.6596018, -20.924727 ], [ -48.6596406, -20.9247666 ], [ -48.6597568, -20.9248709 ], [ -48.6597857, -20.9248924 ], [ -48.6598448, -20.9249326 ], [ -48.659883, -20.9249548 ], [ -48.6599149, -20.9249698 ], [ -48.6599561, -20.9249857 ], [ -48.6600318, -20.9250108 ], [ -48.6601804, -20.925067 ], [ -48.6603257, -20.9251306 ], [ -48.6604202, -20.9251779 ], [ -48.6604661, -20.9252046 ], [ -48.6605109, -20.9252339 ], [ -48.6605539, -20.9252667 ], [ -48.6605878, -20.9252984 ], [ -48.6606235, -20.925339 ], [ -48.6606925, -20.9254302 ], [ -48.6607637, -20.9255296 ], [ -48.6607949, -20.925581 ], [ -48.6608147, -20.9256185 ], [ -48.6609018, -20.9258019 ], [ -48.6609022, -20.9258028 ], [ -48.6609535, -20.9259196 ], [ -48.6609917, -20.9260233 ], [ -48.661032, -20.9261624 ], [ -48.6610543, -20.9262538 ], [ -48.6610838, -20.9263969 ], [ -48.661104, -20.9265163 ], [ -48.6611131, -20.9265946 ], [ -48.6611173, -20.9266927 ], [ -48.6611256, -20.9267349 ], [ -48.6611233, -20.9267401 ] ] ] } },
{ "type": "Feature", "properties": { "comp_m": 94.78 }, "geometry": { "type": "MultiLineString", "coordinates": [ [ [ -48.6604321, -20.9239958 ], [ -48.6608361, -20.924287 ], [ -48.6609313, -20.9243575 ], [ -48.6610059, -20.924409 ], [ -48.6610567, -20.924448 ], [ -48.661146, -20.9245101 ] ] ] } },
{ "type": "Feature", "properties": { "comp_m": 607.08 }, "geometry": { "type": "MultiLineString", "coordinates": [ [ [ -48.6588059, -20.9221384 ], [ -48.6588657, -20.9221873 ], [ -48.6589001, -20.9222181 ], [ -48.6589199, -20.9222375 ], [ -48.6589752, -20.9222979 ], [ -48.6590197, -20.9223534 ], [ -48.6590456, -20.9223888 ], [ -48.6591109, -20.9224815 ], [ -48.6591629, -20.9225612 ], [ -48.6592188, -20.9226575 ], [ -48.6592757, -20.9227624 ], [ -48.6593237, -20.9228526 ], [ -48.6593734, -20.9229511 ], [ -48.6594087, -20.923028 ], [ -48.6594601, -20.923153 ], [ -48.6594688, -20.9231768 ], [ -48.6594907, -20.9232497 ], [ -48.6595193, -20.9233651 ], [ -48.6595273, -20.9234072 ], [ -48.6595316, -20.9234416 ], [ -48.659538, -20.9235383 ], [ -48.6595412, -20.9236632 ], [ -48.6595414, -20.9237263 ], [ -48.6595375, -20.9237794 ], [ -48.6595262, -20.9238386 ], [ -48.6595019, -20.9239291 ], [ -48.659457, -20.9240659 ], [ -48.6594411, -20.9241325 ], [ -48.6594329, -20.9241838 ], [ -48.6594308, -20.9242103 ], [ -48.6594287, -20.9242824 ], [ -48.6594184, -20.9244059 ], [ -48.6594175, -20.9244329 ], [ -48.6594228, -20.924494 ], [ -48.6594264, -20.9245197 ], [ -48.6594385, -20.9245512 ], [ -48.6594577, -20.9245801 ], [ -48.6595088, -20.9246421 ], [ -48.6595917, -20.9247372 ], [ -48.6596242, -20.9247701 ], [ -48.6597475, -20.9248814 ], [ -48.6598353, -20.9249439 ], [ -48.6598655, -20.9249626 ], [ -48.6598972, -20.9249782 ], [ -48.6599468, -20.924997 ], [ -48.6600559, -20.9250342 ], [ -48.6601633, -20.925075 ], [ -48.6603171, -20.9251415 ], [ -48.6604039, -20.9251851 ], [ -48.6604502, -20.9252111 ], [ -48.6605027, -20.9252446 ], [ -48.6605526, -20.9252841 ], [ -48.6605792, -20.9253093 ], [ -48.660614, -20.9253504 ], [ -48.6606677, -20.9254204 ], [ -48.6607447, -20.9255268 ], [ -48.6607977, -20.9256152 ], [ -48.6608775, -20.9257836 ], [ -48.6609013, -20.9258378 ], [ -48.6609013, -20.9258383 ], [ -48.6609392, -20.9259242 ], [ -48.6609746, -20.9260201 ], [ -48.6610093, -20.9261345 ], [ -48.6610347, -20.9262342 ], [ -48.6610681, -20.9263945 ], [ -48.6610909, -20.9265315 ], [ -48.6610987, -20.9266014 ], [ -48.6611037, -20.9267178 ], [ -48.6611, -20.9267222 ] ] ] } },
{ "type": "Feature", "properties": { "comp_m": 573.51 }, "geometry": { "type": "MultiLineString", "coordinates": [ [ [ -48.6587017, -20.9222817 ], [ -48.6587123, -20.9222897 ], [ -48.658733, -20.9223079 ], [ -48.6588119, -20.9223858 ], [ -48.6588301, -20.922406 ], [ -48.6588579, -20.9224406 ], [ -48.6589216, -20.9225247 ], [ -48.6589722, -20.9225957 ], [ -48.6589954, -20.922632 ], [ -48.6590337, -20.9226987 ], [ -48.6590613, -20.9227513 ], [ -48.6590998, -20.9228179 ], [ -48.6591828, -20.9229757 ], [ -48.6592279, -20.9230668 ], [ -48.6592521, -20.9231207 ], [ -48.6592765, -20.9231835 ], [ -48.659299, -20.923247 ], [ -48.6593233, -20.9233279 ], [ -48.6593454, -20.9234275 ], [ -48.6593523, -20.9234879 ], [ -48.6593538, -20.9235233 ], [ -48.6593536, -20.9236043 ], [ -48.6593566, -20.9236482 ], [ -48.6593588, -20.9237372 ], [ -48.6593546, -20.923781 ], [ -48.6593422, -20.9238397 ], [ -48.6593299, -20.9238802 ], [ -48.6592878, -20.9239997 ], [ -48.6592732, -20.9240483 ], [ -48.6592621, -20.9240893 ], [ -48.659255, -20.9241229 ], [ -48.6592492, -20.924166 ], [ -48.6592443, -20.924255 ], [ -48.6592288, -20.9244035 ], [ -48.6592261, -20.9244752 ], [ -48.6592341, -20.9245262 ], [ -48.6592428, -20.9245589 ], [ -48.6592511, -20.9245828 ], [ -48.6592683, -20.9246213 ], [ -48.6593043, -20.9246798 ], [ -48.6593429, -20.9247284 ], [ -48.659396, -20.9247895 ], [ -48.6594889, -20.9248897 ], [ -48.6595364, -20.9249337 ], [ -48.6596125, -20.9249993 ], [ -48.6596989, -20.9250643 ], [ -48.6597435, -20.9250939 ], [ -48.6597976, -20.9251236 ], [ -48.6598875, -20.92516 ], [ -48.6600461, -20.9252153 ], [ -48.6601594, -20.925264 ], [ -48.6602791, -20.9253197 ], [ -48.6603334, -20.925349 ], [ -48.6603713, -20.925372 ], [ -48.6604144, -20.9254048 ], [ -48.6604473, -20.9254373 ], [ -48.6604765, -20.9254713 ], [ -48.6604982, -20.9254992 ], [ -48.6605341, -20.9255488 ], [ -48.6605739, -20.9256058 ], [ -48.6606158, -20.9256712 ], [ -48.6606756, -20.9257837 ], [ -48.6607427, -20.9259295 ], [ -48.6607684, -20.9259918 ], [ -48.6607952, -20.9260628 ], [ -48.6608139, -20.9261187 ], [ -48.6608282, -20.9261673 ], [ -48.660846, -20.9262416 ], [ -48.6608694, -20.9263498 ], [ -48.6608915, -20.9264674 ], [ -48.6608925, -20.9264687 ], [ -48.660901, -20.9265225 ], [ -48.6609018, -20.9265529 ], [ -48.6609039, -20.9265593 ], [ -48.6609131, -20.9265715 ], [ -48.6609192, -20.9265831 ] ] ] } },
{ "type": "Feature", "properties": { "comp_m": 603.63 }, "geometry": { "type": "MultiLineString", "coordinates": [ [ [ -48.6587987, -20.9221498 ], [ -48.6588437, -20.9221866 ], [ -48.6588985, -20.9222364 ], [ -48.6589611, -20.9223031 ], [ -48.6589954, -20.9223443 ], [ -48.6590163, -20.9223726 ], [ -48.6590969, -20.9224866 ], [ -48.6591396, -20.9225517 ], [ -48.6591834, -20.9226254 ], [ -48.6592375, -20.9227223 ], [ -48.6593174, -20.9228726 ], [ -48.659363, -20.9229636 ], [ -48.6594086, -20.9230637 ], [ -48.6594405, -20.9231418 ], [ -48.659455, -20.9231814 ], [ -48.6594807, -20.9232709 ], [ -48.6595066, -20.9233783 ], [ -48.6595136, -20.9234207 ], [ -48.65952, -20.9234724 ], [ -48.659527, -20.9236679 ], [ -48.6595268, -20.923722 ], [ -48.6595229, -20.9237751 ], [ -48.6595083, -20.9238512 ], [ -48.6594951, -20.9239005 ], [ -48.6594608, -20.9240052 ], [ -48.6594373, -20.9240868 ], [ -48.6594257, -20.9241368 ], [ -48.6594178, -20.9241882 ], [ -48.6594029, -20.9244283 ], [ -48.6594045, -20.9244548 ], [ -48.659412, -20.924515 ], [ -48.6594159, -20.9245316 ], [ -48.6594247, -20.9245553 ], [ -48.6594428, -20.9245846 ], [ -48.6594988, -20.9246537 ], [ -48.6595825, -20.9247486 ], [ -48.6596082, -20.924775 ], [ -48.6597312, -20.9248861 ], [ -48.6597668, -20.9249141 ], [ -48.6598255, -20.9249553 ], [ -48.6598634, -20.9249783 ], [ -48.6598955, -20.924993 ], [ -48.6600625, -20.9250519 ], [ -48.6601535, -20.9250862 ], [ -48.6602671, -20.9251345 ], [ -48.6603313, -20.9251637 ], [ -48.6604251, -20.9252129 ], [ -48.6604857, -20.92525 ], [ -48.6605004, -20.9252602 ], [ -48.6605499, -20.9253003 ], [ -48.6605982, -20.9253542 ], [ -48.6606637, -20.9254378 ], [ -48.6607212, -20.9255154 ], [ -48.6607537, -20.9255663 ], [ -48.6607863, -20.9256262 ], [ -48.6608734, -20.9258098 ], [ -48.6609008, -20.9258716 ], [ -48.660901, -20.925872 ], [ -48.6609369, -20.9259591 ], [ -48.6609683, -20.926048 ], [ -48.660998, -20.9261465 ], [ -48.6610208, -20.9262386 ], [ -48.6610526, -20.9263912 ], [ -48.661073, -20.9265115 ], [ -48.661082, -20.9265904 ], [ -48.6610886, -20.9267067 ] ] ] } },
{ "type": "Feature", "properties": { "comp_m": 601.27 }, "geometry": { "type": "MultiLineString", "coordinates": [ [ [ -48.6587911, -20.9221617 ], [ -48.6588287, -20.9221919 ], [ -48.6588903, -20.922248 ], [ -48.6589163, -20.9222742 ], [ -48.6589524, -20.9223148 ], [ -48.6589861, -20.9223562 ], [ -48.6590534, -20.9224481 ], [ -48.6590929, -20.9225054 ], [ -48.659152, -20.9226003 ], [ -48.6592277, -20.9227341 ], [ -48.6593035, -20.9228769 ], [ -48.6593418, -20.9229526 ], [ -48.6594033, -20.9230827 ], [ -48.6594191, -20.9231218 ], [ -48.6594412, -20.9231856 ], [ -48.6594734, -20.9232996 ], [ -48.6594895, -20.9233655 ], [ -48.6595032, -20.9234504 ], [ -48.6595066, -20.9234942 ], [ -48.6595077, -20.9235658 ], [ -48.6595124, -20.9236721 ], [ -48.6595125, -20.923726 ], [ -48.6595064, -20.9237873 ], [ -48.6594964, -20.9238379 ], [ -48.6594788, -20.9239037 ], [ -48.6594374, -20.9240326 ], [ -48.6594156, -20.9241149 ], [ -48.6594063, -20.9241658 ], [ -48.6593977, -20.9242626 ], [ -48.6593904, -20.9243962 ], [ -48.6593891, -20.9244503 ], [ -48.6593907, -20.9244677 ], [ -48.6593992, -20.9245186 ], [ -48.6594164, -20.9245662 ], [ -48.6594345, -20.9245954 ], [ -48.6594773, -20.9246514 ], [ -48.6595606, -20.9247464 ], [ -48.6595993, -20.924786 ], [ -48.6597224, -20.9248961 ], [ -48.6597798, -20.9249401 ], [ -48.6598314, -20.9249754 ], [ -48.6598623, -20.9249926 ], [ -48.6598944, -20.9250071 ], [ -48.6600529, -20.9250633 ], [ -48.6601357, -20.9250942 ], [ -48.6602498, -20.9251414 ], [ -48.6603141, -20.9251703 ], [ -48.6604157, -20.9252235 ], [ -48.6604539, -20.925246 ], [ -48.660484, -20.9252649 ], [ -48.6605265, -20.9252989 ], [ -48.6605399, -20.9253113 ], [ -48.6605772, -20.9253514 ], [ -48.6606502, -20.9254412 ], [ -48.6607081, -20.9255186 ], [ -48.660731, -20.925555 ], [ -48.6607563, -20.9255996 ], [ -48.6607829, -20.9256527 ], [ -48.6608769, -20.9258517 ], [ -48.6609003, -20.925906 ], [ -48.6609001, -20.925907 ], [ -48.6609323, -20.9259863 ], [ -48.6609625, -20.9260755 ], [ -48.6609882, -20.9261663 ], [ -48.6610142, -20.9262753 ], [ -48.6610401, -20.9264026 ], [ -48.6610586, -20.9265144 ], [ -48.661067, -20.9265843 ], [ -48.6610711, -20.9266649 ], [ -48.6610753, -20.9266999 ] ] ] } },
{ "type": "Feature", "properties": { "comp_m": 598.39 }, "geometry": { "type": "MultiLineString", "coordinates": [ [ [ -48.6587835, -20.9221736 ], [ -48.6588686, -20.9222465 ], [ -48.658895, -20.922272 ], [ -48.6589375, -20.9223191 ], [ -48.658976, -20.9223678 ], [ -48.6590442, -20.9224593 ], [ -48.6590835, -20.9225166 ], [ -48.6591242, -20.9225824 ], [ -48.6592052, -20.9227231 ], [ -48.6592582, -20.9228203 ], [ -48.6593693, -20.9230397 ], [ -48.6593991, -20.9231096 ], [ -48.6594137, -20.9231491 ], [ -48.6594348, -20.9232132 ], [ -48.6594598, -20.9233029 ], [ -48.6594758, -20.9233689 ], [ -48.6594891, -20.9234539 ], [ -48.6594917, -20.9234979 ], [ -48.6594981, -20.9237205 ], [ -48.6594938, -20.9237734 ], [ -48.659485, -20.9238245 ], [ -48.6594699, -20.9238821 ], [ -48.6594215, -20.9240355 ], [ -48.6594079, -20.9240846 ], [ -48.6593969, -20.9241348 ], [ -48.6593892, -20.9241863 ], [ -48.659377, -20.9243544 ], [ -48.6593755, -20.9244445 ], [ -48.6593777, -20.9244797 ], [ -48.659383, -20.9245137 ], [ -48.6593897, -20.9245382 ], [ -48.6594024, -20.9245694 ], [ -48.6594245, -20.9246061 ], [ -48.659456, -20.9246484 ], [ -48.6595333, -20.9247365 ], [ -48.6595709, -20.9247764 ], [ -48.6596107, -20.9248152 ], [ -48.6597067, -20.9249002 ], [ -48.6597495, -20.9249338 ], [ -48.6598078, -20.9249756 ], [ -48.6598227, -20.9249854 ], [ -48.6598536, -20.9250025 ], [ -48.6598935, -20.9250212 ], [ -48.6600934, -20.9250925 ], [ -48.6601925, -20.92513 ], [ -48.660257, -20.9251583 ], [ -48.6603597, -20.9252092 ], [ -48.6604446, -20.9252565 ], [ -48.6604672, -20.9252706 ], [ -48.6604889, -20.9252867 ], [ -48.6605239, -20.9253161 ], [ -48.6605498, -20.9253421 ], [ -48.6606198, -20.925424 ], [ -48.6606726, -20.9254942 ], [ -48.6606979, -20.9255298 ], [ -48.6607159, -20.9255591 ], [ -48.660757, -20.9256337 ], [ -48.6607875, -20.9256943 ], [ -48.6608663, -20.9258628 ], [ -48.6608997, -20.9259403 ], [ -48.6608997, -20.9259408 ], [ -48.6609305, -20.926021 ], [ -48.6609465, -20.92607 ], [ -48.660987, -20.9262199 ], [ -48.6610043, -20.926296 ], [ -48.6610285, -20.9264153 ], [ -48.6610456, -20.9265281 ], [ -48.6610527, -20.9265896 ], [ -48.661058, -20.9266884 ] ] ] } },
{ "type": "Feature", "properties": { "comp_m": 593.96 }, "geometry": { "type": "MultiLineString", "coordinates": [ [ [ -48.6587762, -20.9221851 ], [ -48.6588457, -20.9222436 ], [ -48.6588852, -20.9222824 ], [ -48.6589223, -20.9223226 ], [ -48.6589611, -20.9223712 ], [ -48.659034, -20.92247 ], [ -48.6590638, -20.922513 ], [ -48.6591097, -20.9225859 ], [ -48.6591403, -20.9226375 ], [ -48.6592194, -20.9227791 ], [ -48.6592945, -20.9229222 ], [ -48.6593554, -20.9230436 ], [ -48.6594, -20.923153 ], [ -48.6594241, -20.9232251 ], [ -48.6594444, -20.9232986 ], [ -48.6594607, -20.9233645 ], [ -48.6594753, -20.9234582 ], [ -48.6594794, -20.9235467 ], [ -48.6594804, -20.9236184 ], [ -48.6594838, -20.9236982 ], [ -48.6594834, -20.9237254 ], [ -48.659478, -20.923787 ], [ -48.6594693, -20.9238291 ], [ -48.6594512, -20.9238947 ], [ -48.659393, -20.9240808 ], [ -48.6593822, -20.9241311 ], [ -48.6593733, -20.9241913 ], [ -48.6593607, -20.9243958 ], [ -48.6593613, -20.9244586 ], [ -48.6593646, -20.9244934 ], [ -48.6593733, -20.9245352 ], [ -48.6593785, -20.9245512 ], [ -48.659393, -20.9245819 ], [ -48.6594158, -20.9246184 ], [ -48.6594418, -20.9246537 ], [ -48.6595185, -20.9247419 ], [ -48.6595501, -20.9247751 ], [ -48.6595831, -20.9248076 ], [ -48.6596998, -20.9249125 ], [ -48.6597427, -20.924946 ], [ -48.6597939, -20.9249823 ], [ -48.6598472, -20.9250142 ], [ -48.6598788, -20.9250298 ], [ -48.6599696, -20.9250646 ], [ -48.6600538, -20.9250924 ], [ -48.6601121, -20.9251135 ], [ -48.6602026, -20.9251489 ], [ -48.6602509, -20.9251703 ], [ -48.6603614, -20.9252255 ], [ -48.6604459, -20.925274 ], [ -48.6604829, -20.9252989 ], [ -48.6605242, -20.9253344 ], [ -48.6605492, -20.9253611 ], [ -48.6606235, -20.9254505 ], [ -48.6606795, -20.9255287 ], [ -48.6607027, -20.9255651 ], [ -48.6607784, -20.9257079 ], [ -48.6607916, -20.925739 ], [ -48.6608109, -20.9257769 ], [ -48.6608541, -20.9258688 ], [ -48.6608745, -20.9259152 ], [ -48.6608991, -20.9259781 ], [ -48.6608992, -20.9259791 ], [ -48.6609204, -20.9260348 ], [ -48.6609405, -20.9261 ], [ -48.6609731, -20.9262242 ], [ -48.6609962, -20.9263246 ], [ -48.661014, -20.926418 ], [ -48.6610274, -20.9265039 ], [ -48.6610367, -20.9265823 ], [ -48.6610426, -20.9266619 ] ] ] } },
{ "type": "Feature", "properties": { "comp_m": 83.37 }, "geometry": { "type": "MultiLineString", "coordinates": [ [ [ -48.6604197, -20.9240563 ], [ -48.6604575, -20.9240816 ], [ -48.6607097, -20.9242641 ], [ -48.6608801, -20.924388 ], [ -48.6609127, -20.9244136 ] ] ] } },
{ "type": "Feature", "properties": { "comp_m": 593.22 }, "geometry": { "type": "MultiLineString", "coordinates": [ [ [ -48.6587694, -20.9221957 ], [ -48.6587705, -20.9221971 ], [ -48.6588263, -20.9222445 ], [ -48.6588465, -20.9222639 ], [ -48.6588909, -20.9223096 ], [ -48.6589265, -20.9223503 ], [ -48.6590414, -20.9225055 ], [ -48.659097, -20.9225928 ], [ -48.659153, -20.9226889 ], [ -48.6592422, -20.9228538 ], [ -48.6593426, -20.9230504 ], [ -48.6593871, -20.9231599 ], [ -48.6594116, -20.9232318 ], [ -48.6594275, -20.9232889 ], [ -48.6594471, -20.9233716 ], [ -48.6594601, -20.9234568 ], [ -48.6594683, -20.9235798 ], [ -48.6594673, -20.9236154 ], [ -48.6594688, -20.9237139 ], [ -48.6594648, -20.923776 ], [ -48.6594534, -20.9238352 ], [ -48.6594225, -20.9239411 ], [ -48.6593903, -20.9240374 ], [ -48.659376, -20.9240863 ], [ -48.6593631, -20.924154 ], [ -48.6593572, -20.9242063 ], [ -48.6593464, -20.9244024 ], [ -48.659346, -20.9244566 ], [ -48.6593507, -20.9244999 ], [ -48.6593579, -20.9245332 ], [ -48.659366, -20.9245572 ], [ -48.6593847, -20.9245952 ], [ -48.6594084, -20.9246314 ], [ -48.6594519, -20.9246873 ], [ -48.6595051, -20.9247484 ], [ -48.6595434, -20.9247882 ], [ -48.6595965, -20.9248391 ], [ -48.6596518, -20.9248873 ], [ -48.6596853, -20.9249188 ], [ -48.6597275, -20.9249537 ], [ -48.6597567, -20.9249747 ], [ -48.6598163, -20.9250137 ], [ -48.6598317, -20.9250225 ], [ -48.6598794, -20.9250454 ], [ -48.6599204, -20.9250618 ], [ -48.660063, -20.9251102 ], [ -48.6601212, -20.9251315 ], [ -48.6602032, -20.9251641 ], [ -48.6602831, -20.9252013 ], [ -48.6603618, -20.9252414 ], [ -48.6604387, -20.9252852 ], [ -48.6604683, -20.9253051 ], [ -48.6604896, -20.925322 ], [ -48.6605101, -20.9253407 ], [ -48.6605356, -20.925367 ], [ -48.6605651, -20.925401 ], [ -48.6606158, -20.9254631 ], [ -48.6606511, -20.925513 ], [ -48.6606884, -20.9255711 ], [ -48.660726, -20.9256381 ], [ -48.6607754, -20.9257367 ], [ -48.6607841, -20.9257515 ], [ -48.6608547, -20.9259052 ], [ -48.6608713, -20.925944 ], [ -48.6608985, -20.9260149 ], [ -48.6608989, -20.9260153 ], [ -48.6609197, -20.9260805 ], [ -48.6609475, -20.9261796 ], [ -48.6609702, -20.9262716 ], [ -48.6609886, -20.9263559 ], [ -48.6610025, -20.9264329 ], [ -48.6610152, -20.9265194 ], [ -48.6610234, -20.9265893 ], [ -48.6610302, -20.9266684 ] ] ] } },
{ "type": "Feature", "properties": { "comp_m": 590.32 }, "geometry": { "type": "MultiLineString", "coordinates": [ [ [ -48.6587624, -20.9222067 ], [ -48.658763, -20.9222075 ], [ -48.6588246, -20.9222628 ], [ -48.6588635, -20.9223015 ], [ -48.6589179, -20.9223622 ], [ -48.6590015, -20.922475 ], [ -48.6590559, -20.9225537 ], [ -48.6590832, -20.9225974 ], [ -48.6591435, -20.9227009 ], [ -48.6591832, -20.9227761 ], [ -48.6592005, -20.9228056 ], [ -48.6592758, -20.9229485 ], [ -48.6593251, -20.923047 ], [ -48.6593488, -20.9231012 ], [ -48.6593734, -20.923164 ], [ -48.6593983, -20.9232357 ], [ -48.6594115, -20.9232847 ], [ -48.6594351, -20.9233839 ], [ -48.6594422, -20.9234262 ], [ -48.6594462, -20.9234607 ], [ -48.6594533, -20.923575 ], [ -48.6594535, -20.9237275 ], [ -48.6594499, -20.9237807 ], [ -48.6594401, -20.9238314 ], [ -48.6594093, -20.9239373 ], [ -48.659387, -20.9240011 ], [ -48.6593665, -20.9240656 ], [ -48.65935, -20.9241409 ], [ -48.6593445, -20.9241843 ], [ -48.6593324, -20.9243979 ], [ -48.6593319, -20.9244607 ], [ -48.6593364, -20.9245039 ], [ -48.659346, -20.9245453 ], [ -48.6593586, -20.9245766 ], [ -48.6593703, -20.9245993 ], [ -48.659394, -20.9246354 ], [ -48.6594369, -20.9246914 ], [ -48.6594904, -20.9247524 ], [ -48.6595407, -20.9248053 ], [ -48.6595739, -20.9248378 ], [ -48.6596568, -20.9249098 ], [ -48.6597046, -20.9249535 ], [ -48.6597554, -20.9249906 ], [ -48.6598155, -20.9250288 ], [ -48.6598624, -20.9250532 ], [ -48.6599119, -20.9250722 ], [ -48.6600621, -20.9251249 ], [ -48.6601778, -20.9251684 ], [ -48.6602824, -20.9252151 ], [ -48.6603608, -20.9252555 ], [ -48.6604295, -20.9252959 ], [ -48.6604736, -20.9253265 ], [ -48.6605013, -20.9253506 ], [ -48.6605439, -20.9253974 ], [ -48.6606257, -20.9255019 ], [ -48.6606685, -20.9255669 ], [ -48.6607074, -20.9256333 ], [ -48.6607729, -20.9257619 ], [ -48.6608194, -20.9258615 ], [ -48.6608568, -20.9259465 ], [ -48.6608815, -20.9260093 ], [ -48.6608979, -20.9260571 ], [ -48.6608978, -20.9260581 ], [ -48.660922, -20.9261413 ], [ -48.6609419, -20.9262169 ], [ -48.660962, -20.9263017 ], [ -48.6609779, -20.9263787 ], [ -48.6609919, -20.9264565 ], [ -48.6610036, -20.9265352 ], [ -48.6610105, -20.9265971 ], [ -48.6610141, -20.9266561 ] ] ] } },
{ "type": "Feature", "properties": { "comp_m": 587.6 }, "geometry": { "type": "MultiLineString", "coordinates": [ [ [ -48.658753, -20.9222188 ], [ -48.6587543, -20.9222217 ], [ -48.6588095, -20.9222699 ], [ -48.6588503, -20.9223079 ], [ -48.6588755, -20.9223344 ], [ -48.6589105, -20.9223754 ], [ -48.6590142, -20.9225166 ], [ -48.6590578, -20.9225813 ], [ -48.659071, -20.9226033 ], [ -48.659114, -20.9226773 ], [ -48.6591747, -20.9227896 ], [ -48.6592087, -20.9228488 ], [ -48.6592557, -20.9229393 ], [ -48.659319, -20.9230686 ], [ -48.6593584, -20.9231619 ], [ -48.6593727, -20.9232015 ], [ -48.6593876, -20.9232499 ], [ -48.6594086, -20.9233321 ], [ -48.6594248, -20.923407 ], [ -48.6594326, -20.9234671 ], [ -48.659438, -20.923582 ], [ -48.6594389, -20.9237256 ], [ -48.6594376, -20.9237615 ], [ -48.6594348, -20.9237876 ], [ -48.6594283, -20.9238215 ], [ -48.6594076, -20.923895 ], [ -48.6593566, -20.9240474 ], [ -48.6593385, -20.924122 ], [ -48.6593319, -20.9241648 ], [ -48.6593237, -20.9242799 ], [ -48.6593232, -20.9243157 ], [ -48.659317, -20.9244134 ], [ -48.6593162, -20.9244586 ], [ -48.6593193, -20.9244935 ], [ -48.6593255, -20.9245272 ], [ -48.6593325, -20.9245515 ], [ -48.6593489, -20.9245904 ], [ -48.6593805, -20.9246416 ], [ -48.6594019, -20.9246696 ], [ -48.6594722, -20.9247513 ], [ -48.6595335, -20.9248184 ], [ -48.6595535, -20.9248375 ], [ -48.6595958, -20.9248721 ], [ -48.6596143, -20.9248922 ], [ -48.6596975, -20.9249645 ], [ -48.6597261, -20.9249867 ], [ -48.6597703, -20.925017 ], [ -48.6598155, -20.9250452 ], [ -48.6598632, -20.9250679 ], [ -48.6599129, -20.9250865 ], [ -48.659947, -20.9250966 ], [ -48.6601539, -20.9251738 ], [ -48.660275, -20.9252267 ], [ -48.6603763, -20.9252805 ], [ -48.6604365, -20.9253182 ], [ -48.6604661, -20.9253382 ], [ -48.6604876, -20.9253548 ], [ -48.6605292, -20.9254022 ], [ -48.6606255, -20.9255282 ], [ -48.6606543, -20.9255714 ], [ -48.6607015, -20.9256528 ], [ -48.6607628, -20.9257739 ], [ -48.6608261, -20.9259122 ], [ -48.6608551, -20.9259823 ], [ -48.6608756, -20.9260377 ], [ -48.6608971, -20.9261106 ], [ -48.6608975, -20.9261119 ], [ -48.6609164, -20.9261782 ], [ -48.6609354, -20.9262536 ], [ -48.6609523, -20.9263297 ], [ -48.6609692, -20.9264151 ], [ -48.6609811, -20.926484 ], [ -48.6609897, -20.926545 ], [ -48.660996, -20.9266067 ], [ -48.6609982, -20.9266438 ] ] ] } },
{ "type": "Feature", "properties": { "comp_m": 80.43 }, "geometry": { "type": "MultiLineString", "coordinates": [ [ [ -48.660427, -20.9240243 ], [ -48.6604272, -20.9240245 ], [ -48.660441, -20.9240362 ], [ -48.6609435, -20.9243996 ], [ -48.6610259, -20.9244559 ] ] ] } },
{ "type": "Feature", "properties": { "comp_m": 75.02 }, "geometry": { "type": "MultiLineString", "coordinates": [ [ [ -48.6604237, -20.9240425 ], [ -48.6605027, -20.9240972 ], [ -48.6608945, -20.9243818 ], [ -48.6609617, -20.9244285 ], [ -48.6609751, -20.92444 ] ] ] } },
{ "type": "Feature", "properties": { "comp_m": 576.97 }, "geometry": { "type": "MultiLineString", "coordinates": [ [ [ -48.6587261, -20.922261 ], [ -48.6587302, -20.9222684 ], [ -48.6587717, -20.922305 ], [ -48.658831, -20.9223637 ], [ -48.6588771, -20.9224185 ], [ -48.6589259, -20.9224814 ], [ -48.658998, -20.9225805 ], [ -48.659101, -20.9227582 ], [ -48.6591889, -20.9229235 ], [ -48.6592684, -20.923083 ], [ -48.659294, -20.9231455 ], [ -48.6593227, -20.9232248 ], [ -48.6593412, -20.923281 ], [ -48.6593655, -20.9233709 ], [ -48.6593729, -20.9234042 ], [ -48.6593793, -20.9234468 ], [ -48.6593838, -20.9235082 ], [ -48.6593825, -20.9235893 ], [ -48.6593877, -20.9236594 ], [ -48.6593893, -20.9237309 ], [ -48.6593875, -20.9237576 ], [ -48.6593818, -20.9238008 ], [ -48.6593741, -20.9238342 ], [ -48.6593644, -20.9238667 ], [ -48.6593544, -20.92389 ], [ -48.6593453, -20.9239228 ], [ -48.6593068, -20.9240348 ], [ -48.6592976, -20.9240675 ], [ -48.6592836, -20.9241347 ], [ -48.6592793, -20.9241786 ], [ -48.6592749, -20.9242589 ], [ -48.6592668, -20.9243193 ], [ -48.65926, -20.9244169 ], [ -48.6592593, -20.9244621 ], [ -48.6592605, -20.9244887 ], [ -48.6592653, -20.9245229 ], [ -48.659271, -20.9245478 ], [ -48.6592826, -20.9245795 ], [ -48.6593048, -20.9246253 ], [ -48.6593225, -20.9246547 ], [ -48.6593425, -20.9246832 ], [ -48.6594067, -20.9247584 ], [ -48.6594985, -20.9248592 ], [ -48.6595515, -20.9249099 ], [ -48.6596068, -20.924958 ], [ -48.6596632, -20.9250036 ], [ -48.6597137, -20.9250413 ], [ -48.6597665, -20.9250744 ], [ -48.6597976, -20.9250911 ], [ -48.6598295, -20.9251061 ], [ -48.6599615, -20.9251567 ], [ -48.6600288, -20.9251792 ], [ -48.6601192, -20.9252146 ], [ -48.660184, -20.9252426 ], [ -48.6603187, -20.9253084 ], [ -48.6603648, -20.9253349 ], [ -48.6604021, -20.9253592 ], [ -48.6604443, -20.9253941 ], [ -48.6604826, -20.9254339 ], [ -48.6605266, -20.9254895 ], [ -48.660556, -20.9255325 ], [ -48.6605777, -20.9255605 ], [ -48.6606266, -20.9256323 ], [ -48.6606614, -20.9256913 ], [ -48.6607535, -20.9258821 ], [ -48.6607997, -20.9259909 ], [ -48.6608341, -20.9260862 ], [ -48.6608582, -20.9261672 ], [ -48.660882, -20.9262664 ], [ -48.6608937, -20.9263251 ], [ -48.6608941, -20.9263269 ], [ -48.6609239, -20.9264769 ], [ -48.6609303, -20.9265219 ], [ -48.6609332, -20.9265588 ], [ -48.6609314, -20.9265712 ], [ -48.6609368, -20.9265855 ], [ -48.6609381, -20.9265976 ] ] ] } },
{ "type": "Feature", "properties": { "comp_m": 571.91 }, "geometry": { "type": "MultiLineString", "coordinates": [ [ [ -48.6587099, -20.9222717 ], [ -48.6587242, -20.9222815 ], [ -48.6587776, -20.9223308 ], [ -48.6588166, -20.9223699 ], [ -48.6588522, -20.9224106 ], [ -48.6588854, -20.9224523 ], [ -48.6589641, -20.9225579 ], [ -48.6589931, -20.9226011 ], [ -48.6590453, -20.9226897 ], [ -48.6591242, -20.9228313 ], [ -48.6592474, -20.9230734 ], [ -48.659283, -20.9231591 ], [ -48.6593058, -20.9232226 ], [ -48.6593241, -20.9232789 ], [ -48.6593448, -20.9233521 ], [ -48.6593604, -20.9234273 ], [ -48.6593682, -20.9235055 ], [ -48.6593674, -20.9235864 ], [ -48.6593737, -20.9237191 ], [ -48.6593721, -20.9237549 ], [ -48.6593679, -20.9237896 ], [ -48.6593567, -20.9238397 ], [ -48.6592944, -20.9240241 ], [ -48.6592846, -20.9240566 ], [ -48.6592681, -20.9241319 ], [ -48.6592637, -20.9241757 ], [ -48.6592582, -20.9242645 ], [ -48.6592491, -20.9243429 ], [ -48.659244, -20.9244046 ], [ -48.659243, -20.9244676 ], [ -48.6592437, -20.9244853 ], [ -48.6592473, -20.924511 ], [ -48.6592543, -20.9245444 ], [ -48.6592594, -20.9245604 ], [ -48.6592714, -20.924592 ], [ -48.6592824, -20.9246149 ], [ -48.6593081, -20.9246593 ], [ -48.6593336, -20.9246948 ], [ -48.6594099, -20.9247834 ], [ -48.6594896, -20.9248707 ], [ -48.6595437, -20.9249214 ], [ -48.6596061, -20.9249755 ], [ -48.6596628, -20.9250211 ], [ -48.659699, -20.9250478 ], [ -48.6597512, -20.925082 ], [ -48.6598054, -20.9251118 ], [ -48.6598957, -20.9251475 ], [ -48.6600459, -20.9252004 ], [ -48.6601112, -20.9252272 ], [ -48.6601919, -20.9252627 ], [ -48.6602952, -20.9253125 ], [ -48.6603494, -20.9253421 ], [ -48.6603941, -20.9253716 ], [ -48.6604295, -20.9254002 ], [ -48.6604676, -20.92544 ], [ -48.6605127, -20.9254952 ], [ -48.6605838, -20.9255946 ], [ -48.660617, -20.9256453 ], [ -48.6606472, -20.925697 ], [ -48.6606703, -20.9257424 ], [ -48.6607434, -20.9258952 ], [ -48.6607667, -20.9259495 ], [ -48.6607946, -20.9260201 ], [ -48.6608302, -20.9261239 ], [ -48.6608439, -20.9261728 ], [ -48.6608618, -20.9262472 ], [ -48.6608926, -20.9263977 ], [ -48.6608921, -20.9264003 ], [ -48.6609018, -20.9264417 ], [ -48.6609097, -20.9264838 ], [ -48.660919, -20.9265613 ] ] ] } },
{ "type": "Feature", "properties": { "comp_m": 65.46 }, "geometry": { "type": "MultiLineString", "coordinates": [ [ [ -48.6604198, -20.9240735 ], [ -48.6604578, -20.924099 ], [ -48.6607047, -20.9242769 ], [ -48.6608719, -20.9243996 ] ] ] } },
{ "type": "Feature", "properties": { "comp_m": 567.07 }, "geometry": { "type": "MultiLineString", "coordinates": [ [ [ -48.6586843, -20.922303 ], [ -48.6587072, -20.9223208 ], [ -48.6587432, -20.922353 ], [ -48.6587771, -20.9223876 ], [ -48.6588143, -20.9224305 ], [ -48.6588143, -20.9224311 ], [ -48.6588369, -20.9224586 ], [ -48.658921, -20.9225712 ], [ -48.6589686, -20.9226434 ], [ -48.6590413, -20.9227691 ], [ -48.6590925, -20.922867 ], [ -48.6591465, -20.9229637 ], [ -48.6592126, -20.923101 ], [ -48.6592449, -20.9231789 ], [ -48.6592783, -20.9232743 ], [ -48.6593062, -20.9233719 ], [ -48.6593175, -20.9234396 ], [ -48.6593242, -20.9235091 ], [ -48.6593269, -20.923607 ], [ -48.6593339, -20.9236943 ], [ -48.6593304, -20.9237475 ], [ -48.6593212, -20.9238075 ], [ -48.659313, -20.9238407 ], [ -48.6593028, -20.9238729 ], [ -48.6592648, -20.9239759 ], [ -48.6592451, -20.9240407 ], [ -48.6592328, -20.9240904 ], [ -48.65922, -20.9241671 ], [ -48.6592094, -20.9243085 ], [ -48.659195, -20.9244301 ], [ -48.6591949, -20.9244661 ], [ -48.6591973, -20.9244922 ], [ -48.659205, -20.9245343 ], [ -48.6592136, -20.9245671 ], [ -48.6592219, -20.924591 ], [ -48.6592397, -20.9246293 ], [ -48.6592613, -20.9246662 ], [ -48.6592762, -20.9246876 ], [ -48.6593254, -20.9247502 ], [ -48.6593907, -20.9248248 ], [ -48.6594471, -20.9248847 ], [ -48.6595061, -20.9249428 ], [ -48.6595679, -20.924998 ], [ -48.6596242, -20.9250443 ], [ -48.659675, -20.9250813 ], [ -48.6597121, -20.9251062 ], [ -48.6597425, -20.9251243 ], [ -48.6598053, -20.9251564 ], [ -48.6598871, -20.9251894 ], [ -48.6599792, -20.9252208 ], [ -48.6600371, -20.9252426 ], [ -48.6601429, -20.9252863 ], [ -48.660255, -20.9253377 ], [ -48.6603096, -20.9253664 ], [ -48.6603548, -20.9253946 ], [ -48.6603909, -20.9254216 ], [ -48.6604305, -20.9254602 ], [ -48.6604648, -20.9255014 ], [ -48.6605076, -20.9255574 ], [ -48.6605473, -20.9256145 ], [ -48.6605928, -20.9256875 ], [ -48.6606258, -20.9257472 ], [ -48.6606817, -20.9258612 ], [ -48.6607238, -20.9259534 ], [ -48.6607609, -20.9260475 ], [ -48.6607971, -20.9261599 ], [ -48.6608216, -20.9262587 ], [ -48.6608459, -20.9263756 ], [ -48.660857, -20.9264344 ], [ -48.6608713, -20.926528 ], [ -48.660877, -20.9265439 ], [ -48.660883, -20.9265492 ] ] ] } },
{ "type": "Feature", "properties": { "comp_m": 568.05 }, "geometry": { "type": "MultiLineString", "coordinates": [ [ [ -48.6586931, -20.9222922 ], [ -48.6587002, -20.9222973 ], [ -48.6587208, -20.9223154 ], [ -48.6587675, -20.9223598 ], [ -48.6588117, -20.9224057 ], [ -48.6588458, -20.9224469 ], [ -48.6589548, -20.9225951 ], [ -48.6589827, -20.9226387 ], [ -48.6590873, -20.9228244 ], [ -48.6591671, -20.9229745 ], [ -48.6592153, -20.9230735 ], [ -48.6592394, -20.9231274 ], [ -48.6592701, -20.9232059 ], [ -48.6592939, -20.923278 ], [ -48.6593129, -20.9233428 ], [ -48.6593316, -20.9234348 ], [ -48.6593389, -20.923504 ], [ -48.6593405, -20.9236023 ], [ -48.6593437, -20.9236371 ], [ -48.659345, -20.9237353 ], [ -48.6593406, -20.923779 ], [ -48.6593306, -20.9238296 ], [ -48.659317, -20.9238787 ], [ -48.6592872, -20.9239576 ], [ -48.6592662, -20.924022 ], [ -48.6592463, -20.9240958 ], [ -48.6592394, -20.9241294 ], [ -48.6592346, -20.9241639 ], [ -48.6592303, -20.9242441 ], [ -48.6592258, -20.9242969 ], [ -48.6592132, -20.9244101 ], [ -48.6592109, -20.9244726 ], [ -48.6592148, -20.9245071 ], [ -48.6592266, -20.9245566 ], [ -48.6592344, -20.9245807 ], [ -48.6592512, -20.9246194 ], [ -48.6592816, -20.924671 ], [ -48.659324, -20.9247272 ], [ -48.6593589, -20.9247681 ], [ -48.6594763, -20.9248951 ], [ -48.659509, -20.9249276 ], [ -48.6595787, -20.9249867 ], [ -48.6596128, -20.9250174 ], [ -48.6596996, -20.9250815 ], [ -48.659737, -20.9251056 ], [ -48.6597993, -20.9251387 ], [ -48.6598972, -20.9251787 ], [ -48.6599979, -20.9252125 ], [ -48.6600473, -20.9252315 ], [ -48.6601529, -20.9252758 ], [ -48.6602649, -20.9253274 ], [ -48.6603195, -20.9253562 ], [ -48.66035, -20.9253741 ], [ -48.6604078, -20.9254172 ], [ -48.6604462, -20.9254564 ], [ -48.6604743, -20.9254909 ], [ -48.6605223, -20.9255539 ], [ -48.6605615, -20.9256112 ], [ -48.6606073, -20.9256841 ], [ -48.6606627, -20.9257893 ], [ -48.6607269, -20.9259272 ], [ -48.6607562, -20.9259972 ], [ -48.6607882, -20.9260842 ], [ -48.6607986, -20.9261163 ], [ -48.660811, -20.9261566 ], [ -48.6608258, -20.9262141 ], [ -48.6608617, -20.9263805 ], [ -48.6608778, -20.9264735 ], [ -48.6608869, -20.9265417 ], [ -48.6608829, -20.9265492 ] ] ] } },
{ "type": "Feature", "properties": { "comp_m": 563.47 }, "geometry": { "type": "MultiLineString", "coordinates": [ [ [ -48.6586756, -20.9223137 ], [ -48.6587062, -20.922338 ], [ -48.6587336, -20.9223629 ], [ -48.6587842, -20.922416 ], [ -48.6588011, -20.9224366 ], [ -48.6589027, -20.9225696 ], [ -48.6589551, -20.9226491 ], [ -48.6589906, -20.9227078 ], [ -48.6590488, -20.922812 ], [ -48.6590748, -20.9228653 ], [ -48.6591338, -20.9229692 ], [ -48.6591886, -20.9230837 ], [ -48.6592225, -20.923161 ], [ -48.6592441, -20.9232159 ], [ -48.6592653, -20.92328 ], [ -48.6592895, -20.9233609 ], [ -48.6593014, -20.9234284 ], [ -48.6593105, -20.923515 ], [ -48.6593123, -20.9236132 ], [ -48.6593173, -20.9236924 ], [ -48.6593174, -20.9237103 ], [ -48.6593141, -20.9237545 ], [ -48.6593084, -20.9237977 ], [ -48.6593008, -20.923831 ], [ -48.6592904, -20.9238632 ], [ -48.6592523, -20.9239661 ], [ -48.6592345, -20.9240226 ], [ -48.6592199, -20.9240805 ], [ -48.6592061, -20.9241659 ], [ -48.6591998, -20.9242545 ], [ -48.6591877, -20.9243861 ], [ -48.6591821, -20.9244294 ], [ -48.6591814, -20.9244655 ], [ -48.6591835, -20.9244917 ], [ -48.6591869, -20.9245174 ], [ -48.6591937, -20.9245509 ], [ -48.6592098, -20.9245988 ], [ -48.6592318, -20.9246446 ], [ -48.6592591, -20.9246884 ], [ -48.6592797, -20.9247167 ], [ -48.6593131, -20.9247582 ], [ -48.6593786, -20.9248327 ], [ -48.6594284, -20.9248858 ], [ -48.6594869, -20.924944 ], [ -48.6595344, -20.9249869 ], [ -48.659611, -20.9250523 ], [ -48.6596471, -20.9250791 ], [ -48.6597138, -20.9251238 ], [ -48.6597679, -20.9251538 ], [ -48.6597918, -20.9251651 ], [ -48.6598734, -20.9251984 ], [ -48.6599738, -20.9252331 ], [ -48.6600477, -20.9252619 ], [ -48.6601293, -20.9252955 ], [ -48.6602335, -20.9253428 ], [ -48.660273, -20.9253623 ], [ -48.6603194, -20.925388 ], [ -48.6603639, -20.9254177 ], [ -48.6603987, -20.9254476 ], [ -48.6604354, -20.9254875 ], [ -48.6604686, -20.9255291 ], [ -48.6605252, -20.9256069 ], [ -48.6605489, -20.9256431 ], [ -48.6605842, -20.9257019 ], [ -48.6606165, -20.9257618 ], [ -48.6606801, -20.925891 ], [ -48.6607213, -20.9259835 ], [ -48.6607453, -20.9260466 ], [ -48.6607615, -20.9260945 ], [ -48.6607815, -20.926159 ], [ -48.6607923, -20.9261999 ], [ -48.6608138, -20.9262909 ], [ -48.6608404, -20.9264249 ], [ -48.6608538, -20.9265099 ], [ -48.660854, -20.9265329 ] ] ] } },
{ "type": "Feature", "properties": { "comp_m": 560.78 }, "geometry": { "type": "MultiLineString", "coordinates": [ [ [ -48.6586667, -20.9223245 ], [ -48.6586893, -20.922342 ], [ -48.6587235, -20.9223728 ], [ -48.6587679, -20.9224192 ], [ -48.6587977, -20.9224531 ], [ -48.6588355, -20.922502 ], [ -48.6589031, -20.9225937 ], [ -48.6589669, -20.9226959 ], [ -48.6590262, -20.9227998 ], [ -48.6590442, -20.922838 ], [ -48.659115, -20.9229646 ], [ -48.6591678, -20.9230709 ], [ -48.6592115, -20.9231715 ], [ -48.65923, -20.9232186 ], [ -48.6592515, -20.9232826 ], [ -48.6592754, -20.9233637 ], [ -48.6592872, -20.9234313 ], [ -48.6592963, -20.9235178 ], [ -48.6592976, -20.9236073 ], [ -48.6593018, -20.9236958 ], [ -48.6593008, -20.9237407 ], [ -48.6592942, -20.9237927 ], [ -48.6592864, -20.923826 ], [ -48.6592329, -20.9239774 ], [ -48.6592135, -20.9240424 ], [ -48.6592057, -20.9240757 ], [ -48.6591964, -20.9241356 ], [ -48.6591885, -20.9242053 ], [ -48.6591782, -20.9243377 ], [ -48.6591741, -20.9243816 ], [ -48.65917, -20.9244073 ], [ -48.6591685, -20.9244523 ], [ -48.6591715, -20.9245051 ], [ -48.6591737, -20.9245223 ], [ -48.6591852, -20.924572 ], [ -48.659207, -20.9246268 ], [ -48.6592404, -20.9246864 ], [ -48.6592763, -20.924736 ], [ -48.659304, -20.9247706 ], [ -48.6593886, -20.9248651 ], [ -48.6594526, -20.9249308 ], [ -48.6595271, -20.9249994 ], [ -48.6596252, -20.9250807 ], [ -48.6597219, -20.9251447 ], [ -48.6597847, -20.9251768 ], [ -48.6598583, -20.9252065 ], [ -48.6599998, -20.9252573 ], [ -48.6601141, -20.9253039 ], [ -48.6601787, -20.9253321 ], [ -48.6602821, -20.9253813 ], [ -48.6603348, -20.9254145 ], [ -48.660378, -20.925447 ], [ -48.6604037, -20.9254734 ], [ -48.6604335, -20.9255073 ], [ -48.6604608, -20.9255421 ], [ -48.6605167, -20.9256202 ], [ -48.6605357, -20.9256491 ], [ -48.6605751, -20.9257154 ], [ -48.6605957, -20.9257527 ], [ -48.6606299, -20.925821 ], [ -48.6606882, -20.9259432 ], [ -48.6607081, -20.9259897 ], [ -48.6607295, -20.9260448 ], [ -48.6607511, -20.9261087 ], [ -48.6607786, -20.9262064 ], [ -48.6608155, -20.9263726 ], [ -48.6608319, -20.9264835 ], [ -48.6608391, -20.9265168 ], [ -48.6608395, -20.9265217 ] ] ] } },
{ "type": "Feature", "properties": { "comp_m": 557.75 }, "geometry": { "type": "MultiLineString", "coordinates": [ [ [ -48.6586573, -20.922336 ], [ -48.6586927, -20.9223633 ], [ -48.6587348, -20.9224035 ], [ -48.6587735, -20.9224467 ], [ -48.6588332, -20.9225198 ], [ -48.6588364, -20.9225241 ], [ -48.6588713, -20.9225742 ], [ -48.6588927, -20.9226022 ], [ -48.658969, -20.9227268 ], [ -48.6590109, -20.9228012 ], [ -48.6590342, -20.9228465 ], [ -48.6590517, -20.9228759 ], [ -48.6591353, -20.9230338 ], [ -48.6591912, -20.923157 ], [ -48.6592071, -20.9231961 ], [ -48.6592377, -20.9232837 ], [ -48.659262, -20.9233647 ], [ -48.6592666, -20.9233899 ], [ -48.6592735, -20.9234324 ], [ -48.659281, -20.9235016 ], [ -48.6592835, -20.9235637 ], [ -48.6592833, -20.9236174 ], [ -48.6592874, -20.9236969 ], [ -48.6592854, -20.9237508 ], [ -48.6592805, -20.9237853 ], [ -48.6592732, -20.9238188 ], [ -48.6592128, -20.9239948 ], [ -48.6591962, -20.9240518 ], [ -48.659189, -20.9240853 ], [ -48.6591837, -20.9241196 ], [ -48.6591751, -20.9241982 ], [ -48.6591635, -20.9243393 ], [ -48.6591556, -20.924409 ], [ -48.6591553, -20.9244721 ], [ -48.6591626, -20.9245324 ], [ -48.6591789, -20.9245894 ], [ -48.6591938, -20.9246288 ], [ -48.6592047, -20.9246517 ], [ -48.6592303, -20.9246962 ], [ -48.6592608, -20.9247389 ], [ -48.65933, -20.9248211 ], [ -48.6593983, -20.9248943 ], [ -48.6594509, -20.9249467 ], [ -48.6595181, -20.9250097 ], [ -48.6595671, -20.9250508 ], [ -48.6596316, -20.9251005 ], [ -48.6597134, -20.9251546 ], [ -48.65976, -20.9251799 ], [ -48.6597839, -20.9251913 ], [ -48.6598328, -20.9252115 ], [ -48.659999, -20.9252719 ], [ -48.6600809, -20.9253047 ], [ -48.6601862, -20.9253501 ], [ -48.6602738, -20.9253915 ], [ -48.6603193, -20.9254192 ], [ -48.6603556, -20.9254458 ], [ -48.660401, -20.9254913 ], [ -48.6604573, -20.9255603 ], [ -48.6605026, -20.9256245 ], [ -48.6605395, -20.9256827 ], [ -48.6605514, -20.9257053 ], [ -48.6605652, -20.9257271 ], [ -48.6606122, -20.9258177 ], [ -48.6606739, -20.9259477 ], [ -48.6607007, -20.9260097 ], [ -48.6607347, -20.926105 ], [ -48.6607628, -20.9262026 ], [ -48.6607784, -20.9262688 ], [ -48.6608029, -20.9263857 ], [ -48.6608165, -20.9264887 ], [ -48.6608203, -20.9265053 ], [ -48.6608213, -20.9265077 ] ] ] } },
{ "type": "Feature", "properties": { "comp_m": 55.92 }, "geometry": { "type": "MultiLineString", "coordinates": [ [ [ -48.6604181, -20.9240871 ], [ -48.6607842, -20.9243525 ], [ -48.6608448, -20.9243941 ] ] ] } },
{ "type": "Feature", "properties": { "comp_m": 55.52 }, "geometry": { "type": "MultiLineString", "coordinates": [ [ [ -48.6604121, -20.9240998 ], [ -48.6607606, -20.9243527 ], [ -48.6608357, -20.9244046 ] ] ] } },
{ "type": "Feature", "properties": { "comp_m": 554.3 }, "geometry": { "type": "MultiLineString", "coordinates": [ [ [ -48.6586506, -20.9223443 ], [ -48.6586685, -20.9223616 ], [ -48.6587031, -20.9223912 ], [ -48.6587223, -20.9224107 ], [ -48.6587774, -20.9224712 ], [ -48.6588157, -20.9225199 ], [ -48.6588223, -20.9225259 ], [ -48.658883, -20.9226112 ], [ -48.6589541, -20.9227286 ], [ -48.6590418, -20.9228849 ], [ -48.6590726, -20.9229454 ], [ -48.6591133, -20.9230202 ], [ -48.659161, -20.9231194 ], [ -48.6591955, -20.9232055 ], [ -48.6592256, -20.9232933 ], [ -48.6592477, -20.9233661 ], [ -48.6592584, -20.9234161 ], [ -48.6592678, -20.9235116 ], [ -48.6592694, -20.923565 ], [ -48.6592683, -20.9236096 ], [ -48.6592727, -20.9236709 ], [ -48.6592736, -20.9237066 ], [ -48.6592713, -20.9237512 ], [ -48.6592661, -20.9237855 ], [ -48.6592586, -20.9238189 ], [ -48.6592303, -20.9238985 ], [ -48.659204, -20.923979 ], [ -48.6591892, -20.9240277 ], [ -48.6591749, -20.9240856 ], [ -48.6591707, -20.9241112 ], [ -48.6591633, -20.9241811 ], [ -48.6591523, -20.9242951 ], [ -48.6591494, -20.9243394 ], [ -48.6591429, -20.9243824 ], [ -48.6591407, -20.924427 ], [ -48.6591405, -20.9244721 ], [ -48.6591429, -20.9244982 ], [ -48.6591484, -20.9245322 ], [ -48.6591644, -20.9245892 ], [ -48.6591788, -20.9246288 ], [ -48.659193, -20.9246595 ], [ -48.659205, -20.924682 ], [ -48.6592278, -20.9247185 ], [ -48.6592541, -20.9247537 ], [ -48.6593066, -20.9248151 ], [ -48.6594066, -20.9249218 ], [ -48.6594656, -20.9249799 ], [ -48.6595482, -20.9250535 ], [ -48.6596348, -20.9251182 ], [ -48.6597092, -20.9251674 ], [ -48.6597399, -20.9251849 ], [ -48.6597716, -20.9252005 ], [ -48.6598368, -20.9252274 ], [ -48.6599367, -20.9252632 ], [ -48.6600688, -20.9253133 ], [ -48.6601741, -20.9253585 ], [ -48.6602694, -20.9254042 ], [ -48.6602999, -20.9254224 ], [ -48.6603291, -20.9254432 ], [ -48.6603641, -20.9254725 ], [ -48.6603903, -20.9254987 ], [ -48.6604249, -20.9255398 ], [ -48.6604863, -20.9256249 ], [ -48.6605239, -20.9256828 ], [ -48.6605499, -20.9257272 ], [ -48.6605895, -20.9258024 ], [ -48.6606156, -20.9258557 ], [ -48.6606818, -20.9260019 ], [ -48.6607167, -20.9260969 ], [ -48.6607296, -20.9261371 ], [ -48.6607477, -20.9262023 ], [ -48.6607635, -20.9262684 ], [ -48.6607884, -20.9263852 ], [ -48.6607969, -20.926445 ], [ -48.6607993, -20.9264887 ] ] ] } },
{ "type": "Feature", "properties": { "comp_m": 551.92 }, "geometry": { "type": "MultiLineString", "coordinates": [ [ [ -48.6586407, -20.9223564 ], [ -48.6586773, -20.9223869 ], [ -48.6587195, -20.922428 ], [ -48.6587649, -20.9224789 ], [ -48.6588122, -20.9225378 ], [ -48.6588128, -20.9225385 ], [ -48.6588639, -20.9226094 ], [ -48.6589015, -20.9226673 ], [ -48.6589236, -20.922704 ], [ -48.6589996, -20.9228375 ], [ -48.6591033, -20.9230326 ], [ -48.6591439, -20.9231163 ], [ -48.6591727, -20.9231865 ], [ -48.6592089, -20.9232899 ], [ -48.6592266, -20.9233463 ], [ -48.6592445, -20.9234205 ], [ -48.6592532, -20.9235162 ], [ -48.6592532, -20.9236061 ], [ -48.6592594, -20.9237027 ], [ -48.6592567, -20.9237561 ], [ -48.6592447, -20.923815 ], [ -48.659183, -20.9239993 ], [ -48.6591649, -20.9240648 ], [ -48.6591537, -20.924133 ], [ -48.6591269, -20.9244044 ], [ -48.6591257, -20.9244494 ], [ -48.6591267, -20.924485 ], [ -48.6591324, -20.9245278 ], [ -48.6591402, -20.9245609 ], [ -48.6591502, -20.9245931 ], [ -48.6591615, -20.9246249 ], [ -48.6591788, -20.9246634 ], [ -48.659204, -20.9247079 ], [ -48.6592392, -20.9247577 ], [ -48.6593031, -20.9248328 ], [ -48.659396, -20.9249325 ], [ -48.659483, -20.9250152 ], [ -48.6595316, -20.9250572 ], [ -48.6595671, -20.9250854 ], [ -48.6596396, -20.9251384 ], [ -48.6596842, -20.9251678 ], [ -48.65973, -20.9251947 ], [ -48.6597854, -20.9252216 ], [ -48.659818, -20.9252351 ], [ -48.6599096, -20.9252676 ], [ -48.6600501, -20.9253204 ], [ -48.6601475, -20.9253614 ], [ -48.660243, -20.9254067 ], [ -48.6602666, -20.9254186 ], [ -48.6603037, -20.9254425 ], [ -48.6603464, -20.925476 ], [ -48.66038, -20.9255078 ], [ -48.6604084, -20.9255421 ], [ -48.6604653, -20.9256198 ], [ -48.6605042, -20.9256772 ], [ -48.660535, -20.9257287 ], [ -48.6605673, -20.9257886 ], [ -48.6605977, -20.9258492 ], [ -48.6606666, -20.9260033 ], [ -48.6607098, -20.9261221 ], [ -48.6607331, -20.9262033 ], [ -48.6607472, -20.926261 ], [ -48.6607734, -20.9263861 ], [ -48.6607864, -20.9264801 ] ] ] } },
{ "type": "Feature", "properties": { "comp_m": 52.65 }, "geometry": { "type": "MultiLineString", "coordinates": [ [ [ -48.6604044, -20.9241135 ], [ -48.6604425, -20.9241385 ], [ -48.6607322, -20.924349 ], [ -48.6607846, -20.9243859 ], [ -48.6608077, -20.9244004 ] ] ] } },
{ "type": "Feature", "properties": { "comp_m": 549.09 }, "geometry": { "type": "MultiLineString", "coordinates": [ [ [ -48.6586323, -20.9223666 ], [ -48.6586765, -20.9224049 ], [ -48.6587172, -20.9224463 ], [ -48.6587606, -20.9224969 ], [ -48.6588119, -20.922563 ], [ -48.6588124, -20.9225636 ], [ -48.6588537, -20.9226201 ], [ -48.6588866, -20.9226708 ], [ -48.6589221, -20.9227295 ], [ -48.6590168, -20.922901 ], [ -48.6590556, -20.9229765 ], [ -48.6590803, -20.9230212 ], [ -48.6591218, -20.9231047 ], [ -48.6591458, -20.9231587 ], [ -48.6591838, -20.9232614 ], [ -48.6592147, -20.9233578 ], [ -48.6592282, -20.9234157 ], [ -48.6592349, -20.9234672 ], [ -48.6592381, -20.923511 ], [ -48.6592376, -20.9236011 ], [ -48.6592448, -20.9237153 ], [ -48.6592424, -20.9237599 ], [ -48.6592292, -20.9238183 ], [ -48.6591901, -20.9239299 ], [ -48.6591647, -20.9240106 ], [ -48.6591482, -20.9240768 ], [ -48.6591384, -20.9241365 ], [ -48.6591124, -20.9243991 ], [ -48.6591114, -20.924462 ], [ -48.6591126, -20.9244886 ], [ -48.659118, -20.9245315 ], [ -48.6591275, -20.924573 ], [ -48.6591406, -20.924613 ], [ -48.6591465, -20.9246288 ], [ -48.6591721, -20.9246823 ], [ -48.6591892, -20.9247119 ], [ -48.6592294, -20.9247688 ], [ -48.6592992, -20.9248507 ], [ -48.6593608, -20.9249173 ], [ -48.6594199, -20.924976 ], [ -48.6594873, -20.9250381 ], [ -48.6595293, -20.9250733 ], [ -48.6596083, -20.9251335 ], [ -48.6596599, -20.9251687 ], [ -48.65969, -20.9251876 ], [ -48.6597681, -20.9252286 ], [ -48.659825, -20.9252523 ], [ -48.6599746, -20.9253064 ], [ -48.6600488, -20.9253346 ], [ -48.6601461, -20.925376 ], [ -48.6602333, -20.9254182 ], [ -48.6602722, -20.925439 ], [ -48.6603162, -20.9254698 ], [ -48.6603441, -20.9254934 ], [ -48.6603822, -20.9255332 ], [ -48.660461, -20.9256387 ], [ -48.6605127, -20.9257183 ], [ -48.660557, -20.9258008 ], [ -48.6606011, -20.9258922 ], [ -48.660636, -20.9259692 ], [ -48.6606706, -20.9260552 ], [ -48.6606984, -20.9261348 ], [ -48.6607212, -20.9262162 ], [ -48.6607607, -20.9263993 ], [ -48.6607694, -20.9264677 ] ] ] } },
{ "type": "Feature", "properties": { "comp_m": 546.24 }, "geometry": { "type": "MultiLineString", "coordinates": [ [ [ -48.6586261, -20.9223784 ], [ -48.6586676, -20.9224143 ], [ -48.6586868, -20.9224342 ], [ -48.6587173, -20.9224678 ], [ -48.6587575, -20.9225158 ], [ -48.6588377, -20.9226208 ], [ -48.6588976, -20.9227155 ], [ -48.6590052, -20.9229093 ], [ -48.6590834, -20.9230601 ], [ -48.6591201, -20.9231364 ], [ -48.6591427, -20.923191 ], [ -48.6591723, -20.9232699 ], [ -48.6591998, -20.9233586 ], [ -48.6592078, -20.9233917 ], [ -48.6592147, -20.9234251 ], [ -48.6592216, -20.9234855 ], [ -48.6592238, -20.9236197 ], [ -48.6592313, -20.9237069 ], [ -48.6592279, -20.9237601 ], [ -48.6592213, -20.9237939 ], [ -48.6592147, -20.9238185 ], [ -48.6591798, -20.9239137 ], [ -48.6591566, -20.9239863 ], [ -48.6591451, -20.9240272 ], [ -48.6591355, -20.9240688 ], [ -48.6591208, -20.9241631 ], [ -48.6591086, -20.9242948 ], [ -48.6590979, -20.9243906 ], [ -48.6590965, -20.9244537 ], [ -48.6590979, -20.9244892 ], [ -48.6591008, -20.9245151 ], [ -48.6591086, -20.9245572 ], [ -48.6591283, -20.9246218 ], [ -48.6591345, -20.9246375 ], [ -48.6591566, -20.9246833 ], [ -48.6591778, -20.9247204 ], [ -48.6592074, -20.9247633 ], [ -48.6592237, -20.9247843 ], [ -48.6592887, -20.924859 ], [ -48.6593698, -20.9249457 ], [ -48.6594418, -20.9250161 ], [ -48.6594763, -20.9250465 ], [ -48.6595321, -20.9250939 ], [ -48.6595894, -20.9251381 ], [ -48.6596864, -20.9252014 ], [ -48.6597647, -20.925242 ], [ -48.6597887, -20.925253 ], [ -48.6598463, -20.9252754 ], [ -48.6599463, -20.9253109 ], [ -48.6600373, -20.9253451 ], [ -48.6601426, -20.9253903 ], [ -48.6602455, -20.9254406 ], [ -48.6602762, -20.9254581 ], [ -48.6603056, -20.9254785 ], [ -48.6603334, -20.9255025 ], [ -48.660365, -20.9255357 ], [ -48.6603935, -20.9255701 ], [ -48.6604453, -20.9256407 ], [ -48.660501, -20.9257279 ], [ -48.6605417, -20.9258028 ], [ -48.6605684, -20.9258558 ], [ -48.6606211, -20.9259711 ], [ -48.6606498, -20.9260414 ], [ -48.6606891, -20.9261527 ], [ -48.6607108, -20.9262346 ], [ -48.6607275, -20.9263094 ], [ -48.6607432, -20.9263845 ], [ -48.6607534, -20.9264527 ], [ -48.6607536, -20.9264524 ], [ -48.660754, -20.926456 ] ] ] } },
{ "type": "Feature", "properties": { "comp_m": 48.0 }, "geometry": { "type": "MultiLineString", "coordinates": [ [ [ -48.6604039, -20.9241297 ], [ -48.6604271, -20.9241444 ], [ -48.660673, -20.9243241 ], [ -48.6607707, -20.9243925 ] ] ] } },
{ "type": "Feature", "properties": { "comp_m": 541.82 }, "geometry": { "type": "MultiLineString", "coordinates": [ [ [ -48.6586152, -20.9223877 ], [ -48.6586477, -20.9224162 ], [ -48.6586942, -20.9224642 ], [ -48.6587433, -20.9225215 ], [ -48.6588122, -20.922609 ], [ -48.6588116, -20.9226097 ], [ -48.658837, -20.9226452 ], [ -48.658878, -20.9227108 ], [ -48.6589498, -20.9228369 ], [ -48.6589985, -20.9229267 ], [ -48.6590947, -20.9231156 ], [ -48.6591188, -20.9231696 ], [ -48.6591555, -20.9232638 ], [ -48.6591854, -20.9233605 ], [ -48.6591971, -20.9234101 ], [ -48.6592015, -20.9234355 ], [ -48.6592067, -20.9234785 ], [ -48.6592085, -20.9235948 ], [ -48.6592173, -20.9236994 ], [ -48.6592176, -20.9237173 ], [ -48.6592152, -20.9237437 ], [ -48.6592094, -20.9237777 ], [ -48.6592031, -20.9238025 ], [ -48.6591437, -20.9239787 ], [ -48.6591225, -20.9240611 ], [ -48.6591123, -20.9241207 ], [ -48.6591048, -20.9241814 ], [ -48.6590945, -20.9242955 ], [ -48.659086, -20.9243649 ], [ -48.6590831, -20.9244001 ], [ -48.659082, -20.9244721 ], [ -48.6590829, -20.9244898 ], [ -48.659089, -20.9245325 ], [ -48.659096, -20.9245658 ], [ -48.6591055, -20.9245983 ], [ -48.6591167, -20.92463 ], [ -48.6591336, -20.9246687 ], [ -48.6591614, -20.9247213 ], [ -48.6592017, -20.9247782 ], [ -48.6592418, -20.9248262 ], [ -48.6593015, -20.9248938 ], [ -48.6593844, -20.9249795 ], [ -48.6594176, -20.9250115 ], [ -48.6595068, -20.9250916 ], [ -48.6595779, -20.9251475 ], [ -48.6596599, -20.9252011 ], [ -48.6596903, -20.9252193 ], [ -48.659761, -20.9252552 ], [ -48.6598427, -20.9252883 ], [ -48.6599261, -20.9253178 ], [ -48.6600334, -20.9253585 ], [ -48.6601464, -20.9254077 ], [ -48.66021, -20.925438 ], [ -48.6602493, -20.925458 ], [ -48.6602942, -20.9254868 ], [ -48.6603221, -20.9255103 ], [ -48.6603412, -20.9255297 ], [ -48.6603928, -20.9255914 ], [ -48.6604481, -20.9256697 ], [ -48.6604844, -20.9257281 ], [ -48.6605377, -20.9258251 ], [ -48.6605602, -20.9258707 ], [ -48.6606091, -20.9259784 ], [ -48.6606253, -20.9260173 ], [ -48.6606572, -20.9261043 ], [ -48.660674, -20.926152 ], [ -48.6606933, -20.9262167 ], [ -48.6607257, -20.9263665 ], [ -48.6607298, -20.926392 ], [ -48.6607315, -20.9264183 ], [ -48.6607339, -20.9264264 ] ] ] } },
{ "type": "Feature", "properties": { "comp_m": 540.28 }, "geometry": { "type": "MultiLineString", "coordinates": [ [ [ -48.6586071, -20.9223975 ], [ -48.6586645, -20.922453 ], [ -48.6586831, -20.922473 ], [ -48.6587303, -20.9225273 ], [ -48.6587802, -20.9225896 ], [ -48.6588212, -20.9226463 ], [ -48.6588796, -20.9227414 ], [ -48.6589079, -20.9227938 ], [ -48.6589635, -20.92289 ], [ -48.6590903, -20.9231394 ], [ -48.6591396, -20.9232649 ], [ -48.6591704, -20.9233613 ], [ -48.6591825, -20.9234107 ], [ -48.659192, -20.9234791 ], [ -48.6591944, -20.9235951 ], [ -48.659203, -20.9237088 ], [ -48.6592003, -20.9237441 ], [ -48.6591947, -20.9237782 ], [ -48.659188, -20.9238028 ], [ -48.6591265, -20.9239872 ], [ -48.6591174, -20.92402 ], [ -48.659106, -20.92407 ], [ -48.6590974, -20.9241211 ], [ -48.659087, -20.924217 ], [ -48.6590812, -20.9242875 ], [ -48.6590696, -20.924392 ], [ -48.6590674, -20.9244366 ], [ -48.6590682, -20.9244813 ], [ -48.6590717, -20.924516 ], [ -48.6590852, -20.9245829 ], [ -48.6591048, -20.9246385 ], [ -48.6591375, -20.9247072 ], [ -48.6591549, -20.9247367 ], [ -48.6591695, -20.9247582 ], [ -48.65923, -20.9248346 ], [ -48.6593333, -20.9249489 ], [ -48.6593926, -20.9250075 ], [ -48.659488, -20.9250937 ], [ -48.6595448, -20.925139 ], [ -48.6596029, -20.9251811 ], [ -48.6596475, -20.9252105 ], [ -48.659678, -20.9252286 ], [ -48.6597327, -20.9252571 ], [ -48.6597728, -20.9252753 ], [ -48.6598385, -20.925301 ], [ -48.6599881, -20.9253551 ], [ -48.6600371, -20.9253748 ], [ -48.6601419, -20.925421 ], [ -48.6602134, -20.9254551 ], [ -48.6602522, -20.9254761 ], [ -48.6602898, -20.9254997 ], [ -48.6603174, -20.9255239 ], [ -48.6603427, -20.9255496 ], [ -48.6603713, -20.9255839 ], [ -48.6604315, -20.9256693 ], [ -48.6604507, -20.9256982 ], [ -48.6604764, -20.9257425 ], [ -48.660513, -20.9258098 ], [ -48.6605393, -20.9258629 ], [ -48.6605759, -20.9259392 ], [ -48.6606067, -20.9260086 ], [ -48.6606365, -20.9260874 ], [ -48.6606585, -20.9261512 ], [ -48.6606824, -20.9262322 ], [ -48.6607129, -20.9263827 ], [ -48.6607158, -20.9264175 ], [ -48.6607147, -20.9264257 ] ] ] } },
{ "type": "Feature", "properties": { "comp_m": 42.74 }, "geometry": { "type": "MultiLineString", "coordinates": [ [ [ -48.6604071, -20.9241652 ], [ -48.6604451, -20.9241902 ], [ -48.6605802, -20.9242874 ], [ -48.6606315, -20.9243276 ], [ -48.6606624, -20.924348 ], [ -48.660669, -20.9243538 ] ] ] } },
{ "type": "Feature", "properties": { "comp_m": 537.84 }, "geometry": { "type": "MultiLineString", "coordinates": [ [ [ -48.6585983, -20.9224083 ], [ -48.658652, -20.9224595 ], [ -48.6587032, -20.9225156 ], [ -48.6587565, -20.922581 ], [ -48.6588114, -20.922655 ], [ -48.6588109, -20.9226558 ], [ -48.6588301, -20.9226846 ], [ -48.6588735, -20.9227585 ], [ -48.6589481, -20.9228927 ], [ -48.6590755, -20.9231421 ], [ -48.6591104, -20.9232281 ], [ -48.6591385, -20.9233076 ], [ -48.6591558, -20.9233642 ], [ -48.6591679, -20.9234137 ], [ -48.6591737, -20.9234475 ], [ -48.6591773, -20.9234822 ], [ -48.659181, -20.9236158 ], [ -48.6591866, -20.9236947 ], [ -48.6591867, -20.9237217 ], [ -48.6591847, -20.9237482 ], [ -48.6591771, -20.9237907 ], [ -48.6591595, -20.9238473 ], [ -48.6591385, -20.9239026 ], [ -48.6591126, -20.9239832 ], [ -48.6590917, -20.9240659 ], [ -48.6590817, -20.9241256 ], [ -48.6590549, -20.9243972 ], [ -48.6590534, -20.9244603 ], [ -48.6590545, -20.9244869 ], [ -48.6590578, -20.9245217 ], [ -48.659062, -20.9245471 ], [ -48.6590763, -20.9246048 ], [ -48.6590882, -20.9246364 ], [ -48.6591125, -20.9246903 ], [ -48.6591418, -20.9247424 ], [ -48.6591665, -20.9247782 ], [ -48.6592227, -20.9248472 ], [ -48.6593257, -20.9249618 ], [ -48.6593789, -20.9250138 ], [ -48.6594469, -20.9250763 ], [ -48.6594883, -20.925112 ], [ -48.6595963, -20.9251938 ], [ -48.6596715, -20.9252411 ], [ -48.6597342, -20.9252736 ], [ -48.6598323, -20.9253134 ], [ -48.6599985, -20.9253737 ], [ -48.6601762, -20.9254513 ], [ -48.6602234, -20.9254752 ], [ -48.6602694, -20.9255018 ], [ -48.6602911, -20.9255177 ], [ -48.660326, -20.9255475 ], [ -48.6603535, -20.9255817 ], [ -48.6604282, -20.9256889 ], [ -48.6604647, -20.9257472 ], [ -48.6605592, -20.925937 ], [ -48.6605834, -20.925991 ], [ -48.6606116, -20.9260615 ], [ -48.6606342, -20.926125 ], [ -48.6606644, -20.9262218 ], [ -48.6606943, -20.9263636 ], [ -48.6607009, -20.9264151 ] ] ] } },
{ "type": "Feature", "properties": { "comp_m": 535.14 }, "geometry": { "type": "MultiLineString", "coordinates": [ [ [ -48.6585902, -20.9224182 ], [ -48.6586169, -20.9224433 ], [ -48.6586676, -20.9224961 ], [ -48.6587536, -20.9225991 ], [ -48.6588094, -20.9226773 ], [ -48.6588371, -20.922721 ], [ -48.6588585, -20.922758 ], [ -48.658882, -20.9228032 ], [ -48.6589162, -20.9228625 ], [ -48.6589882, -20.9229977 ], [ -48.6590741, -20.9231727 ], [ -48.6590907, -20.9232115 ], [ -48.6591244, -20.923307 ], [ -48.6591437, -20.9233718 ], [ -48.6591539, -20.923413 ], [ -48.6591611, -20.9234554 ], [ -48.6591641, -20.9234902 ], [ -48.6591652, -20.9235888 ], [ -48.659172, -20.9236944 ], [ -48.6591721, -20.9237213 ], [ -48.6591689, -20.9237565 ], [ -48.6591662, -20.9237736 ], [ -48.6591598, -20.9237984 ], [ -48.6591474, -20.9238389 ], [ -48.6591104, -20.9239424 ], [ -48.6590955, -20.9239911 ], [ -48.6590791, -20.9240573 ], [ -48.6590678, -20.9241256 ], [ -48.6590455, -20.9243353 ], [ -48.6590408, -20.9243972 ], [ -48.6590401, -20.9244781 ], [ -48.6590427, -20.9245131 ], [ -48.659049, -20.9245558 ], [ -48.6590638, -20.9246133 ], [ -48.659079, -20.9246526 ], [ -48.6591005, -20.9246986 ], [ -48.6591305, -20.9247504 ], [ -48.6591767, -20.9248142 ], [ -48.6592898, -20.9249431 ], [ -48.6593464, -20.9250027 ], [ -48.6594072, -20.9250599 ], [ -48.6594626, -20.9251082 ], [ -48.6595334, -20.9251652 ], [ -48.6595844, -20.9252021 ], [ -48.6596218, -20.9252264 ], [ -48.6596751, -20.9252582 ], [ -48.6597541, -20.9252972 ], [ -48.6598363, -20.9253294 ], [ -48.6599861, -20.9253835 ], [ -48.6600432, -20.9254069 ], [ -48.6601883, -20.9254712 ], [ -48.6602195, -20.9254877 ], [ -48.6602646, -20.9255161 ], [ -48.6603133, -20.9255579 ], [ -48.660336, -20.9255854 ], [ -48.6603828, -20.925649 ], [ -48.6604273, -20.9257134 ], [ -48.6604494, -20.9257502 ], [ -48.6605108, -20.9258713 ], [ -48.6605512, -20.9259553 ], [ -48.6605786, -20.9260171 ], [ -48.6606004, -20.926072 ], [ -48.660617, -20.9261198 ], [ -48.6606472, -20.9262165 ], [ -48.6606763, -20.9263497 ], [ -48.6606861, -20.9264037 ] ] ] } },
{ "type": "Feature", "properties": { "comp_m": 40.35 }, "geometry": { "type": "MultiLineString", "coordinates": [ [ [ -48.6604068, -20.9241474 ], [ -48.6605572, -20.9242548 ], [ -48.6606689, -20.9243378 ], [ -48.6607143, -20.9243693 ] ] ] } },
{ "type": "Feature", "properties": { "comp_m": 531.92 }, "geometry": { "type": "MultiLineString", "coordinates": [ [ [ -48.6585818, -20.9224285 ], [ -48.6585818, -20.9224286 ], [ -48.6586544, -20.9225033 ], [ -48.6587366, -20.9226027 ], [ -48.6587803, -20.9226608 ], [ -48.6588094, -20.9227057 ], [ -48.6588101, -20.9227064 ], [ -48.6588418, -20.9227575 ], [ -48.6589764, -20.9230042 ], [ -48.6590364, -20.9231257 ], [ -48.6590613, -20.9231794 ], [ -48.659087, -20.9232418 ], [ -48.6591117, -20.9233136 ], [ -48.6591381, -20.9234027 ], [ -48.6591469, -20.9234534 ], [ -48.6591502, -20.9235151 ], [ -48.6591517, -20.9236135 ], [ -48.659157, -20.9236835 ], [ -48.6591561, -20.9237283 ], [ -48.659152, -20.9237631 ], [ -48.6591485, -20.9237799 ], [ -48.6591344, -20.9238288 ], [ -48.659091, -20.9239569 ], [ -48.6590654, -20.9240558 ], [ -48.6590551, -20.9241154 ], [ -48.6590467, -20.9241849 ], [ -48.6590416, -20.9242465 ], [ -48.6590302, -20.9243421 ], [ -48.6590269, -20.9243863 ], [ -48.6590256, -20.9244669 ], [ -48.6590277, -20.9245021 ], [ -48.6590332, -20.9245451 ], [ -48.6590399, -20.9245786 ], [ -48.6590483, -20.9246114 ], [ -48.6590631, -20.9246509 ], [ -48.6590799, -20.9246896 ], [ -48.6590998, -20.9247272 ], [ -48.6591177, -20.9247565 ], [ -48.6591529, -20.9248063 ], [ -48.6591873, -20.9248475 ], [ -48.6592306, -20.9248942 ], [ -48.6592527, -20.9249217 ], [ -48.6592894, -20.9249617 ], [ -48.6593328, -20.9250085 ], [ -48.6593921, -20.9250661 ], [ -48.6594406, -20.9251083 ], [ -48.6595399, -20.9251877 ], [ -48.6595915, -20.925223 ], [ -48.6596366, -20.9252514 ], [ -48.6596906, -20.9252816 ], [ -48.6597382, -20.9253047 ], [ -48.6597624, -20.9253153 ], [ -48.6598448, -20.925347 ], [ -48.6599284, -20.9253759 ], [ -48.6600188, -20.9254112 ], [ -48.660164, -20.9254749 ], [ -48.6601958, -20.9254902 ], [ -48.660219, -20.9255029 ], [ -48.6602563, -20.9255272 ], [ -48.6602707, -20.9255382 ], [ -48.6603033, -20.9255703 ], [ -48.6603477, -20.9256257 ], [ -48.6603886, -20.9256824 ], [ -48.6604267, -20.9257402 ], [ -48.6604821, -20.9258454 ], [ -48.6605482, -20.9259827 ], [ -48.6605683, -20.9260292 ], [ -48.6605925, -20.9260922 ], [ -48.6606338, -20.9262207 ], [ -48.6606495, -20.9262868 ], [ -48.6606605, -20.9263457 ], [ -48.6606663, -20.9263885 ] ] ] } },
{ "type": "Feature", "properties": { "comp_m": 529.23 }, "geometry": { "type": "MultiLineString", "coordinates": [ [ [ -48.658572, -20.9224405 ], [ -48.658573, -20.9224418 ], [ -48.658613, -20.9224805 ], [ -48.6586381, -20.9225071 ], [ -48.6587019, -20.9225824 ], [ -48.6587718, -20.9226733 ], [ -48.6588221, -20.9227535 ], [ -48.6589411, -20.9229701 ], [ -48.6589917, -20.9230682 ], [ -48.6590328, -20.9231519 ], [ -48.6590504, -20.9231903 ], [ -48.6590727, -20.923245 ], [ -48.6591028, -20.9233328 ], [ -48.659122, -20.9233976 ], [ -48.6591327, -20.9234566 ], [ -48.6591353, -20.9235007 ], [ -48.6591365, -20.9235902 ], [ -48.6591432, -20.9236957 ], [ -48.659141, -20.9237313 ], [ -48.6591327, -20.9237826 ], [ -48.6591231, -20.9238151 ], [ -48.65908, -20.9239434 ], [ -48.6590574, -20.9240253 ], [ -48.6590447, -20.9240839 ], [ -48.6590361, -20.9241442 ], [ -48.6590271, -20.9242408 ], [ -48.6590162, -20.9243366 ], [ -48.6590113, -20.9244166 ], [ -48.6590106, -20.9244619 ], [ -48.6590127, -20.9244971 ], [ -48.6590163, -20.9245317 ], [ -48.659024, -20.9245739 ], [ -48.6590323, -20.9246068 ], [ -48.6590403, -20.9246308 ], [ -48.6590618, -20.9246857 ], [ -48.6590692, -20.924701 ], [ -48.6591029, -20.9247604 ], [ -48.6591376, -20.9248105 ], [ -48.6591839, -20.9248652 ], [ -48.6593044, -20.9249997 ], [ -48.6593635, -20.925058 ], [ -48.6594111, -20.925101 ], [ -48.6594388, -20.9251251 ], [ -48.6595237, -20.9251936 ], [ -48.6595826, -20.9252344 ], [ -48.6596277, -20.9252627 ], [ -48.6596506, -20.9252763 ], [ -48.6597053, -20.925305 ], [ -48.6597616, -20.9253302 ], [ -48.6598358, -20.9253585 ], [ -48.6599278, -20.9253905 ], [ -48.6600101, -20.9254224 ], [ -48.6601712, -20.9254939 ], [ -48.660218, -20.9255188 ], [ -48.660248, -20.9255379 ], [ -48.6602692, -20.925555 ], [ -48.6602882, -20.9255746 ], [ -48.660338, -20.9256371 ], [ -48.6603743, -20.9256865 ], [ -48.6604169, -20.9257516 ], [ -48.6604724, -20.9258569 ], [ -48.6605276, -20.9259713 ], [ -48.6605675, -20.9260644 ], [ -48.6605902, -20.9261279 ], [ -48.6606129, -20.9262005 ], [ -48.6606359, -20.9262909 ], [ -48.660645, -20.9263415 ], [ -48.660648, -20.9263674 ], [ -48.6606509, -20.9263766 ] ] ] } },
{ "type": "Feature", "properties": { "comp_m": 34.06 }, "geometry": { "type": "MultiLineString", "coordinates": [ [ [ -48.6604183, -20.9241906 ], [ -48.66045, -20.9242107 ], [ -48.6604887, -20.9242379 ], [ -48.6606359, -20.924348 ] ] ] } },
{ "type": "Feature", "properties": { "comp_m": 526.32 }, "geometry": { "type": "MultiLineString", "coordinates": [ [ [ -48.6585627, -20.9224519 ], [ -48.6585859, -20.9224735 ], [ -48.6586187, -20.9225071 ], [ -48.6586556, -20.9225488 ], [ -48.6586906, -20.9225914 ], [ -48.6587301, -20.9226416 ], [ -48.6587621, -20.9226853 ], [ -48.6587868, -20.9227224 ], [ -48.6588091, -20.9227604 ], [ -48.6588093, -20.9227608 ], [ -48.6589209, -20.9229622 ], [ -48.6589594, -20.9230378 ], [ -48.6589879, -20.9230902 ], [ -48.6590383, -20.9231974 ], [ -48.6590542, -20.9232364 ], [ -48.6590741, -20.923292 ], [ -48.6591003, -20.9233722 ], [ -48.6591094, -20.9234048 ], [ -48.6591178, -20.9234557 ], [ -48.6591212, -20.9234994 ], [ -48.6591215, -20.9235803 ], [ -48.6591287, -20.9236766 ], [ -48.6591294, -20.9237124 ], [ -48.6591268, -20.9237387 ], [ -48.6591183, -20.9237808 ], [ -48.6590632, -20.9239497 ], [ -48.659047, -20.9240069 ], [ -48.6590348, -20.9240566 ], [ -48.6590227, -20.9241337 ], [ -48.6589978, -20.9243878 ], [ -48.6589963, -20.9244778 ], [ -48.6589993, -20.9245127 ], [ -48.6590069, -20.9245639 ], [ -48.6590148, -20.9245969 ], [ -48.659025, -20.9246291 ], [ -48.6590425, -20.9246766 ], [ -48.6590602, -20.924715 ], [ -48.6590948, -20.9247741 ], [ -48.659119, -20.92481 ], [ -48.6591354, -20.9248309 ], [ -48.6591937, -20.9248992 ], [ -48.6592974, -20.9250135 ], [ -48.6593438, -20.9250582 ], [ -48.6594332, -20.9251381 ], [ -48.6595042, -20.9251946 ], [ -48.659562, -20.9252377 ], [ -48.6596222, -20.9252756 ], [ -48.6596529, -20.9252932 ], [ -48.6596918, -20.9253138 ], [ -48.6597398, -20.925336 ], [ -48.6598305, -20.9253708 ], [ -48.6598808, -20.925388 ], [ -48.659972, -20.9254217 ], [ -48.6600291, -20.925445 ], [ -48.6601579, -20.9255024 ], [ -48.6602201, -20.925536 ], [ -48.6602425, -20.9255505 ], [ -48.6602497, -20.9255559 ], [ -48.6602759, -20.9255816 ], [ -48.6603312, -20.925651 ], [ -48.6603722, -20.9257077 ], [ -48.660409, -20.9257659 ], [ -48.6604411, -20.925826 ], [ -48.6605117, -20.9259706 ], [ -48.6605515, -20.9260638 ], [ -48.6605692, -20.9261111 ], [ -48.6605906, -20.9261752 ], [ -48.6606178, -20.926273 ], [ -48.6606329, -20.9263627 ] ] ] } },
{ "type": "Feature", "properties": { "comp_m": 523.52 }, "geometry": { "type": "MultiLineString", "coordinates": [ [ [ -48.6585544, -20.922462 ], [ -48.6585617, -20.9224706 ], [ -48.6586158, -20.9225241 ], [ -48.6586691, -20.9225882 ], [ -48.6587303, -20.9226679 ], [ -48.6587622, -20.922712 ], [ -48.6587867, -20.9227495 ], [ -48.6588083, -20.922788 ], [ -48.6588088, -20.9227883 ], [ -48.6588798, -20.9229149 ], [ -48.6589709, -20.923088 ], [ -48.6590254, -20.9232028 ], [ -48.6590586, -20.9232894 ], [ -48.6590899, -20.9233858 ], [ -48.6590976, -20.9234189 ], [ -48.6591025, -20.9234531 ], [ -48.6591073, -20.9235234 ], [ -48.6591091, -20.9236127 ], [ -48.6591148, -20.9236736 ], [ -48.6591143, -20.9237182 ], [ -48.659111, -20.9237442 ], [ -48.6590994, -20.9237942 ], [ -48.6590617, -20.9239065 ], [ -48.6590394, -20.9239795 ], [ -48.6590305, -20.9240124 ], [ -48.659018, -20.9240711 ], [ -48.6590035, -20.9241746 ], [ -48.6589829, -20.9243941 ], [ -48.6589822, -20.924475 ], [ -48.6589916, -20.9245615 ], [ -48.6590066, -20.924619 ], [ -48.6590297, -20.9246824 ], [ -48.6590441, -20.924713 ], [ -48.6590682, -20.9247581 ], [ -48.6590864, -20.9247873 ], [ -48.6591222, -20.924837 ], [ -48.6591743, -20.9248986 ], [ -48.6592845, -20.9250195 ], [ -48.6593303, -20.9250646 ], [ -48.6593843, -20.925114 ], [ -48.6594543, -20.9251727 ], [ -48.6595403, -20.925239 ], [ -48.6596146, -20.9252885 ], [ -48.6596847, -20.9253259 ], [ -48.6597574, -20.9253577 ], [ -48.6599569, -20.9254302 ], [ -48.6600708, -20.9254779 ], [ -48.6601511, -20.9255143 ], [ -48.660198, -20.9255389 ], [ -48.6602282, -20.9255577 ], [ -48.6602564, -20.9255806 ], [ -48.6602916, -20.9256215 ], [ -48.660313, -20.9256495 ], [ -48.6603643, -20.9257205 ], [ -48.6603971, -20.9257712 ], [ -48.6604246, -20.925824 ], [ -48.6604952, -20.9259688 ], [ -48.6605222, -20.9260307 ], [ -48.6605504, -20.9261012 ], [ -48.66058, -20.9261892 ], [ -48.6606031, -20.9262707 ], [ -48.6606078, -20.9262959 ], [ -48.6606101, -20.9263221 ], [ -48.6606161, -20.9263499 ] ] ] } },
{ "type": "Feature", "properties": { "comp_m": 25.48 }, "geometry": { "type": "MultiLineString", "coordinates": [ [ [ -48.660453, -20.9242297 ], [ -48.6604841, -20.9242541 ], [ -48.6605641, -20.9243123 ], [ -48.6606011, -20.9243418 ] ] ] } },
{ "type": "Feature", "properties": { "comp_m": 520.82 }, "geometry": { "type": "MultiLineString", "coordinates": [ [ [ -48.658545, -20.9224736 ], [ -48.6585955, -20.9225228 ], [ -48.658691, -20.9226401 ], [ -48.6587581, -20.9227321 ], [ -48.6587945, -20.9227905 ], [ -48.6588769, -20.9229397 ], [ -48.6589441, -20.9230676 ], [ -48.6589939, -20.923166 ], [ -48.6590209, -20.923228 ], [ -48.6590391, -20.9232752 ], [ -48.6590583, -20.923331 ], [ -48.6590777, -20.9233957 ], [ -48.6590848, -20.9234291 ], [ -48.65909, -20.9234721 ], [ -48.6590945, -20.9236055 ], [ -48.6591009, -20.9236751 ], [ -48.6590995, -20.9237198 ], [ -48.6590948, -20.9237544 ], [ -48.6590839, -20.9237955 ], [ -48.6590537, -20.9238835 ], [ -48.6590285, -20.9239643 ], [ -48.6590174, -20.9240054 ], [ -48.6590064, -20.9240556 ], [ -48.6590018, -20.924081 ], [ -48.6589894, -20.9241762 ], [ -48.6589818, -20.9242642 ], [ -48.6589696, -20.9243777 ], [ -48.6589668, -20.9244221 ], [ -48.6589679, -20.9244847 ], [ -48.6589729, -20.9245368 ], [ -48.6589786, -20.9245707 ], [ -48.6589914, -20.9246199 ], [ -48.6590116, -20.9246754 ], [ -48.6590326, -20.9247215 ], [ -48.6590616, -20.9247737 ], [ -48.6591054, -20.9248384 ], [ -48.6591626, -20.924907 ], [ -48.6592602, -20.9250143 ], [ -48.6592923, -20.9250473 ], [ -48.6593526, -20.9251047 ], [ -48.659436, -20.9251763 ], [ -48.659529, -20.9252484 ], [ -48.6595881, -20.9252886 ], [ -48.6596416, -20.9253198 ], [ -48.6596813, -20.925339 ], [ -48.6597539, -20.9253709 ], [ -48.6599534, -20.9254432 ], [ -48.6600751, -20.9254949 ], [ -48.6601472, -20.9255279 ], [ -48.6601941, -20.9255523 ], [ -48.6602092, -20.9255618 ], [ -48.6602448, -20.9255898 ], [ -48.6602577, -20.9256029 ], [ -48.6603026, -20.9256581 ], [ -48.6603483, -20.925722 ], [ -48.6603813, -20.9257727 ], [ -48.6604352, -20.9258786 ], [ -48.6604907, -20.9259929 ], [ -48.6605207, -20.9260627 ], [ -48.6605552, -20.9261578 ], [ -48.6605789, -20.926239 ], [ -48.6605926, -20.9262969 ], [ -48.6605976, -20.926331 ], [ -48.6606007, -20.926338 ] ] ] } },
{ "type": "Feature", "properties": { "comp_m": 517.54 }, "geometry": { "type": "MultiLineString", "coordinates": [ [ [ -48.658536, -20.9224846 ], [ -48.6585691, -20.9225168 ], [ -48.6586007, -20.922551 ], [ -48.6586363, -20.9225932 ], [ -48.6586755, -20.9226436 ], [ -48.6587185, -20.9227019 ], [ -48.6587543, -20.9227534 ], [ -48.6587825, -20.9227986 ], [ -48.6588078, -20.9228449 ], [ -48.658808, -20.9228452 ], [ -48.6589101, -20.923032 ], [ -48.658975, -20.9231607 ], [ -48.658996, -20.9232068 ], [ -48.6590277, -20.9232849 ], [ -48.6590519, -20.9233569 ], [ -48.6590656, -20.9234057 ], [ -48.6590741, -20.9234565 ], [ -48.6590804, -20.9236071 ], [ -48.6590862, -20.9236679 ], [ -48.659086, -20.9237038 ], [ -48.6590836, -20.9237302 ], [ -48.6590797, -20.9237559 ], [ -48.6590731, -20.9237805 ], [ -48.6590181, -20.9239494 ], [ -48.6590027, -20.9240069 ], [ -48.6589932, -20.9240486 ], [ -48.6589847, -20.9240998 ], [ -48.6589735, -20.9241954 ], [ -48.6589551, -20.9243791 ], [ -48.6589519, -20.9244415 ], [ -48.6589527, -20.9244772 ], [ -48.6589561, -20.9245209 ], [ -48.6589612, -20.924555 ], [ -48.6589681, -20.9245884 ], [ -48.6589795, -20.9246291 ], [ -48.6589968, -20.9246766 ], [ -48.6590207, -20.9247306 ], [ -48.659055, -20.9247898 ], [ -48.6590891, -20.9248401 ], [ -48.659152, -20.9249155 ], [ -48.6592554, -20.9250298 ], [ -48.6593078, -20.9250817 ], [ -48.6593547, -20.9251251 ], [ -48.6594594, -20.9252137 ], [ -48.6595097, -20.9252519 ], [ -48.6595687, -20.9252922 ], [ -48.6595988, -20.925311 ], [ -48.659669, -20.9253482 ], [ -48.6597169, -20.9253703 ], [ -48.6597659, -20.9253904 ], [ -48.6599408, -20.9254526 ], [ -48.6599653, -20.9254625 ], [ -48.6601106, -20.9255259 ], [ -48.6601817, -20.9255611 ], [ -48.6602115, -20.9255806 ], [ -48.6602393, -20.9256043 ], [ -48.6602812, -20.9256516 ], [ -48.6603367, -20.9257299 ], [ -48.6603604, -20.925766 ], [ -48.6603774, -20.9257956 ], [ -48.660457, -20.9259548 ], [ -48.6604786, -20.9260007 ], [ -48.6605051, -20.9260628 ], [ -48.6605374, -20.9261497 ], [ -48.6605616, -20.9262306 ], [ -48.6605826, -20.9263217 ] ] ] } },
{ "type": "Feature", "properties": { "comp_m": 515.25 }, "geometry": { "type": "MultiLineString", "coordinates": [ [ [ -48.6585267, -20.922496 ], [ -48.6585587, -20.9225264 ], [ -48.6585902, -20.9225599 ], [ -48.6586376, -20.9226154 ], [ -48.6586708, -20.9226579 ], [ -48.6587174, -20.9227228 ], [ -48.6587467, -20.9227668 ], [ -48.6588072, -20.9228724 ], [ -48.6588075, -20.9228727 ], [ -48.6588964, -20.9230377 ], [ -48.6589386, -20.9231211 ], [ -48.6589787, -20.9232052 ], [ -48.6590138, -20.9232912 ], [ -48.6590416, -20.9233709 ], [ -48.6590563, -20.9234285 ], [ -48.6590607, -20.9234629 ], [ -48.6590644, -20.9235875 ], [ -48.6590723, -20.9236837 ], [ -48.6590715, -20.9237194 ], [ -48.6590677, -20.9237452 ], [ -48.6590594, -20.9237783 ], [ -48.6590086, -20.923931 ], [ -48.6589889, -20.924005 ], [ -48.6589778, -20.9240553 ], [ -48.658972, -20.9240894 ], [ -48.6589611, -20.9241761 ], [ -48.65894, -20.9243955 ], [ -48.6589391, -20.9244855 ], [ -48.658942, -20.9245205 ], [ -48.6589502, -20.9245715 ], [ -48.6589577, -20.9246047 ], [ -48.6589699, -20.9246452 ], [ -48.6589948, -20.924708 ], [ -48.6590131, -20.9247462 ], [ -48.6590389, -20.9247906 ], [ -48.6590832, -20.9248551 ], [ -48.6591284, -20.9249103 ], [ -48.6592506, -20.9250449 ], [ -48.6593231, -20.9251155 ], [ -48.6593784, -20.9251642 ], [ -48.6594558, -20.9252281 ], [ -48.6595284, -20.9252813 ], [ -48.6596109, -20.9253341 ], [ -48.6596421, -20.9253507 ], [ -48.659714, -20.9253842 ], [ -48.6597631, -20.9254042 ], [ -48.6599629, -20.9254763 ], [ -48.6600362, -20.9255069 ], [ -48.6601244, -20.9255471 ], [ -48.6601637, -20.9255673 ], [ -48.6601865, -20.925581 ], [ -48.6602085, -20.9255965 ], [ -48.6602359, -20.9256214 ], [ -48.6602548, -20.9256414 ], [ -48.660282, -20.9256762 ], [ -48.6603408, -20.9257624 ], [ -48.6603827, -20.9258368 ], [ -48.6604358, -20.9259431 ], [ -48.6604679, -20.9260122 ], [ -48.6605208, -20.9261456 ], [ -48.6605437, -20.9262181 ], [ -48.660563, -20.926301 ], [ -48.6605657, -20.926309 ], [ -48.6605684, -20.9263132 ] ] ] } },
{ "type": "Feature", "properties": { "comp_m": 24.21 }, "geometry": { "type": "MultiLineString", "coordinates": [ [ [ -48.6603499, -20.9231487 ], [ -48.6603719, -20.9232025 ], [ -48.6604086, -20.9233345 ], [ -48.6604202, -20.9234008 ], [ -48.6604272, -20.9235185 ], [ -48.6604153, -20.923716 ], [ -48.6604139, -20.9239203 ], [ -48.6604078, -20.924018 ], [ -48.6603995, -20.9240995 ], [ -48.660401, -20.9241633 ], [ -48.660423, -20.9242052 ], [ -48.6604426, -20.9242324 ], [ -48.6604689, -20.9242596 ], [ -48.6604987, -20.9242836 ], [ -48.660553, -20.924322 ], [ -48.6605712, -20.9243362 ] ] ] } },
{ "type": "Feature", "properties": { "comp_m": 511.6 }, "geometry": { "type": "MultiLineString", "coordinates": [ [ [ -48.6585172, -20.9225076 ], [ -48.6585321, -20.9225197 ], [ -48.6585646, -20.922552 ], [ -48.6585896, -20.9225786 ], [ -48.6586294, -20.9226268 ], [ -48.658667, -20.9226758 ], [ -48.6587118, -20.9227401 ], [ -48.6587404, -20.9227834 ], [ -48.658762, -20.9228204 ], [ -48.6588398, -20.9229624 ], [ -48.6589426, -20.9231581 ], [ -48.6589829, -20.923251 ], [ -48.6590128, -20.9233299 ], [ -48.6590285, -20.9233781 ], [ -48.6590373, -20.9234108 ], [ -48.6590425, -20.9234358 ], [ -48.6590468, -20.9234702 ], [ -48.6590494, -20.9235503 ], [ -48.6590546, -20.9236114 ], [ -48.6590556, -20.923647 ], [ -48.6590586, -20.9236819 ], [ -48.6590583, -20.923709 ], [ -48.6590536, -20.9237435 ], [ -48.6590452, -20.9237766 ], [ -48.6589937, -20.9239288 ], [ -48.658972, -20.9240111 ], [ -48.6589631, -20.9240531 ], [ -48.6589536, -20.924113 ], [ -48.6589424, -20.924236 ], [ -48.6589347, -20.9242967 ], [ -48.6589272, -20.9243847 ], [ -48.6589247, -20.9244475 ], [ -48.6589247, -20.9244834 ], [ -48.6589277, -20.9245184 ], [ -48.6589322, -20.9245527 ], [ -48.6589423, -20.9246029 ], [ -48.6589521, -20.9246353 ], [ -48.6589754, -20.9246986 ], [ -48.6590003, -20.9247523 ], [ -48.6590354, -20.9248112 ], [ -48.6590706, -20.9248611 ], [ -48.6591157, -20.9249163 ], [ -48.6592431, -20.9250575 ], [ -48.6593229, -20.9251345 ], [ -48.6593644, -20.9251708 ], [ -48.6594206, -20.9252175 ], [ -48.659485, -20.9252672 ], [ -48.6595888, -20.9253369 ], [ -48.6596433, -20.925366 ], [ -48.6597071, -20.9253959 ], [ -48.659748, -20.9254126 ], [ -48.6599638, -20.9254918 ], [ -48.6600613, -20.9255327 ], [ -48.660133, -20.9255667 ], [ -48.6601641, -20.9255835 ], [ -48.6601939, -20.925603 ], [ -48.6602214, -20.9256269 ], [ -48.6602458, -20.9256538 ], [ -48.6602678, -20.9256815 ], [ -48.6603269, -20.9257675 ], [ -48.6603647, -20.9258344 ], [ -48.6604223, -20.925948 ], [ -48.6604673, -20.9260482 ], [ -48.6604897, -20.9261028 ], [ -48.660513, -20.9261662 ], [ -48.6605361, -20.9262476 ], [ -48.6605438, -20.9262807 ], [ -48.660544, -20.9262944 ] ] ] } },
{ "type": "Feature", "properties": { "comp_m": 508.6 }, "geometry": { "type": "MultiLineString", "coordinates": [ [ [ -48.6585095, -20.922517 ], [ -48.658539, -20.9225449 ], [ -48.6585769, -20.9225856 ], [ -48.6586177, -20.9226347 ], [ -48.658661, -20.922692 ], [ -48.6586963, -20.922743 ], [ -48.6587341, -20.9228023 ], [ -48.6587693, -20.9228625 ], [ -48.6588062, -20.9229313 ], [ -48.6588067, -20.9229316 ], [ -48.6588278, -20.9229687 ], [ -48.6589258, -20.9231572 ], [ -48.6589565, -20.9232268 ], [ -48.6589874, -20.9233053 ], [ -48.6590162, -20.9233935 ], [ -48.6590248, -20.9234263 ], [ -48.6590325, -20.9234775 ], [ -48.6590372, -20.9235748 ], [ -48.6590442, -20.9236622 ], [ -48.6590444, -20.9236981 ], [ -48.6590418, -20.9237244 ], [ -48.6590354, -20.9237582 ], [ -48.6590206, -20.9238069 ], [ -48.6589976, -20.9238705 ], [ -48.6589747, -20.9239432 ], [ -48.6589613, -20.9239924 ], [ -48.6589499, -20.9240425 ], [ -48.6589388, -20.9241109 ], [ -48.6589289, -20.9242344 ], [ -48.6589159, -20.9243476 ], [ -48.6589116, -20.9244097 ], [ -48.6589101, -20.9244728 ], [ -48.6589109, -20.9244905 ], [ -48.6589158, -20.9245427 ], [ -48.6589216, -20.9245766 ], [ -48.6589336, -20.9246261 ], [ -48.6589501, -20.9246739 ], [ -48.6589836, -20.9247515 ], [ -48.6590133, -20.9248034 ], [ -48.6590523, -20.9248609 ], [ -48.6591207, -20.9249434 ], [ -48.6592053, -20.9250373 ], [ -48.6592441, -20.9250768 ], [ -48.6593451, -20.9251715 ], [ -48.6594221, -20.9252361 ], [ -48.6594943, -20.9252902 ], [ -48.6595459, -20.9253255 ], [ -48.6595835, -20.9253492 ], [ -48.6596065, -20.9253625 ], [ -48.6596537, -20.9253864 ], [ -48.6597511, -20.9254279 ], [ -48.6599091, -20.9254851 ], [ -48.6599913, -20.9255173 ], [ -48.660048, -20.9255416 ], [ -48.6601509, -20.9255921 ], [ -48.6601882, -20.9256164 ], [ -48.6602159, -20.9256407 ], [ -48.6602336, -20.9256612 ], [ -48.660266, -20.9257031 ], [ -48.6603053, -20.9257605 ], [ -48.6603527, -20.9258418 ], [ -48.6604059, -20.9259479 ], [ -48.6604416, -20.9260247 ], [ -48.6604805, -20.9261182 ], [ -48.6605004, -20.9261737 ], [ -48.6605167, -20.9262307 ], [ -48.6605265, -20.926272 ], [ -48.6605297, -20.9262798 ] ] ] } },
{ "type": "Feature", "properties": { "comp_m": 505.8 }, "geometry": { "type": "MultiLineString", "coordinates": [ [ [ -48.6585021, -20.9225262 ], [ -48.6585068, -20.9225325 ], [ -48.6585272, -20.9225512 ], [ -48.6585644, -20.9225914 ], [ -48.6586153, -20.9226533 ], [ -48.658642, -20.9226883 ], [ -48.6586917, -20.9227597 ], [ -48.6587238, -20.9228107 ], [ -48.6587449, -20.9228477 ], [ -48.6588191, -20.9229819 ], [ -48.6589051, -20.9231477 ], [ -48.6589233, -20.9231859 ], [ -48.6589712, -20.9233029 ], [ -48.6589929, -20.9233667 ], [ -48.6590099, -20.9234234 ], [ -48.6590186, -20.9234741 ], [ -48.6590224, -20.9235626 ], [ -48.6590307, -20.9236494 ], [ -48.6590315, -20.9236851 ], [ -48.6590295, -20.9237116 ], [ -48.6590217, -20.9237539 ], [ -48.6589992, -20.9238267 ], [ -48.6589611, -20.9239387 ], [ -48.6589431, -20.9240043 ], [ -48.6589361, -20.9240378 ], [ -48.6589262, -20.9240975 ], [ -48.6589166, -20.924212 ], [ -48.6589021, -20.9243336 ], [ -48.658899, -20.9243778 ], [ -48.6588961, -20.9244676 ], [ -48.6588998, -20.9245292 ], [ -48.6589073, -20.9245804 ], [ -48.658913, -20.9246052 ], [ -48.6589224, -20.9246377 ], [ -48.6589422, -20.9246933 ], [ -48.6589589, -20.924732 ], [ -48.6589776, -20.92477 ], [ -48.6590182, -20.9248358 ], [ -48.6590491, -20.9248782 ], [ -48.659101, -20.9249398 ], [ -48.6591962, -20.9250481 ], [ -48.6592761, -20.9251256 ], [ -48.6593438, -20.9251879 ], [ -48.6594208, -20.9252522 ], [ -48.6594929, -20.9253061 ], [ -48.6595824, -20.9253645 ], [ -48.6596289, -20.9253898 ], [ -48.6596689, -20.9254082 ], [ -48.6597503, -20.9254419 ], [ -48.6599246, -20.9255055 ], [ -48.6600386, -20.9255525 ], [ -48.6601419, -20.9256018 ], [ -48.6601716, -20.9256217 ], [ -48.6601924, -20.9256396 ], [ -48.6602116, -20.9256591 ], [ -48.660241, -20.9256931 ], [ -48.6602681, -20.925728 ], [ -48.6602827, -20.9257495 ], [ -48.660327, -20.9258229 ], [ -48.6603784, -20.9259206 ], [ -48.6604076, -20.9259817 ], [ -48.6604486, -20.9260743 ], [ -48.6604707, -20.926129 ], [ -48.6604914, -20.9261932 ], [ -48.6605111, -20.9262668 ] ] ] } },
{ "type": "Feature", "properties": { "comp_m": 502.25 }, "geometry": { "type": "MultiLineString", "coordinates": [ [ [ -48.6584962, -20.922541 ], [ -48.6585353, -20.9225814 ], [ -48.658578, -20.92263 ], [ -48.6586233, -20.9226868 ], [ -48.65866, -20.9227377 ], [ -48.6586893, -20.9227821 ], [ -48.6587212, -20.9228347 ], [ -48.6588055, -20.9229877 ], [ -48.6588058, -20.922988 ], [ -48.6588966, -20.9231614 ], [ -48.6589368, -20.9232545 ], [ -48.658961, -20.9233176 ], [ -48.6589771, -20.9233656 ], [ -48.6589942, -20.9234223 ], [ -48.6590039, -20.9234728 ], [ -48.6590079, -20.9235614 ], [ -48.6590175, -20.9236569 ], [ -48.659018, -20.9236838 ], [ -48.6590147, -20.9237189 ], [ -48.6590056, -20.9237608 ], [ -48.658957, -20.9239053 ], [ -48.6589401, -20.9239623 ], [ -48.6589296, -20.9240036 ], [ -48.6589209, -20.9240457 ], [ -48.6589107, -20.9241145 ], [ -48.6589056, -20.9241854 ], [ -48.6588891, -20.9243155 ], [ -48.6588826, -20.9244224 ], [ -48.658884, -20.924512 ], [ -48.6588887, -20.9245553 ], [ -48.658895, -20.924589 ], [ -48.6589033, -20.924622 ], [ -48.6589213, -20.9246783 ], [ -48.6589363, -20.9247178 ], [ -48.6589507, -20.9247484 ], [ -48.6589792, -20.9248009 ], [ -48.6590182, -20.9248584 ], [ -48.6590566, -20.9249072 ], [ -48.6591083, -20.9249689 ], [ -48.6591801, -20.9250503 ], [ -48.6592052, -20.925077 ], [ -48.6592586, -20.9251283 ], [ -48.659347, -20.9252091 ], [ -48.6594176, -20.9252669 ], [ -48.6594681, -20.9253049 ], [ -48.6595195, -20.925341 ], [ -48.65958, -20.9253783 ], [ -48.6596507, -20.9254146 ], [ -48.6597485, -20.9254554 ], [ -48.6599475, -20.9255293 ], [ -48.6600372, -20.9255666 ], [ -48.6601175, -20.925603 ], [ -48.660148, -20.9256211 ], [ -48.6601763, -20.925644 ], [ -48.6601963, -20.9256633 ], [ -48.6602376, -20.9257109 ], [ -48.6602734, -20.9257607 ], [ -48.6603135, -20.9258268 ], [ -48.6603539, -20.9259018 ], [ -48.6603941, -20.9259859 ], [ -48.6604321, -20.9260709 ], [ -48.6604578, -20.9261334 ], [ -48.6604756, -20.9261898 ], [ -48.6604905, -20.9262532 ] ] ] } },
{ "type": "Feature", "properties": { "comp_m": 499.83 }, "geometry": { "type": "MultiLineString", "coordinates": [ [ [ -48.6584835, -20.9225489 ], [ -48.6585293, -20.9225958 ], [ -48.6585719, -20.9226443 ], [ -48.6586113, -20.9226941 ], [ -48.6586479, -20.922745 ], [ -48.6586818, -20.922797 ], [ -48.6587133, -20.9228498 ], [ -48.6588058, -20.9230183 ], [ -48.6588052, -20.923019 ], [ -48.6588847, -20.9231693 ], [ -48.6589241, -20.9232625 ], [ -48.6589487, -20.9233253 ], [ -48.658979, -20.923422 ], [ -48.6589902, -20.9234808 ], [ -48.6589957, -20.9235867 ], [ -48.6590035, -20.9236738 ], [ -48.6590003, -20.923718 ], [ -48.6589863, -20.9237761 ], [ -48.6589475, -20.9238879 ], [ -48.6589252, -20.9239608 ], [ -48.658915, -20.9240022 ], [ -48.6589054, -20.9240529 ], [ -48.6588954, -20.9241217 ], [ -48.6588921, -20.924175 ], [ -48.6588755, -20.924314 ], [ -48.6588674, -20.9244291 ], [ -48.6588675, -20.9244741 ], [ -48.6588718, -20.9245265 ], [ -48.6588778, -20.9245692 ], [ -48.6588845, -20.9246027 ], [ -48.6588971, -20.924652 ], [ -48.6589107, -20.9246919 ], [ -48.6589199, -20.9247154 ], [ -48.6589495, -20.9247764 ], [ -48.6589941, -20.9248497 ], [ -48.6590311, -20.9248989 ], [ -48.6590759, -20.9249541 ], [ -48.6591718, -20.9250623 ], [ -48.6592036, -20.9250955 ], [ -48.6592507, -20.9251406 ], [ -48.6593322, -20.9252157 ], [ -48.6593955, -20.9252677 ], [ -48.6594457, -20.9253063 ], [ -48.6595264, -20.9253626 ], [ -48.6596032, -20.9254064 ], [ -48.659651, -20.9254291 ], [ -48.6597403, -20.9254669 ], [ -48.6598894, -20.925522 ], [ -48.6599881, -20.9255604 ], [ -48.6600689, -20.9255955 ], [ -48.6601006, -20.925611 ], [ -48.6601314, -20.9256284 ], [ -48.6601606, -20.925649 ], [ -48.6601879, -20.9256741 ], [ -48.6602228, -20.9257151 ], [ -48.6602583, -20.9257648 ], [ -48.6602946, -20.9258232 ], [ -48.6603386, -20.9259058 ], [ -48.6604043, -20.9260432 ], [ -48.6604344, -20.926113 ], [ -48.6604494, -20.9261523 ], [ -48.6604617, -20.9261927 ], [ -48.6604666, -20.9262179 ], [ -48.6604727, -20.9262395 ] ] ] } },
{ "type": "Feature", "properties": { "comp_m": 496.68 }, "geometry": { "type": "MultiLineString", "coordinates": [ [ [ -48.6584747, -20.9225597 ], [ -48.6585317, -20.9226196 ], [ -48.6585675, -20.9226611 ], [ -48.6586058, -20.9227108 ], [ -48.6586413, -20.9227615 ], [ -48.6586746, -20.9228131 ], [ -48.65871, -20.922873 ], [ -48.6588048, -20.9230479 ], [ -48.6588049, -20.9230484 ], [ -48.6588717, -20.9231766 ], [ -48.6589153, -20.9232775 ], [ -48.6589461, -20.9233652 ], [ -48.6589656, -20.92343 ], [ -48.6589742, -20.9234719 ], [ -48.6589785, -20.9235153 ], [ -48.6589809, -20.9236135 ], [ -48.6589854, -20.9236569 ], [ -48.6589862, -20.9236837 ], [ -48.6589836, -20.9237283 ], [ -48.6589735, -20.9237698 ], [ -48.6589393, -20.9238654 ], [ -48.658919, -20.9239302 ], [ -48.6589095, -20.9239628 ], [ -48.6588978, -20.9240128 ], [ -48.658881, -20.9241154 ], [ -48.6588586, -20.9243344 ], [ -48.6588522, -20.9244322 ], [ -48.6588525, -20.9244771 ], [ -48.6588571, -20.9245295 ], [ -48.6588662, -20.9245892 ], [ -48.658874, -20.9246223 ], [ -48.658888, -20.9246712 ], [ -48.6589023, -20.9247109 ], [ -48.6589354, -20.9247796 ], [ -48.658952, -20.9248095 ], [ -48.658975, -20.924846 ], [ -48.6590145, -20.9249033 ], [ -48.6590541, -20.9249516 ], [ -48.6591249, -20.9250334 ], [ -48.6591618, -20.9250737 ], [ -48.6592199, -20.9251328 ], [ -48.6592941, -20.9252018 ], [ -48.6593851, -20.9252785 ], [ -48.6594355, -20.925317 ], [ -48.6594865, -20.9253539 ], [ -48.6595238, -20.9253782 ], [ -48.6595855, -20.9254131 ], [ -48.659617, -20.9254291 ], [ -48.6596488, -20.9254444 ], [ -48.6597468, -20.9254848 ], [ -48.6598469, -20.9255204 ], [ -48.659946, -20.9255584 ], [ -48.6600113, -20.9255852 ], [ -48.6600755, -20.9256147 ], [ -48.6601224, -20.9256392 ], [ -48.6601449, -20.9256537 ], [ -48.6601727, -20.9256778 ], [ -48.6602078, -20.9257188 ], [ -48.6602434, -20.9257686 ], [ -48.6602715, -20.9258122 ], [ -48.6603009, -20.9258643 ], [ -48.6603795, -20.9260242 ], [ -48.6604078, -20.9260857 ], [ -48.6604432, -20.9261807 ], [ -48.6604479, -20.9261969 ], [ -48.6604522, -20.9262224 ], [ -48.660453, -20.9262243 ] ] ] } },
{ "type": "Feature", "properties": { "comp_m": 493.87 }, "geometry": { "type": "MultiLineString", "coordinates": [ [ [ -48.6584661, -20.9225702 ], [ -48.6585273, -20.9226363 ], [ -48.6585574, -20.9226712 ], [ -48.6585962, -20.9227213 ], [ -48.6586323, -20.9227724 ], [ -48.6586657, -20.9228246 ], [ -48.6586969, -20.9228775 ], [ -48.6588046, -20.9230773 ], [ -48.6588045, -20.9230778 ], [ -48.6588477, -20.9231606 ], [ -48.6588731, -20.9232141 ], [ -48.6589, -20.9232761 ], [ -48.6589273, -20.9233558 ], [ -48.65895, -20.9234283 ], [ -48.6589581, -20.9234613 ], [ -48.6589645, -20.9235129 ], [ -48.6589664, -20.9236111 ], [ -48.6589714, -20.9236902 ], [ -48.6589709, -20.923717 ], [ -48.6589597, -20.923767 ], [ -48.6589361, -20.9238303 ], [ -48.6589072, -20.9239188 ], [ -48.658891, -20.923976 ], [ -48.6588833, -20.9240093 ], [ -48.6588681, -20.9240942 ], [ -48.6588648, -20.9241201 ], [ -48.6588496, -20.9242688 ], [ -48.6588386, -20.9244009 ], [ -48.6588374, -20.9244459 ], [ -48.6588386, -20.9244905 ], [ -48.6588437, -20.9245425 ], [ -48.6588517, -20.9245935 ], [ -48.6588643, -20.9246428 ], [ -48.6588766, -20.9246832 ], [ -48.6588915, -20.9247226 ], [ -48.6589161, -20.9247764 ], [ -48.6589542, -20.9248432 ], [ -48.6589993, -20.9249073 ], [ -48.6590445, -20.9249624 ], [ -48.6591466, -20.9250772 ], [ -48.6592109, -20.925143 ], [ -48.6592991, -20.9252245 ], [ -48.6593548, -20.9252715 ], [ -48.6594332, -20.925333 ], [ -48.6595145, -20.9253881 ], [ -48.6595911, -20.9254324 ], [ -48.6596307, -20.9254515 ], [ -48.6597367, -20.9254951 ], [ -48.6599193, -20.9255619 ], [ -48.6599927, -20.9255919 ], [ -48.660097, -20.9256391 ], [ -48.6601279, -20.9256562 ], [ -48.6601494, -20.9256728 ], [ -48.6601683, -20.9256927 ], [ -48.6601854, -20.9257133 ], [ -48.6602273, -20.9257696 ], [ -48.6602606, -20.9258202 ], [ -48.6602816, -20.9258573 ], [ -48.6603346, -20.9259635 ], [ -48.6603896, -20.9260779 ], [ -48.6604021, -20.9261092 ], [ -48.6604319, -20.9261971 ], [ -48.6604348, -20.9262104 ] ] ] } },
{ "type": "Feature", "properties": { "comp_m": 483.85 }, "geometry": { "type": "MultiLineString", "coordinates": [ [ [ -48.6584399, -20.9226059 ], [ -48.6584963, -20.9226665 ], [ -48.658532, -20.9227081 ], [ -48.6585763, -20.9227648 ], [ -48.6586117, -20.9228157 ], [ -48.6586343, -20.922853 ], [ -48.6586681, -20.9229136 ], [ -48.6587671, -20.9230963 ], [ -48.6588028, -20.9231653 ], [ -48.6588034, -20.9231655 ], [ -48.658837, -20.9232362 ], [ -48.658857, -20.9232842 ], [ -48.6588871, -20.9233654 ], [ -48.6589042, -20.9234237 ], [ -48.658913, -20.9234667 ], [ -48.6589196, -20.9235197 ], [ -48.6589233, -20.9236107 ], [ -48.6589269, -20.9236557 ], [ -48.658926, -20.9236835 ], [ -48.6589263, -20.9236831 ], [ -48.658928, -20.9236922 ], [ -48.6589257, -20.9237023 ], [ -48.6589254, -20.923702 ], [ -48.6589199, -20.9237453 ], [ -48.6588614, -20.9239221 ], [ -48.6588461, -20.9239797 ], [ -48.6588301, -20.9240552 ], [ -48.6588184, -20.9241325 ], [ -48.6588071, -20.9242646 ], [ -48.6587979, -20.9243429 ], [ -48.6587933, -20.9244231 ], [ -48.6587939, -20.9244589 ], [ -48.6587983, -20.9245293 ], [ -48.6588107, -20.9246057 ], [ -48.6588224, -20.9246553 ], [ -48.6588385, -20.9247034 ], [ -48.6588614, -20.9247578 ], [ -48.658907, -20.9248489 ], [ -48.6589451, -20.9249067 ], [ -48.6589945, -20.9249692 ], [ -48.6591462, -20.9251377 ], [ -48.659219, -20.9252084 ], [ -48.6592878, -20.9252699 ], [ -48.6593655, -20.925333 ], [ -48.659423, -20.9253767 ], [ -48.6594673, -20.925407 ], [ -48.6595124, -20.9254355 ], [ -48.6596055, -20.9254862 ], [ -48.6596537, -20.9255081 ], [ -48.6596864, -20.9255212 ], [ -48.6598947, -20.9255957 ], [ -48.6600172, -20.9256457 ], [ -48.6600653, -20.9256679 ], [ -48.6600885, -20.9256808 ], [ -48.6601101, -20.9256962 ], [ -48.660124, -20.9257084 ], [ -48.6601482, -20.9257353 ], [ -48.6601646, -20.9257562 ], [ -48.6602056, -20.925813 ], [ -48.6602291, -20.9258492 ], [ -48.6602502, -20.9258864 ], [ -48.6603258, -20.9260382 ], [ -48.66035, -20.9260922 ], [ -48.660364, -20.926132 ], [ -48.6603682, -20.9261484 ], [ -48.6603692, -20.926157 ], [ -48.6603684, -20.9261618 ] ] ] } },
{ "type": "Feature", "properties": { "comp_m": 490.71 }, "geometry": { "type": "MultiLineString", "coordinates": [ [ [ -48.6584563, -20.9225822 ], [ -48.6585141, -20.9226436 ], [ -48.6585505, -20.9226852 ], [ -48.6585843, -20.9227278 ], [ -48.6586204, -20.9227787 ], [ -48.6586535, -20.9228306 ], [ -48.6586841, -20.9228836 ], [ -48.6588034, -20.923106 ], [ -48.6588039, -20.9231063 ], [ -48.6588502, -20.923197 ], [ -48.6588848, -20.9232742 ], [ -48.6589343, -20.9234267 ], [ -48.6589451, -20.9234767 ], [ -48.6589501, -20.9235199 ], [ -48.6589511, -20.9235915 ], [ -48.6589561, -20.9236887 ], [ -48.6589558, -20.9237157 ], [ -48.6589418, -20.9237738 ], [ -48.6588949, -20.9239097 ], [ -48.6588763, -20.923975 ], [ -48.6588645, -20.9240249 ], [ -48.6588499, -20.9241192 ], [ -48.6588251, -20.9243643 ], [ -48.6588224, -20.9244088 ], [ -48.6588226, -20.9244626 ], [ -48.6588257, -20.9245155 ], [ -48.65883, -20.9245499 ], [ -48.6588425, -20.9246172 ], [ -48.658853, -20.9246583 ], [ -48.6588636, -20.9246904 ], [ -48.6588789, -20.9247297 ], [ -48.6589033, -20.9247836 ], [ -48.6589194, -20.9248136 ], [ -48.6589465, -20.9248575 ], [ -48.6589868, -20.9249144 ], [ -48.6590433, -20.9249834 ], [ -48.6591409, -20.9250907 ], [ -48.6592182, -20.9251693 ], [ -48.6592863, -20.9252313 ], [ -48.6593281, -20.925267 ], [ -48.6594204, -20.9253407 ], [ -48.6594717, -20.9253768 ], [ -48.6595016, -20.925396 ], [ -48.6595933, -20.9254498 ], [ -48.6596739, -20.9254855 ], [ -48.6597313, -20.9255083 ], [ -48.6598813, -20.9255616 ], [ -48.6599636, -20.9255938 ], [ -48.6600926, -20.9256507 ], [ -48.6601232, -20.9256686 ], [ -48.6601511, -20.925692 ], [ -48.6601734, -20.9257197 ], [ -48.6602248, -20.9257905 ], [ -48.6602526, -20.9258341 ], [ -48.6602776, -20.9258788 ], [ -48.6603603, -20.926046 ], [ -48.6603738, -20.9260769 ], [ -48.6603892, -20.9261162 ], [ -48.6604132, -20.9261883 ], [ -48.6604143, -20.9261947 ] ] ] } },
{ "type": "Feature", "properties": { "comp_m": 487.79 }, "geometry": { "type": "MultiLineString", "coordinates": [ [ [ -48.6584484, -20.9225949 ], [ -48.6585061, -20.9226556 ], [ -48.6585362, -20.9226904 ], [ -48.6585865, -20.9227546 ], [ -48.6586174, -20.9227983 ], [ -48.6586407, -20.9228357 ], [ -48.6586752, -20.9228965 ], [ -48.6587709, -20.9230728 ], [ -48.6588029, -20.9231345 ], [ -48.6588035, -20.9231348 ], [ -48.6588625, -20.9232569 ], [ -48.6588943, -20.9233441 ], [ -48.6589229, -20.9234415 ], [ -48.6589328, -20.9235008 ], [ -48.6589367, -20.9235444 ], [ -48.658939, -20.9236332 ], [ -48.658941, -20.9236595 ], [ -48.6589409, -20.9237046 ], [ -48.6589377, -20.9237307 ], [ -48.6589244, -20.9237799 ], [ -48.6588757, -20.9239243 ], [ -48.6588605, -20.923982 ], [ -48.6588476, -20.9240406 ], [ -48.6588401, -20.9240831 ], [ -48.6588322, -20.9241437 ], [ -48.6588149, -20.924319 ], [ -48.6588077, -20.9244073 ], [ -48.6588079, -20.9244612 ], [ -48.6588117, -20.9245229 ], [ -48.6588147, -20.9245488 ], [ -48.658829, -20.9246245 ], [ -48.6588401, -20.9246654 ], [ -48.658854, -20.9247052 ], [ -48.6588988, -20.9248056 ], [ -48.6589288, -20.9248574 ], [ -48.658974, -20.9249217 ], [ -48.6590318, -20.9249902 ], [ -48.6591355, -20.9251046 ], [ -48.6592125, -20.9251834 ], [ -48.659274, -20.9252397 ], [ -48.6593229, -20.9252811 ], [ -48.6594227, -20.9253595 ], [ -48.6594742, -20.9253953 ], [ -48.6595194, -20.9254237 ], [ -48.659581, -20.9254586 ], [ -48.6596206, -20.9254781 ], [ -48.659669, -20.9254994 ], [ -48.6597267, -20.9255217 ], [ -48.6598938, -20.9255803 ], [ -48.6599512, -20.9256033 ], [ -48.6600881, -20.9256643 ], [ -48.660111, -20.9256779 ], [ -48.6601324, -20.9256948 ], [ -48.6601566, -20.9257216 ], [ -48.6602139, -20.9257993 ], [ -48.6602371, -20.9258357 ], [ -48.6602626, -20.9258802 ], [ -48.6603311, -20.9260168 ], [ -48.6603632, -20.9260859 ], [ -48.6603797, -20.9261338 ], [ -48.6603889, -20.9261664 ], [ -48.6603918, -20.9261743 ], [ -48.6603971, -20.9261813 ], [ -48.6603976, -20.9261827 ] ] ] } },
{ "type": "Feature", "properties": { "comp_m": 719.65 }, "geometry": { "type": "MultiLineString", "coordinates": [ [ [ -48.6604257, -20.9236327 ], [ -48.6604395, -20.9236423 ], [ -48.6604679, -20.9236647 ], [ -48.6606723, -20.9238101 ], [ -48.6607291, -20.9238549 ], [ -48.6608102, -20.9239103 ], [ -48.6608673, -20.9239547 ], [ -48.6609772, -20.9240318 ], [ -48.6612169, -20.9242057 ], [ -48.6615749, -20.9244594 ], [ -48.6616399, -20.9245078 ], [ -48.6617862, -20.9246109 ], [ -48.6619097, -20.9247005 ], [ -48.6620759, -20.9248237 ], [ -48.6621564, -20.9248803 ], [ -48.6622133, -20.924925 ], [ -48.6624544, -20.9250959 ], [ -48.6625334, -20.925156 ], [ -48.6626137, -20.925213 ], [ -48.662664, -20.9252512 ], [ -48.6626864, -20.9252657 ], [ -48.6627809, -20.9253339 ], [ -48.6628034, -20.9253484 ], [ -48.6628837, -20.9254054 ], [ -48.6629555, -20.92546 ], [ -48.6630937, -20.9255596 ], [ -48.6631582, -20.925609 ] ] ] } },
{ "type": "Feature", "properties": { "comp_m": 161.3 }, "geometry": { "type": "MultiLineString", "coordinates": [ [ [ -48.6600676, -20.9239212 ], [ -48.6600622, -20.9239562 ], [ -48.6600559, -20.9239814 ], [ -48.6600256, -20.92408 ], [ -48.6599947, -20.9241692 ], [ -48.6599838, -20.9242109 ], [ -48.6599769, -20.9242545 ], [ -48.6599756, -20.9242812 ], [ -48.6599789, -20.9243167 ], [ -48.6599851, -20.9243508 ], [ -48.6599916, -20.9243666 ], [ -48.6600003, -20.9243817 ], [ -48.6600278, -20.924417 ], [ -48.6600729, -20.9244638 ], [ -48.6601081, -20.9244929 ], [ -48.660131, -20.9245072 ], [ -48.6601633, -20.9245225 ], [ -48.6602135, -20.9245418 ], [ -48.6602731, -20.9245621 ], [ -48.6602738, -20.9245628 ], [ -48.6603727, -20.9246004 ], [ -48.6604166, -20.9246216 ] ] ] } },
{ "type": "Feature", "properties": { "comp_m": 75.66 }, "geometry": { "type": "MultiLineString", "coordinates": [ [ [ -48.6593411, -20.9217679 ], [ -48.6593454, -20.921772 ], [ -48.659343, -20.9217728 ], [ -48.6593774, -20.921817 ], [ -48.6594146, -20.9218605 ], [ -48.659454, -20.921903 ], [ -48.6595053, -20.9219581 ], [ -48.6595429, -20.9219978 ], [ -48.6595657, -20.9220253 ], [ -48.659603, -20.9220654 ], [ -48.6596187, -20.9220865 ], [ -48.659672, -20.9221476 ], [ -48.6597168, -20.9222029 ], [ -48.6597378, -20.9222311 ], [ -48.6598055, -20.9223138 ], [ -48.6598211, -20.922335 ], [ -48.6598333, -20.9223484 ], [ -48.6598521, -20.9223774 ], [ -48.6599011, -20.9224398 ], [ -48.6599086, -20.922455 ], [ -48.6599206, -20.9224686 ], [ -48.6599337, -20.9224907 ], [ -48.6599442, -20.9225048 ], [ -48.6599564, -20.9225272 ], [ -48.6599749, -20.9225569 ], [ -48.6600168, -20.9226259 ], [ -48.6600371, -20.9226568 ], [ -48.6600374, -20.9226573 ], [ -48.6600994, -20.9227609 ], [ -48.6601141, -20.922781 ], [ -48.660114, -20.9227806 ], [ -48.6601409, -20.9228268 ], [ -48.6602143, -20.9229401 ], [ -48.6602551, -20.9230092 ], [ -48.6602775, -20.923044 ], [ -48.6602949, -20.9230728 ], [ -48.6603038, -20.9230882 ], [ -48.6603036, -20.9230883 ], [ -48.6603163, -20.9231111 ], [ -48.6603539, -20.9231889 ], [ -48.6603839, -20.9232788 ], [ -48.6603943, -20.9233208 ], [ -48.6604024, -20.9233637 ], [ -48.6604074, -20.923417 ], [ -48.6604134, -20.9234606 ], [ -48.6604151, -20.9235152 ], [ -48.6604139, -20.9235884 ], [ -48.6604085, -20.9236512 ], [ -48.6604045, -20.9237234 ] ] ] } },
{ "type": "Feature", "properties": { "comp_m": 348.08 }, "geometry": { "type": "MultiLineString", "coordinates": [ [ [ -48.658915, -20.9237008 ], [ -48.6589002, -20.9237593 ], [ -48.6588471, -20.923922 ], [ -48.6588315, -20.9239802 ], [ -48.65882, -20.9240308 ], [ -48.658812, -20.9240736 ], [ -48.658806, -20.9241172 ], [ -48.6587969, -20.9242241 ], [ -48.6587853, -20.92433 ], [ -48.6587847, -20.9243332 ], [ -48.6587804, -20.9243782 ], [ -48.6587787, -20.9244241 ], [ -48.6587796, -20.92447 ], [ -48.6587822, -20.9245059 ], [ -48.6587823, -20.9245108 ], [ -48.6587915, -20.9245796 ], [ -48.6588039, -20.9246381 ], [ -48.6588129, -20.9246709 ], [ -48.6588241, -20.9247028 ], [ -48.6588525, -20.9247735 ], [ -48.6588869, -20.9248419 ], [ -48.6589336, -20.9249147 ], [ -48.6589656, -20.9249569 ], [ -48.659122, -20.9251333 ], [ -48.6591607, -20.9251731 ], [ -48.6592078, -20.9252176 ], [ -48.6592974, -20.9252964 ], [ -48.6593613, -20.9253477 ], [ -48.6594046, -20.9253804 ], [ -48.6594489, -20.9254111 ], [ -48.6595088, -20.92545 ], [ -48.6595551, -20.9254763 ], [ -48.6596346, -20.9255149 ], [ -48.6597171, -20.9255472 ], [ -48.6598343, -20.9255884 ], [ -48.6599337, -20.9256262 ], [ -48.6599828, -20.9256463 ], [ -48.6600247, -20.925661 ], [ -48.6600407, -20.9256684 ], [ -48.6600715, -20.925686 ], [ -48.6600936, -20.9257014 ], [ -48.6601209, -20.9257265 ], [ -48.6601551, -20.9257679 ], [ -48.6602013, -20.9258319 ], [ -48.6602241, -20.9258686 ], [ -48.6603041, -20.9260283 ], [ -48.6603327, -20.9260898 ], [ -48.6603516, -20.926146 ], [ -48.6603524, -20.9261504 ] ] ] } },
{ "type": "Feature", "properties": { "comp_m": 478.27 }, "geometry": { "type": "MultiLineString", "coordinates": [ [ [ -48.6584212, -20.9226251 ], [ -48.658466, -20.9226728 ], [ -48.6585072, -20.922721 ], [ -48.6585452, -20.9227705 ], [ -48.6585845, -20.9228286 ], [ -48.6586246, -20.9228956 ], [ -48.6586874, -20.9230088 ], [ -48.658748, -20.9231227 ], [ -48.6588026, -20.9232298 ], [ -48.6588018, -20.9232311 ], [ -48.6588232, -20.9232775 ], [ -48.6588479, -20.923341 ], [ -48.6588706, -20.9234052 ], [ -48.6588817, -20.9234464 ], [ -48.6588863, -20.923472 ], [ -48.65889, -20.923507 ], [ -48.6588997, -20.9236579 ], [ -48.6589003, -20.9236848 ], [ -48.6588982, -20.9237113 ], [ -48.6588928, -20.9237367 ], [ -48.658839, -20.9238988 ], [ -48.658814, -20.9239898 ], [ -48.6587993, -20.9240666 ], [ -48.6587875, -20.9241629 ], [ -48.6587872, -20.9241716 ], [ -48.6587687, -20.9243524 ], [ -48.6587647, -20.9244259 ], [ -48.6587651, -20.9244719 ], [ -48.6587681, -20.9245175 ], [ -48.658774, -20.9245621 ], [ -48.6587809, -20.9245969 ], [ -48.6587807, -20.9245982 ], [ -48.6587963, -20.9246646 ], [ -48.6588214, -20.9247365 ], [ -48.6588411, -20.9247833 ], [ -48.6588677, -20.9248365 ], [ -48.6588848, -20.9248662 ], [ -48.6589232, -20.9249241 ], [ -48.6589552, -20.9249664 ], [ -48.6590257, -20.9250484 ], [ -48.6591295, -20.9251631 ], [ -48.6592035, -20.9252332 ], [ -48.6592936, -20.9253124 ], [ -48.6594158, -20.9254063 ], [ -48.6594904, -20.9254555 ], [ -48.6595288, -20.9254778 ], [ -48.65956, -20.9254944 ], [ -48.65964, -20.9255322 ], [ -48.6596977, -20.9255546 ], [ -48.6598564, -20.9256115 ], [ -48.6599633, -20.9256538 ], [ -48.6600305, -20.9256769 ], [ -48.6600617, -20.9256937 ], [ -48.6600835, -20.9257098 ], [ -48.6601101, -20.9257355 ], [ -48.6601498, -20.9257839 ], [ -48.6601809, -20.9258265 ], [ -48.6602088, -20.9258702 ], [ -48.6602358, -20.9259233 ], [ -48.6603013, -20.9260614 ], [ -48.6603171, -20.9260916 ], [ -48.6603315, -20.9261355 ] ] ] } },
{ "type": "Feature", "properties": { "comp_m": 475.11 }, "geometry": { "type": "MultiLineString", "coordinates": [ [ [ -48.6584133, -20.9226349 ], [ -48.6584616, -20.9226862 ], [ -48.6584908, -20.9227209 ], [ -48.6585441, -20.9227925 ], [ -48.658578, -20.922844 ], [ -48.658626, -20.9229267 ], [ -48.6587085, -20.9230789 ], [ -48.6587644, -20.9231862 ], [ -48.6588014, -20.9232639 ], [ -48.6588015, -20.9232643 ], [ -48.6588216, -20.9233117 ], [ -48.6588481, -20.923384 ], [ -48.6588613, -20.9234248 ], [ -48.6588696, -20.9234583 ], [ -48.6588754, -20.9235018 ], [ -48.6588848, -20.9236812 ], [ -48.658882, -20.9237168 ], [ -48.6588747, -20.923751 ], [ -48.6588645, -20.923784 ], [ -48.6588351, -20.9238645 ], [ -48.6588193, -20.9239136 ], [ -48.6588016, -20.9239804 ], [ -48.6587895, -20.9240403 ], [ -48.6587888, -20.9240429 ], [ -48.6587799, -20.9241046 ], [ -48.6587575, -20.9243195 ], [ -48.658753, -20.9243737 ], [ -48.6587507, -20.9244285 ], [ -48.6587514, -20.9244831 ], [ -48.6587558, -20.9245369 ], [ -48.6587654, -20.9245981 ], [ -48.658779, -20.9246572 ], [ -48.6587799, -20.924658 ], [ -48.6588064, -20.9247383 ], [ -48.6588368, -20.9248081 ], [ -48.6588648, -20.9248608 ], [ -48.6588873, -20.9248975 ], [ -48.6589442, -20.9249755 ], [ -48.6590326, -20.9250777 ], [ -48.6591, -20.9251518 ], [ -48.6591451, -20.9251977 ], [ -48.659227, -20.9252725 ], [ -48.6592967, -20.9253322 ], [ -48.6593537, -20.9253773 ], [ -48.6594117, -20.9254204 ], [ -48.6594864, -20.9254693 ], [ -48.6595483, -20.9255036 ], [ -48.6596118, -20.9255346 ], [ -48.6596607, -20.9255549 ], [ -48.6597768, -20.9255983 ], [ -48.6598605, -20.9256276 ], [ -48.6599508, -20.9256638 ], [ -48.6600172, -20.9256883 ], [ -48.6600413, -20.9256994 ], [ -48.6600566, -20.9257083 ], [ -48.6600715, -20.9257184 ], [ -48.6600853, -20.9257301 ], [ -48.660116, -20.9257637 ], [ -48.6601491, -20.9258054 ], [ -48.6601744, -20.9258411 ], [ -48.6601963, -20.925878 ], [ -48.6602312, -20.9259461 ], [ -48.6603003, -20.9260916 ], [ -48.6603114, -20.926121 ] ] ] } },
{ "type": "Feature", "properties": { "comp_m": 471.84 }, "geometry": { "type": "MultiLineString", "coordinates": [ [ [ -48.658404, -20.9226462 ], [ -48.6584435, -20.9226852 ], [ -48.6584726, -20.9227199 ], [ -48.6585254, -20.9227914 ], [ -48.6585702, -20.9228567 ], [ -48.658646, -20.9229924 ], [ -48.6587227, -20.923137 ], [ -48.6587694, -20.9232289 ], [ -48.658801, -20.9232991 ], [ -48.6588009, -20.9232997 ], [ -48.6588417, -20.9234133 ], [ -48.6588518, -20.9234463 ], [ -48.6588574, -20.9234718 ], [ -48.658862, -20.9235162 ], [ -48.6588697, -20.9236883 ], [ -48.6588679, -20.923715 ], [ -48.658861, -20.9237493 ], [ -48.6588093, -20.9238962 ], [ -48.6587908, -20.9239634 ], [ -48.6587909, -20.9239648 ], [ -48.6587772, -20.9240236 ], [ -48.6587656, -20.9241016 ], [ -48.6587412, -20.92434 ], [ -48.6587361, -20.9244293 ], [ -48.6587379, -20.924501 ], [ -48.6587456, -20.9245709 ], [ -48.6587593, -20.9246385 ], [ -48.6587794, -20.9247035 ], [ -48.658779, -20.9247047 ], [ -48.6588099, -20.9247836 ], [ -48.6588484, -20.9248597 ], [ -48.6588894, -20.9249258 ], [ -48.6589436, -20.9249961 ], [ -48.6590022, -20.9250646 ], [ -48.6591325, -20.9252054 ], [ -48.6592071, -20.9252746 ], [ -48.6593125, -20.9253629 ], [ -48.65937, -20.9254075 ], [ -48.6594363, -20.9254542 ], [ -48.659497, -20.9254916 ], [ -48.6595517, -20.925521 ], [ -48.659624, -20.9255546 ], [ -48.6596817, -20.9255776 ], [ -48.6597649, -20.9256086 ], [ -48.6598573, -20.9256407 ], [ -48.6600054, -20.9257003 ], [ -48.6600449, -20.9257203 ], [ -48.660074, -20.9257417 ], [ -48.6600933, -20.9257614 ], [ -48.6601293, -20.9258023 ], [ -48.6601548, -20.925838 ], [ -48.6601776, -20.9258747 ], [ -48.6602099, -20.925935 ], [ -48.6602867, -20.9260963 ], [ -48.6602906, -20.9261062 ] ] ] } },
{ "type": "Feature", "properties": { "comp_m": 83.55 }, "geometry": { "type": "MultiLineString", "coordinates": [ [ [ -48.6600676, -20.9239836 ], [ -48.660056, -20.9240345 ], [ -48.6600088, -20.9241727 ], [ -48.6599994, -20.9242059 ], [ -48.659994, -20.9242315 ], [ -48.65999, -20.924267 ], [ -48.6599899, -20.924294 ], [ -48.6599944, -20.9243291 ], [ -48.6600019, -20.9243537 ], [ -48.6600095, -20.9243691 ], [ -48.6600189, -20.9243838 ], [ -48.6600482, -20.9244186 ], [ -48.6600882, -20.9244579 ], [ -48.6601244, -20.9244861 ], [ -48.6601477, -20.9244998 ], [ -48.6601804, -20.9245145 ], [ -48.660316, -20.9245625 ] ] ] } },
{ "type": "Feature", "properties": { "comp_m": 467.33 }, "geometry": { "type": "MultiLineString", "coordinates": [ [ [ -48.658401, -20.9226634 ], [ -48.6584343, -20.9226964 ], [ -48.6584742, -20.9227455 ], [ -48.6585266, -20.9228176 ], [ -48.6585695, -20.9228839 ], [ -48.6586696, -20.9230663 ], [ -48.6587448, -20.9232122 ], [ -48.6587782, -20.9232821 ], [ -48.6588, -20.9233381 ], [ -48.6588004, -20.9233384 ], [ -48.6588309, -20.9234286 ], [ -48.6588436, -20.9234793 ], [ -48.6588481, -20.9235239 ], [ -48.6588548, -20.9236876 ], [ -48.6588513, -20.9237232 ], [ -48.6588432, -20.9237575 ], [ -48.6587916, -20.9239048 ], [ -48.6587911, -20.9239061 ], [ -48.6587678, -20.9239987 ], [ -48.6587543, -20.9240766 ], [ -48.658728, -20.9243256 ], [ -48.658722, -20.9244253 ], [ -48.6587239, -20.9245068 ], [ -48.6587272, -20.9245423 ], [ -48.6587336, -20.9245857 ], [ -48.6587509, -20.9246616 ], [ -48.6587636, -20.9247027 ], [ -48.6587781, -20.9247431 ], [ -48.6587785, -20.9247444 ], [ -48.6588054, -20.9248067 ], [ -48.6588285, -20.9248524 ], [ -48.6588543, -20.9248971 ], [ -48.6588883, -20.9249477 ], [ -48.6589431, -20.9250177 ], [ -48.6589904, -20.9250724 ], [ -48.6591139, -20.9252055 ], [ -48.6592004, -20.9252884 ], [ -48.6592634, -20.9253421 ], [ -48.6593133, -20.9253821 ], [ -48.6593636, -20.925421 ], [ -48.6594374, -20.9254725 ], [ -48.6594908, -20.9255049 ], [ -48.6595455, -20.9255341 ], [ -48.65961, -20.9255636 ], [ -48.6596756, -20.9255904 ], [ -48.6597504, -20.9256185 ], [ -48.6598431, -20.9256501 ], [ -48.6599009, -20.9256727 ], [ -48.6600152, -20.9257209 ], [ -48.6600462, -20.9257384 ], [ -48.6600607, -20.9257492 ], [ -48.6600803, -20.9257688 ], [ -48.6601106, -20.9258027 ], [ -48.6601366, -20.9258383 ], [ -48.6601603, -20.9258746 ], [ -48.6601969, -20.9259424 ], [ -48.6602452, -20.9260419 ], [ -48.6602672, -20.9260895 ] ] ] } },
{ "type": "Feature", "properties": { "comp_m": 70.92 }, "geometry": { "type": "MultiLineString", "coordinates": [ [ [ -48.6600649, -20.9240467 ], [ -48.6600537, -20.9240884 ], [ -48.6600174, -20.9241936 ], [ -48.6600057, -20.9242444 ], [ -48.6600029, -20.9242709 ], [ -48.660003, -20.9242978 ], [ -48.6600069, -20.9243241 ], [ -48.6600153, -20.9243486 ], [ -48.6600332, -20.9243783 ], [ -48.6600565, -20.9244056 ], [ -48.660103, -20.924451 ], [ -48.6601315, -20.9244741 ], [ -48.6601545, -20.9244879 ], [ -48.660179, -20.924499 ], [ -48.6602887, -20.9245381 ] ] ] } },
{ "type": "Feature", "properties": { "comp_m": 108.8 }, "geometry": { "type": "MultiLineString", "coordinates": [ [ [ -48.6594547, -20.925499 ], [ -48.6594675, -20.925507 ], [ -48.6594742, -20.9255132 ], [ -48.6594839, -20.9255184 ], [ -48.6595153, -20.9255357 ], [ -48.6595477, -20.925551 ], [ -48.6596459, -20.9255941 ], [ -48.6598571, -20.9256698 ], [ -48.6599729, -20.9257175 ], [ -48.6600134, -20.9257363 ], [ -48.6600441, -20.9257552 ], [ -48.6600652, -20.9257732 ], [ -48.6600901, -20.9258006 ], [ -48.660117, -20.9258361 ], [ -48.6601414, -20.9258727 ], [ -48.660163, -20.9259103 ], [ -48.6601869, -20.9259561 ], [ -48.6602165, -20.9260181 ], [ -48.6602328, -20.9260486 ], [ -48.6602425, -20.9260718 ] ] ] } },
{ "type": "Feature", "properties": { "comp_m": 81.2 }, "geometry": { "type": "MultiLineString", "coordinates": [ [ [ -48.6596125, -20.9256092 ], [ -48.6596202, -20.9256139 ], [ -48.6596464, -20.9256212 ], [ -48.6597044, -20.9256449 ], [ -48.6597985, -20.9256758 ], [ -48.6599729, -20.9257461 ], [ -48.6600053, -20.9257613 ], [ -48.6600355, -20.9257815 ], [ -48.6600562, -20.9258001 ], [ -48.6600813, -20.9258273 ], [ -48.6600917, -20.9258417 ], [ -48.6601241, -20.9258936 ], [ -48.6601568, -20.9259544 ], [ -48.6601916, -20.9260329 ], [ -48.6601942, -20.9260373 ] ] ] } },
{ "type": "Feature", "properties": { "comp_m": 92.92 }, "geometry": { "type": "MultiLineString", "coordinates": [ [ [ -48.6595502, -20.9255682 ], [ -48.6596243, -20.9255997 ], [ -48.6597169, -20.9256339 ], [ -48.6598019, -20.925663 ], [ -48.6599021, -20.9257021 ], [ -48.6599926, -20.9257406 ], [ -48.6600085, -20.9257489 ], [ -48.6600314, -20.9257636 ], [ -48.6600599, -20.9257868 ], [ -48.6600791, -20.9258065 ], [ -48.6600956, -20.9258276 ], [ -48.6601296, -20.9258789 ], [ -48.6601713, -20.9259547 ], [ -48.6601999, -20.9260171 ], [ -48.6602203, -20.9260552 ], [ -48.6602206, -20.9260561 ] ] ] } },
{ "type": "Feature", "properties": { "comp_m": 48.39 }, "geometry": { "type": "MultiLineString", "coordinates": [ [ [ -48.6600625, -20.9241482 ], [ -48.6600584, -20.9241652 ], [ -48.6600412, -20.924214 ], [ -48.6600329, -20.9242573 ], [ -48.6600318, -20.9242843 ], [ -48.6600331, -20.9243021 ], [ -48.6600388, -20.9243278 ], [ -48.6600452, -20.924344 ], [ -48.6600591, -20.9243662 ], [ -48.6600765, -20.9243869 ], [ -48.6601021, -20.9244137 ], [ -48.6601299, -20.9244384 ], [ -48.6601523, -20.9244542 ], [ -48.6601761, -20.9244674 ], [ -48.6602009, -20.9244782 ], [ -48.6602349, -20.9244887 ] ] ] } },
{ "type": "Feature", "properties": { "comp_m": 74.86 }, "geometry": { "type": "MultiLineString", "coordinates": [ [ [ -48.6596276, -20.9256306 ], [ -48.6596448, -20.9256359 ], [ -48.6596774, -20.9256505 ], [ -48.6597629, -20.925678 ], [ -48.6598215, -20.9257 ], [ -48.6599789, -20.9257635 ], [ -48.6600028, -20.9257755 ], [ -48.6600254, -20.9257905 ], [ -48.6600466, -20.9258085 ], [ -48.6600657, -20.9258286 ], [ -48.6600818, -20.92585 ], [ -48.6601053, -20.9258867 ], [ -48.6601458, -20.9259627 ], [ -48.660169, -20.9260193 ] ] ] } },
{ "type": "Feature", "properties": { "comp_m": 38.34 }, "geometry": { "type": "MultiLineString", "coordinates": [ [ [ -48.6600665, -20.9241838 ], [ -48.660053, -20.9242252 ], [ -48.6600481, -20.924252 ], [ -48.6600465, -20.9242701 ], [ -48.6600484, -20.9243059 ], [ -48.6600523, -20.9243232 ], [ -48.6600584, -20.9243397 ], [ -48.6600668, -20.9243552 ], [ -48.6600772, -20.9243699 ], [ -48.6600892, -20.9243837 ], [ -48.6601095, -20.9244031 ], [ -48.6601539, -20.9244379 ], [ -48.6602001, -20.9244669 ] ] ] } },
{ "type": "Feature", "properties": { "comp_m": 56.72 }, "geometry": { "type": "MultiLineString", "coordinates": [ [ [ -48.659713, -20.9256932 ], [ -48.6598038, -20.9257217 ], [ -48.6598879, -20.9257546 ], [ -48.6599119, -20.9257671 ], [ -48.6599373, -20.9257767 ], [ -48.6599785, -20.9257952 ], [ -48.6600098, -20.9258139 ], [ -48.6600237, -20.9258257 ], [ -48.6600363, -20.9258391 ], [ -48.6600582, -20.9258682 ], [ -48.6600947, -20.9259281 ], [ -48.6601176, -20.9259748 ], [ -48.660126, -20.9259885 ] ] ] } },
{ "type": "Feature", "properties": { "comp_m": 63.54 }, "geometry": { "type": "MultiLineString", "coordinates": [ [ [ -48.6596889, -20.9256676 ], [ -48.659714, -20.9256778 ], [ -48.6597832, -20.9256998 ], [ -48.6598592, -20.9257287 ], [ -48.6599754, -20.9257778 ], [ -48.6599995, -20.9257905 ], [ -48.6600222, -20.9258057 ], [ -48.6600362, -20.9258176 ], [ -48.660055, -20.9258382 ], [ -48.6600906, -20.9258894 ], [ -48.6601075, -20.9259199 ], [ -48.6601345, -20.9259742 ], [ -48.6601456, -20.9260025 ] ] ] } },
{ "type": "Feature", "properties": { "comp_m": 38.73 }, "geometry": { "type": "MultiLineString", "coordinates": [ [ [ -48.6597903, -20.9257485 ], [ -48.6598058, -20.9257523 ], [ -48.6598724, -20.925777 ], [ -48.6598983, -20.9257824 ], [ -48.6599037, -20.9257898 ], [ -48.6599458, -20.9258086 ], [ -48.6599703, -20.9258218 ], [ -48.6599932, -20.9258385 ], [ -48.6600068, -20.9258514 ], [ -48.660024, -20.9258731 ], [ -48.6600686, -20.9259415 ], [ -48.6600734, -20.9259509 ] ] ] } },
{ "type": "Feature", "properties": { "comp_m": 28.08 }, "geometry": { "type": "MultiLineString", "coordinates": [ [ [ -48.6600695, -20.9242139 ], [ -48.6600644, -20.9242414 ], [ -48.6600614, -20.9242699 ], [ -48.6600623, -20.9242982 ], [ -48.6600659, -20.9243164 ], [ -48.6600722, -20.9243336 ], [ -48.6600861, -20.9243578 ], [ -48.6601048, -20.9243797 ], [ -48.6601274, -20.9243991 ], [ -48.6601266, -20.924398 ], [ -48.6601631, -20.9244292 ] ] ] } },
{ "type": "Feature", "properties": { "comp_m": 17.61 }, "geometry": { "type": "MultiLineString", "coordinates": [ [ [ -48.6600776, -20.9242507 ], [ -48.6600767, -20.924286 ], [ -48.6600792, -20.9243026 ], [ -48.6600838, -20.9243184 ], [ -48.6600946, -20.9243407 ], [ -48.6601317, -20.9243968 ] ] ] } },
{ "type": "Feature", "properties": { "comp_m": 45.14 }, "geometry": { "type": "MultiLineString", "coordinates": [ [ [ -48.6597506, -20.9257201 ], [ -48.6597945, -20.9257331 ], [ -48.65982, -20.9257421 ], [ -48.6598787, -20.9257651 ], [ -48.6599015, -20.9257774 ], [ -48.6599006, -20.9257781 ], [ -48.6599359, -20.9257902 ], [ -48.6599619, -20.9258018 ], [ -48.6599867, -20.925816 ], [ -48.6600092, -20.9258334 ], [ -48.6600224, -20.9258468 ], [ -48.6600395, -20.9258692 ], [ -48.6600882, -20.9259472 ] ] ] } },
{ "type": "Feature", "properties": { "comp_m": 19.21 }, "geometry": { "type": "MultiLineString", "coordinates": [ [ [ -48.6598694, -20.9258051 ], [ -48.6598845, -20.9258107 ], [ -48.6599347, -20.9258338 ], [ -48.659959, -20.9258473 ], [ -48.6599736, -20.9258591 ], [ -48.6599867, -20.9258728 ], [ -48.6600129, -20.9259076 ] ] ] } },
{ "type": "Feature", "properties": { "comp_m": 28.74 }, "geometry": { "type": "MultiLineString", "coordinates": [ [ [ -48.659831, -20.9257776 ], [ -48.6598499, -20.9257843 ], [ -48.659898, -20.9257983 ], [ -48.6598979, -20.9257976 ], [ -48.6599132, -20.9258077 ], [ -48.659946, -20.9258234 ], [ -48.6599621, -20.9258326 ], [ -48.6599772, -20.9258436 ], [ -48.659991, -20.9258561 ], [ -48.6600142, -20.9258845 ], [ -48.6600417, -20.9259283 ] ] ] } },
{ "type": "Feature", "properties": { "comp_m": 236.12 }, "geometry": { "type": "MultiLineString", "coordinates": [ [ [ -48.6595699, -20.9225256 ], [ -48.6595724, -20.922533 ], [ -48.659627, -20.9226304 ], [ -48.6597276, -20.9228282 ], [ -48.6597493, -20.9228744 ], [ -48.6597829, -20.9229524 ], [ -48.6598239, -20.9230639 ], [ -48.6598416, -20.9231206 ], [ -48.6598755, -20.9232438 ], [ -48.6598936, -20.9233275 ], [ -48.6599008, -20.9233701 ], [ -48.6599054, -20.9234137 ], [ -48.6599091, -20.9234756 ], [ -48.6599149, -20.9236365 ], [ -48.6599162, -20.9237355 ], [ -48.6599125, -20.9237981 ], [ -48.6599022, -20.9238764 ], [ -48.6598939, -20.9239189 ], [ -48.6598812, -20.9239687 ], [ -48.6598688, -20.9240095 ], [ -48.6598304, -20.9241222 ], [ -48.6598145, -20.9241799 ], [ -48.659808, -20.9242139 ], [ -48.6598032, -20.9242578 ], [ -48.659798, -20.9243742 ], [ -48.6597999, -20.9243915 ], [ -48.6598052, -20.9244168 ], [ -48.6598088, -20.9244244 ], [ -48.6598143, -20.9244313 ], [ -48.6598148, -20.9244307 ], [ -48.6598171, -20.9244413 ], [ -48.6598259, -20.9244627 ] ] ] } },
{ "type": "Feature", "properties": { "comp_m": 220.94 }, "geometry": { "type": "MultiLineString", "coordinates": [ [ [ -48.6596301, -20.9226028 ], [ -48.6596302, -20.9226033 ], [ -48.6596335, -20.922611 ], [ -48.659646, -20.9226335 ], [ -48.659756, -20.9228546 ], [ -48.6597866, -20.9229245 ], [ -48.6598151, -20.9229952 ], [ -48.6598529, -20.9231077 ], [ -48.659889, -20.9232388 ], [ -48.6599077, -20.9233222 ], [ -48.6599176, -20.9233908 ], [ -48.6599235, -20.92347 ], [ -48.6599293, -20.9236757 ], [ -48.6599294, -20.9237477 ], [ -48.6599248, -20.9238191 ], [ -48.6599113, -20.9239051 ], [ -48.6599057, -20.9239303 ], [ -48.6598775, -20.9240286 ], [ -48.6598392, -20.9241412 ], [ -48.6598247, -20.9241993 ], [ -48.6598181, -20.9242515 ], [ -48.6598103, -20.9243673 ], [ -48.6598129, -20.9243935 ], [ -48.6598219, -20.9244263 ] ] ] } },
{ "type": "Feature", "properties": { "comp_m": 248.41 }, "geometry": { "type": "MultiLineString", "coordinates": [ [ [ -48.6594873, -20.9224157 ], [ -48.6595033, -20.9224419 ], [ -48.6595072, -20.9224495 ], [ -48.6595885, -20.9225905 ], [ -48.6596213, -20.9226505 ], [ -48.659721, -20.9228478 ], [ -48.6597633, -20.9229403 ], [ -48.6598049, -20.9230511 ], [ -48.6598277, -20.9231237 ], [ -48.6598615, -20.9232465 ], [ -48.659884, -20.9233553 ], [ -48.6598925, -20.9234334 ], [ -48.659896, -20.9235313 ], [ -48.6599013, -20.9236195 ], [ -48.6599021, -20.9237274 ], [ -48.6598979, -20.9238078 ], [ -48.6598831, -20.9239023 ], [ -48.6598698, -20.9239608 ], [ -48.6598236, -20.9240973 ], [ -48.6597998, -20.924179 ], [ -48.65979, -20.9242481 ], [ -48.6597823, -20.9243637 ], [ -48.6597824, -20.9243815 ], [ -48.6597919, -20.9244231 ], [ -48.6598082, -20.9244532 ], [ -48.6598132, -20.9244603 ], [ -48.6598202, -20.9244656 ] ] ] } },
{ "type": "Feature", "properties": { "comp_m": 307.69 }, "geometry": { "type": "MultiLineString", "coordinates": [ [ [ -48.659435, -20.9223576 ], [ -48.6594363, -20.9223601 ], [ -48.6594828, -20.9224331 ], [ -48.6596127, -20.9226651 ], [ -48.6597091, -20.9228552 ], [ -48.6597478, -20.9229402 ], [ -48.6597903, -20.923051 ], [ -48.6598206, -20.9231482 ], [ -48.6598491, -20.9232551 ], [ -48.6598689, -20.9233473 ], [ -48.6598781, -20.9234342 ], [ -48.6598817, -20.9235414 ], [ -48.6598872, -20.9236298 ], [ -48.659888, -20.9237199 ], [ -48.6598854, -20.9237919 ], [ -48.6598746, -20.9238699 ], [ -48.6598582, -20.9239456 ], [ -48.6598388, -20.924011 ], [ -48.6598025, -20.9241153 ], [ -48.6597864, -20.9241729 ], [ -48.659782, -20.9241986 ], [ -48.6597761, -20.9242511 ], [ -48.6597662, -20.9243839 ] ] ] } },
{ "type": "Feature", "properties": { "comp_m": 250.61 }, "geometry": { "type": "MultiLineString", "coordinates": [ [ [ -48.6593441, -20.9222485 ], [ -48.6593696, -20.9222916 ], [ -48.6594078, -20.9223391 ], [ -48.6594791, -20.9224568 ], [ -48.6596083, -20.9226883 ], [ -48.6597039, -20.9228782 ], [ -48.6597415, -20.9229634 ], [ -48.6597774, -20.9230583 ], [ -48.6598161, -20.9231882 ], [ -48.6598317, -20.9232455 ], [ -48.6598471, -20.9233119 ], [ -48.6598582, -20.92338 ], [ -48.6598637, -20.9234501 ], [ -48.6598729, -20.9236632 ], [ -48.6598733, -20.9237442 ], [ -48.6598714, -20.92378 ], [ -48.6598623, -20.9238585 ], [ -48.6598443, -20.9239425 ], [ -48.659827, -20.9239995 ], [ -48.6597881, -20.9241115 ], [ -48.6597758, -20.9241522 ], [ -48.6597701, -20.9241773 ], [ -48.6597647, -20.9242116 ], [ -48.6597577, -20.924291 ], [ -48.6597542, -20.9243713 ], [ -48.6597548, -20.9243798 ], [ -48.6597577, -20.9243879 ] ] ] } },
{ "type": "Feature", "properties": { "comp_m": 2.87 }, "geometry": { "type": "MultiLineString", "coordinates": [ [ [ -48.6596211, -20.9223499 ], [ -48.6596375, -20.9223707 ] ] ] } },
{ "type": "Feature", "properties": { "comp_m": 284.97 }, "geometry": { "type": "MultiLineString", "coordinates": [ [ [ -48.6588424, -20.922081 ], [ -48.6588604, -20.9220944 ], [ -48.6589027, -20.9221295 ], [ -48.658937, -20.9221602 ], [ -48.6589824, -20.9222057 ], [ -48.6590308, -20.9222599 ], [ -48.6590758, -20.9223154 ], [ -48.6591553, -20.9224211 ], [ -48.6592267, -20.9225299 ], [ -48.6593247, -20.922701 ], [ -48.6593654, -20.9227761 ], [ -48.6594748, -20.9229971 ], [ -48.6594882, -20.9230282 ], [ -48.6595246, -20.923123 ], [ -48.6595467, -20.923187 ], [ -48.6595742, -20.9232761 ], [ -48.6595947, -20.9233677 ], [ -48.6596047, -20.9234452 ], [ -48.659614, -20.9236946 ], [ -48.6596143, -20.9237575 ], [ -48.6596083, -20.9238099 ], [ -48.6595973, -20.9238603 ], [ -48.6595689, -20.9239585 ], [ -48.6595273, -20.9240787 ], [ -48.6595112, -20.9241452 ], [ -48.6595028, -20.9242058 ], [ -48.6595, -20.9242778 ], [ -48.6594908, -20.9243746 ], [ -48.659487, -20.9244366 ] ] ] } },
{ "type": "Feature", "properties": { "comp_m": 286.97 }, "geometry": { "type": "MultiLineString", "coordinates": [ [ [ -48.6588349, -20.9220928 ], [ -48.6588416, -20.922097 ], [ -48.658884, -20.9221316 ], [ -48.6589184, -20.9221624 ], [ -48.6589711, -20.9222146 ], [ -48.659013, -20.922262 ], [ -48.6590589, -20.922317 ], [ -48.6591282, -20.9224083 ], [ -48.6591539, -20.9224437 ], [ -48.659215, -20.9225381 ], [ -48.6592496, -20.9225972 ], [ -48.659345, -20.9227689 ], [ -48.6593687, -20.9228141 ], [ -48.6594658, -20.9230121 ], [ -48.6594854, -20.9230589 ], [ -48.6595148, -20.923138 ], [ -48.6595581, -20.923275 ], [ -48.6595798, -20.9233661 ], [ -48.6595893, -20.9234346 ], [ -48.6595918, -20.9234697 ], [ -48.6595996, -20.9237011 ], [ -48.6595996, -20.923764 ], [ -48.6595914, -20.9238245 ], [ -48.6595775, -20.9238827 ], [ -48.6595576, -20.9239476 ], [ -48.6595347, -20.9240113 ], [ -48.6595136, -20.9240757 ], [ -48.6594959, -20.9241506 ], [ -48.6594882, -20.9242114 ], [ -48.659477, -20.9243801 ], [ -48.659475, -20.9244339 ], [ -48.6594764, -20.9244605 ], [ -48.6594782, -20.9244688 ] ] ] } },
{ "type": "Feature", "properties": { "comp_m": 233.76 }, "geometry": { "type": "MultiLineString", "coordinates": [ [ [ -48.6587487, -20.9222371 ], [ -48.6588074, -20.9222873 ], [ -48.6588565, -20.9223346 ], [ -48.6588945, -20.9223776 ], [ -48.6589265, -20.9224229 ], [ -48.6589332, -20.9224287 ], [ -48.6589365, -20.9224365 ], [ -48.6589416, -20.9224436 ], [ -48.6589535, -20.9224573 ], [ -48.6589906, -20.9225067 ], [ -48.6590098, -20.9225357 ], [ -48.6590213, -20.9225495 ], [ -48.6590249, -20.9225572 ], [ -48.6590402, -20.9225786 ], [ -48.6590585, -20.922608 ], [ -48.65907, -20.9226308 ], [ -48.6590923, -20.9226677 ], [ -48.6591833, -20.9228327 ], [ -48.6592465, -20.9229538 ], [ -48.6593065, -20.9230761 ], [ -48.6593431, -20.9231619 ], [ -48.6593727, -20.9232503 ], [ -48.6594011, -20.9233663 ], [ -48.6594067, -20.9233913 ], [ -48.6594147, -20.9234426 ], [ -48.6594181, -20.9234866 ], [ -48.6594182, -20.9235129 ], [ -48.6594214, -20.9235478 ], [ -48.6594243, -20.9237272 ], [ -48.6594208, -20.9237807 ], [ -48.6594128, -20.9238232 ], [ -48.6593944, -20.923889 ], [ -48.6593551, -20.9240012 ], [ -48.6593402, -20.9240514 ], [ -48.6593305, -20.9240898 ], [ -48.6593216, -20.9241429 ], [ -48.6593163, -20.9241901 ], [ -48.6593147, -20.9241977 ], [ -48.6593123, -20.9242448 ], [ -48.6593092, -20.924271 ], [ -48.6593079, -20.9243248 ], [ -48.6593013, -20.9244226 ], [ -48.6593011, -20.9244586 ], [ -48.659303, -20.9244849 ], [ -48.6593077, -20.9245193 ], [ -48.6593189, -20.9245602 ], [ -48.6593451, -20.9246136 ], [ -48.6593739, -20.9246569 ], [ -48.6594254, -20.9247189 ], [ -48.6594912, -20.9247933 ], [ -48.6595288, -20.924833 ], [ -48.6595559, -20.9248578 ], [ -48.6595843, -20.9248806 ], [ -48.6596173, -20.9249123 ], [ -48.6596791, -20.924967 ], [ -48.6597004, -20.9249841 ], [ -48.659766, -20.9250317 ], [ -48.6598042, -20.9250543 ], [ -48.6598598, -20.9250814 ], [ -48.6598927, -20.9250943 ], [ -48.6599438, -20.9251101 ], [ -48.6601265, -20.9251778 ], [ -48.6601756, -20.9251978 ], [ -48.6602483, -20.92523 ], [ -48.6603351, -20.9252737 ], [ -48.6603737, -20.9252955 ], [ -48.6604338, -20.9253338 ], [ -48.6604706, -20.9253594 ], [ -48.660477, -20.9253654 ], [ -48.6605191, -20.9254129 ], [ -48.6606203, -20.9255465 ], [ -48.6606489, -20.92559 ], [ -48.6606873, -20.9256568 ], [ -48.6607485, -20.9257783 ], [ -48.6608226, -20.9259401 ], [ -48.6608477, -20.9260029 ], [ -48.6608646, -20.9260507 ], [ -48.6608716, -20.9260751 ], [ -48.6608743, -20.9260922 ], [ -48.6608759, -20.9260911 ], [ -48.6608963, -20.9261577 ], [ -48.6608965, -20.9261591 ], [ -48.6609207, -20.9262564 ], [ -48.6609238, -20.9262672 ], [ -48.6609514, -20.9264047 ], [ -48.6609667, -20.9264913 ], [ -48.6609774, -20.9265704 ], [ -48.6609823, -20.9266316 ] ] ] } },
{ "type": "Feature", "properties": { "comp_m": 292.88 }, "geometry": { "type": "MultiLineString", "coordinates": [ [ [ -48.6583418, -20.9227225 ], [ -48.6583845, -20.922769 ], [ -48.6584334, -20.9228319 ], [ -48.6584781, -20.9228964 ], [ -48.6585254, -20.922978 ], [ -48.6586174, -20.923151 ], [ -48.6586786, -20.9232725 ], [ -48.6587314, -20.9233971 ], [ -48.6587541, -20.9234698 ], [ -48.6587617, -20.9235121 ], [ -48.6587639, -20.9235383 ], [ -48.6587656, -20.9236098 ], [ -48.6587697, -20.9236714 ], [ -48.6587676, -20.9237068 ], [ -48.658765, -20.923724 ], [ -48.658758, -20.9237485 ], [ -48.6587213, -20.9238432 ], [ -48.6587083, -20.9238836 ], [ -48.6586872, -20.9239663 ], [ -48.6586724, -20.9240424 ], [ -48.6586533, -20.924199 ], [ -48.6586503, -20.9242435 ], [ -48.6586388, -20.9243575 ], [ -48.6586354, -20.9244652 ], [ -48.6586398, -20.9245357 ], [ -48.6586494, -20.9246043 ], [ -48.6586625, -20.9246625 ], [ -48.6586868, -20.9247436 ], [ -48.6587286, -20.9248453 ], [ -48.6587735, -20.9249277 ], [ -48.6588216, -20.9249999 ], [ -48.6589107, -20.925111 ], [ -48.65894, -20.9251405 ] ], [ [ -48.6589513, -20.9251486 ], [ -48.6589587, -20.9251449 ], [ -48.6589725, -20.9251594 ], [ -48.6589782, -20.9251678 ] ] ] } },
{ "type": "Feature", "properties": { "comp_m": 326.84 }, "geometry": { "type": "MultiLineString", "coordinates": [ [ [ -48.6583827, -20.9226818 ], [ -48.6584411, -20.9227511 ], [ -48.6584907, -20.9228149 ], [ -48.6585258, -20.9228658 ], [ -48.6585526, -20.9229107 ], [ -48.6586394, -20.9230704 ], [ -48.6587376, -20.9232624 ], [ -48.6587719, -20.923341 ], [ -48.6587864, -20.9233814 ], [ -48.6587987, -20.9234225 ], [ -48.6587986, -20.9234235 ], [ -48.6588086, -20.9234568 ], [ -48.6588164, -20.9235002 ], [ -48.6588257, -20.9236726 ], [ -48.6588232, -20.9237087 ], [ -48.658818, -20.9237348 ], [ -48.6588104, -20.92376 ], [ -48.6587925, -20.9238087 ], [ -48.6587931, -20.9238106 ], [ -48.6587742, -20.9238671 ], [ -48.6587553, -20.9239328 ], [ -48.658741, -20.9239912 ], [ -48.6587297, -20.9240508 ], [ -48.6587205, -20.9241203 ], [ -48.6587, -20.9243137 ], [ -48.6586951, -20.924376 ], [ -48.6586931, -20.9244301 ], [ -48.6586937, -20.924484 ], [ -48.6586967, -20.9245282 ], [ -48.6587021, -20.9245715 ], [ -48.65871, -20.9246139 ], [ -48.6587222, -20.9246636 ], [ -48.6587393, -20.9247206 ], [ -48.6587567, -20.9247685 ], [ -48.6587771, -20.9248152 ], [ -48.6587776, -20.9248155 ], [ -48.6588053, -20.9248695 ], [ -48.658827, -20.9249074 ], [ -48.658851, -20.9249444 ], [ -48.6588832, -20.9249876 ], [ -48.6589237, -20.9250368 ], [ -48.6589903, -20.9251131 ], [ -48.6590767, -20.9252096 ], [ -48.6591244, -20.9252558 ], [ -48.6591357, -20.9252696 ], [ -48.6591397, -20.925277 ], [ -48.6591524, -20.9252811 ], [ -48.6591889, -20.9253162 ], [ -48.6591938, -20.9253203 ], [ -48.6592091, -20.9253322 ], [ -48.659217, -20.9253376 ], [ -48.6592282, -20.9253456 ], [ -48.6592309, -20.9253485 ] ] ] } },
{ "type": "Feature", "properties": { "comp_m": 324.44 }, "geometry": { "type": "MultiLineString", "coordinates": [ [ [ -48.658394, -20.9226748 ], [ -48.6584474, -20.9227362 ], [ -48.658486, -20.9227855 ], [ -48.6585271, -20.922843 ], [ -48.6585601, -20.9228944 ], [ -48.6586425, -20.9230456 ], [ -48.658733, -20.9232211 ], [ -48.6587724, -20.9233065 ], [ -48.6587992, -20.9233784 ], [ -48.6587995, -20.9233798 ], [ -48.6588205, -20.9234459 ], [ -48.658831, -20.9234977 ], [ -48.658834, -20.9235335 ], [ -48.6588397, -20.9236796 ], [ -48.6588369, -20.9237158 ], [ -48.6588316, -20.9237421 ], [ -48.6587929, -20.9238575 ], [ -48.6587919, -20.9238585 ], [ -48.6587613, -20.9239661 ], [ -48.6587501, -20.924017 ], [ -48.6587427, -20.9240601 ], [ -48.6587141, -20.9243162 ], [ -48.6587075, -20.9244334 ], [ -48.6587079, -20.9244785 ], [ -48.65871, -20.9245142 ], [ -48.6587149, -20.9245581 ], [ -48.6587221, -20.924601 ], [ -48.6587315, -20.924643 ], [ -48.6587452, -20.9246927 ], [ -48.658756, -20.9247251 ], [ -48.6587774, -20.924781 ], [ -48.6587776, -20.9247814 ], [ -48.6588118, -20.9248505 ], [ -48.6588369, -20.9248958 ], [ -48.6588655, -20.9249397 ], [ -48.6588974, -20.9249824 ], [ -48.6589549, -20.9250519 ], [ -48.6590278, -20.9251341 ], [ -48.6590976, -20.925208 ], [ -48.6591763, -20.9252865 ], [ -48.6591825, -20.9252921 ], [ -48.6592094, -20.9253156 ] ] ] } },
{ "type": "Feature", "properties": { "comp_m": 308.96 }, "geometry": { "type": "MultiLineString", "coordinates": [ [ [ -48.6583707, -20.922692 ], [ -48.6584368, -20.9227674 ], [ -48.6584698, -20.92281 ], [ -48.6584955, -20.9228461 ], [ -48.6585327, -20.9229054 ], [ -48.6585998, -20.9230267 ], [ -48.6586995, -20.9232181 ], [ -48.6587441, -20.9233112 ], [ -48.6587639, -20.9233587 ], [ -48.6587781, -20.9233991 ], [ -48.6587899, -20.9234404 ], [ -48.6587971, -20.9234743 ], [ -48.6587997, -20.9234758 ], [ -48.6588118, -20.9236769 ], [ -48.6588101, -20.923704 ], [ -48.6588071, -20.9237217 ], [ -48.6587998, -20.9237475 ], [ -48.6587931, -20.923764 ], [ -48.6587934, -20.9237648 ], [ -48.6587533, -20.9238859 ], [ -48.6587414, -20.9239268 ], [ -48.6587206, -20.9240191 ], [ -48.6587093, -20.9240877 ], [ -48.6586853, -20.924316 ], [ -48.6586804, -20.9243872 ], [ -48.6586792, -20.9244506 ], [ -48.6586805, -20.9245135 ], [ -48.6586835, -20.9245485 ], [ -48.6586892, -20.9245826 ], [ -48.6587056, -20.9246578 ], [ -48.6587306, -20.924739 ], [ -48.6587657, -20.9248254 ], [ -48.6587849, -20.9248634 ], [ -48.6588104, -20.9249081 ], [ -48.6588393, -20.9249516 ], [ -48.658898, -20.9250292 ], [ -48.6589644, -20.9251039 ], [ -48.6590051, -20.925152 ], [ -48.6590724, -20.9252261 ], [ -48.6590747, -20.9252277 ], [ -48.6590941, -20.9252489 ] ] ] } },
{ "type": "Feature", "properties": { "comp_m": 22.79 }, "geometry": { "type": "MultiLineString", "coordinates": [ [ [ -48.6589715, -20.9218801 ], [ -48.6590906, -20.921979 ], [ -48.6591341, -20.9220179 ] ] ] } },
{ "type": "Feature", "properties": { "comp_m": 303.07 }, "geometry": { "type": "MultiLineString", "coordinates": [ [ [ -48.6583593, -20.922701 ], [ -48.6583909, -20.9227338 ], [ -48.65842, -20.9227684 ], [ -48.6584828, -20.9228539 ], [ -48.6585116, -20.9228977 ], [ -48.6585994, -20.9230558 ], [ -48.6586821, -20.9232157 ], [ -48.6587233, -20.9233003 ], [ -48.6587407, -20.9233393 ], [ -48.658756, -20.923379 ], [ -48.6587717, -20.9234277 ], [ -48.6587801, -20.9234609 ], [ -48.6587892, -20.9235211 ], [ -48.6587954, -20.9236369 ], [ -48.6587953, -20.9236427 ], [ -48.6587979, -20.9236572 ], [ -48.6587988, -20.9236757 ], [ -48.6587946, -20.9237125 ], [ -48.6587943, -20.9237148 ], [ -48.658783, -20.923756 ], [ -48.6587309, -20.9239088 ], [ -48.6587166, -20.9239671 ], [ -48.6587013, -20.9240433 ], [ -48.6586925, -20.9241038 ], [ -48.6586694, -20.9243324 ], [ -48.6586659, -20.9243767 ], [ -48.6586641, -20.924431 ], [ -48.6586647, -20.9244941 ], [ -48.6586679, -20.9245381 ], [ -48.6586753, -20.9245896 ], [ -48.6586876, -20.9246483 ], [ -48.6587067, -20.9247135 ], [ -48.6587363, -20.9247929 ], [ -48.6587566, -20.9248396 ], [ -48.6587767, -20.9248773 ], [ -48.6587759, -20.9248781 ], [ -48.6588234, -20.9249531 ], [ -48.6588775, -20.9250257 ], [ -48.6590043, -20.925173 ], [ -48.6590297, -20.9252004 ], [ -48.6590468, -20.9252169 ] ] ] } },
{ "type": "Feature", "properties": { "comp_m": 14.17 }, "geometry": { "type": "MultiLineString", "coordinates": [ [ [ -48.6589779, -20.9218717 ], [ -48.6590118, -20.9218951 ], [ -48.6590808, -20.9219552 ] ] ] } },
{ "type": "Feature", "properties": { "comp_m": 274.94 }, "geometry": { "type": "MultiLineString", "coordinates": [ [ [ -48.6583235, -20.9227449 ], [ -48.6583508, -20.9227744 ], [ -48.658432, -20.9228794 ], [ -48.6584696, -20.9229375 ], [ -48.6584993, -20.9229896 ], [ -48.658626, -20.9232309 ], [ -48.6586665, -20.923315 ], [ -48.6586864, -20.9233617 ], [ -48.6587011, -20.9234013 ], [ -48.6587175, -20.9234493 ], [ -48.6587284, -20.9234904 ], [ -48.6587328, -20.9235158 ], [ -48.6587356, -20.9235508 ], [ -48.6587367, -20.9236135 ], [ -48.6587401, -20.9236845 ], [ -48.6587388, -20.9237022 ], [ -48.6587316, -20.9237358 ], [ -48.6586932, -20.9238389 ], [ -48.6586778, -20.9238875 ], [ -48.6586589, -20.9239619 ], [ -48.658643, -20.9240377 ], [ -48.6586317, -20.9241335 ], [ -48.6586108, -20.9243442 ], [ -48.6586071, -20.9244246 ], [ -48.6586099, -20.9245228 ], [ -48.6586196, -20.9246003 ], [ -48.6586259, -20.9246341 ], [ -48.6586496, -20.9247244 ], [ -48.6586791, -20.9248036 ], [ -48.658714, -20.9248808 ], [ -48.6587559, -20.9249554 ], [ -48.658784, -20.924999 ], [ -48.6588045, -20.9250274 ], [ -48.6588373, -20.9250671 ] ] ] } },
{ "type": "Feature", "properties": { "comp_m": 289.19 }, "geometry": { "type": "MultiLineString", "coordinates": [ [ [ -48.6583505, -20.9227118 ], [ -48.6583528, -20.9227146 ], [ -48.6583851, -20.9227473 ], [ -48.6584294, -20.9228029 ], [ -48.6584895, -20.9228887 ], [ -48.6585242, -20.9229479 ], [ -48.6585939, -20.9230751 ], [ -48.6586754, -20.9232341 ], [ -48.658722, -20.9233339 ], [ -48.6587471, -20.9233967 ], [ -48.65877, -20.9234783 ], [ -48.6587767, -20.9235299 ], [ -48.6587787, -20.9235652 ], [ -48.6587789, -20.9236102 ], [ -48.6587842, -20.9236713 ], [ -48.6587811, -20.9237154 ], [ -48.6587644, -20.9237725 ], [ -48.6587452, -20.9238195 ], [ -48.6587205, -20.9238916 ], [ -48.6587054, -20.9239493 ], [ -48.6586897, -20.9240251 ], [ -48.6586791, -20.9240938 ], [ -48.6586613, -20.9242783 ], [ -48.6586555, -20.9243215 ], [ -48.6586516, -20.9243747 ], [ -48.6586496, -20.9244376 ], [ -48.6586505, -20.9244914 ], [ -48.6586565, -20.9245613 ], [ -48.6586664, -20.9246207 ], [ -48.6586783, -20.9246704 ], [ -48.6587013, -20.9247429 ], [ -48.6587261, -20.9248058 ], [ -48.6587428, -20.9248447 ], [ -48.6587758, -20.9249045 ], [ -48.6587756, -20.9249051 ], [ -48.6588102, -20.9249583 ], [ -48.6588537, -20.9250178 ], [ -48.6589011, -20.9250757 ], [ -48.6589517, -20.9251321 ] ] ] } },
{ "type": "Feature", "properties": { "comp_m": 280.96 }, "geometry": { "type": "MultiLineString", "coordinates": [ [ [ -48.6583328, -20.9227335 ], [ -48.6583742, -20.9227806 ], [ -48.6584236, -20.9228432 ], [ -48.6584638, -20.9229005 ], [ -48.6585081, -20.9229744 ], [ -48.6586386, -20.9232239 ], [ -48.6586684, -20.923285 ], [ -48.6586959, -20.9233471 ], [ -48.6587146, -20.9233943 ], [ -48.6587305, -20.9234426 ], [ -48.658742, -20.9234835 ], [ -48.6587488, -20.9235352 ], [ -48.6587507, -20.9235616 ], [ -48.6587513, -20.9236065 ], [ -48.6587547, -20.9236776 ], [ -48.6587526, -20.9237132 ], [ -48.658747, -20.9237384 ], [ -48.6587292, -20.923786 ], [ -48.6587093, -20.9238329 ], [ -48.6586984, -20.923865 ], [ -48.6586768, -20.9239477 ], [ -48.6586561, -20.9240491 ], [ -48.6586436, -20.9241538 ], [ -48.6586243, -20.9243563 ], [ -48.6586209, -20.9244556 ], [ -48.6586246, -20.9245265 ], [ -48.6586363, -20.9246125 ], [ -48.6586438, -20.9246459 ], [ -48.6586616, -20.9247115 ], [ -48.6586773, -20.9247599 ], [ -48.65871, -20.924838 ], [ -48.6587367, -20.9248913 ], [ -48.6587706, -20.9249509 ], [ -48.6588145, -20.9250159 ], [ -48.6588642, -20.9250785 ], [ -48.6588679, -20.9250821 ], [ -48.6588815, -20.9250987 ] ] ] } },
{ "type": "Feature", "properties": { "comp_m": 131.56 }, "geometry": { "type": "MultiLineString", "coordinates": [ [ [ -48.6584306, -20.9226136 ], [ -48.6584312, -20.922615 ], [ -48.6584744, -20.9226624 ], [ -48.658533, -20.9227318 ], [ -48.6585711, -20.9227814 ], [ -48.6586006, -20.9228251 ], [ -48.6586269, -20.92287 ], [ -48.6587102, -20.9230213 ], [ -48.6588028, -20.9231965 ], [ -48.6588021, -20.9231978 ], [ -48.6588281, -20.923252 ], [ -48.6588567, -20.9233235 ], [ -48.6588799, -20.9233879 ], [ -48.6588938, -20.9234376 ], [ -48.6589003, -20.9234717 ], [ -48.6589044, -20.9235067 ], [ -48.6589157, -20.9236852 ] ] ] } },
{ "type": "Feature", "properties": { "comp_m": 265.52 }, "geometry": { "type": "MultiLineString", "coordinates": [ [ [ -48.6583066, -20.9227655 ], [ -48.6583337, -20.9227966 ], [ -48.6584087, -20.9228951 ], [ -48.658445, -20.9229539 ], [ -48.6584994, -20.923051 ], [ -48.6585878, -20.9232168 ], [ -48.6586396, -20.923324 ], [ -48.6586598, -20.9233707 ], [ -48.6586742, -20.9234105 ], [ -48.6586901, -20.9234588 ], [ -48.6587008, -20.9235 ], [ -48.6587038, -20.923526 ], [ -48.6587103, -20.923641 ], [ -48.6587107, -20.9236678 ], [ -48.6587091, -20.9236945 ], [ -48.6587042, -20.9237199 ], [ -48.6586969, -20.9237445 ], [ -48.6586778, -20.9237916 ], [ -48.6586545, -20.9238644 ], [ -48.6586312, -20.9239556 ], [ -48.658613, -20.9240397 ], [ -48.6586054, -20.9241006 ], [ -48.6585808, -20.9243651 ], [ -48.6585781, -20.9244189 ], [ -48.6585784, -20.924482 ], [ -48.6585838, -20.9245523 ], [ -48.6585937, -20.9246209 ], [ -48.6586071, -20.9246791 ], [ -48.6586235, -20.9247363 ], [ -48.6586563, -20.9248234 ], [ -48.6586801, -20.9248778 ], [ -48.6587199, -20.9249533 ], [ -48.6587341, -20.9249751 ], [ -48.6587418, -20.9249903 ], [ -48.6587496, -20.9249961 ], [ -48.6587567, -20.9250077 ], [ -48.6587605, -20.9250099 ], [ -48.6587647, -20.92501 ], [ -48.658764, -20.9250104 ], [ -48.6587658, -20.9250159 ] ] ] } },
{ "type": "Feature", "properties": { "comp_m": 269.19 }, "geometry": { "type": "MultiLineString", "coordinates": [ [ [ -48.6583158, -20.9227542 ], [ -48.6583499, -20.9227952 ], [ -48.6584246, -20.9228936 ], [ -48.6584565, -20.9229448 ], [ -48.658482, -20.9229894 ], [ -48.6586059, -20.9232227 ], [ -48.6586509, -20.9233142 ], [ -48.6586742, -20.9233686 ], [ -48.6586858, -20.9234003 ], [ -48.6587046, -20.9234564 ], [ -48.6587151, -20.9234976 ], [ -48.658718, -20.9235146 ], [ -48.6587209, -20.9235586 ], [ -48.6587223, -20.9236122 ], [ -48.6587256, -20.923665 ], [ -48.6587244, -20.9236919 ], [ -48.6587205, -20.9237176 ], [ -48.6587162, -20.9237342 ], [ -48.658681, -20.9238294 ], [ -48.6586633, -20.9238861 ], [ -48.6586447, -20.9239607 ], [ -48.6586268, -20.9240448 ], [ -48.6586026, -20.9242723 ], [ -48.6585975, -20.9243341 ], [ -48.6585929, -20.9244144 ], [ -48.658593, -20.9244774 ], [ -48.6585969, -20.9245391 ], [ -48.658608, -20.9246162 ], [ -48.6586211, -20.9246744 ], [ -48.6586398, -20.9247396 ], [ -48.6586727, -20.9248265 ], [ -48.658697, -20.9248805 ], [ -48.6587385, -20.9249552 ], [ -48.6587668, -20.9249988 ], [ -48.6587692, -20.9250069 ], [ -48.65877, -20.925006 ], [ -48.658793, -20.9250354 ] ] ] } },
{ "type": "Feature", "properties": { "comp_m": 250.91 }, "geometry": { "type": "MultiLineString", "coordinates": [ [ [ -48.6582794, -20.9227981 ], [ -48.6583151, -20.9228392 ], [ -48.6583685, -20.9229094 ], [ -48.6584038, -20.9229683 ], [ -48.6584625, -20.9230726 ], [ -48.6585293, -20.9232009 ], [ -48.6585588, -20.923253 ], [ -48.6586078, -20.9233519 ], [ -48.658643, -20.923447 ], [ -48.6586528, -20.9234883 ], [ -48.6586635, -20.9235655 ], [ -48.6586675, -20.9236091 ], [ -48.6586686, -20.9236357 ], [ -48.6586673, -20.9236712 ], [ -48.6586556, -20.9237209 ], [ -48.6586257, -20.9238091 ], [ -48.6586089, -20.9238662 ], [ -48.6585878, -20.9239488 ], [ -48.6585686, -20.9240505 ], [ -48.6585586, -20.9241286 ], [ -48.6585411, -20.9243313 ], [ -48.6585359, -20.9244022 ], [ -48.6585349, -20.9244564 ], [ -48.6585372, -20.9245186 ], [ -48.6585436, -20.9245793 ], [ -48.65855, -20.924622 ], [ -48.6585626, -20.9246804 ], [ -48.6585766, -20.9247293 ], [ -48.6585986, -20.9247932 ], [ -48.6586371, -20.924887 ], [ -48.658659, -20.9249329 ], [ -48.6586603, -20.9249405 ] ], [ [ -48.6586607, -20.9249408 ], [ -48.6586612, -20.9249398 ], [ -48.658661, -20.924941 ] ] ] } },
{ "type": "Feature", "properties": { "comp_m": 255.57 }, "geometry": { "type": "MultiLineString", "coordinates": [ [ [ -48.6582884, -20.9227875 ], [ -48.6583327, -20.9228375 ], [ -48.65836, -20.9228725 ], [ -48.6583852, -20.9229082 ], [ -48.6584203, -20.9229673 ], [ -48.6584947, -20.923102 ], [ -48.6585629, -20.92323 ], [ -48.6586127, -20.9233287 ], [ -48.6586258, -20.92336 ], [ -48.6586545, -20.9234395 ], [ -48.6586695, -20.9234971 ], [ -48.6586744, -20.9235314 ], [ -48.6586823, -20.9236368 ], [ -48.6586789, -20.9236898 ], [ -48.6586686, -20.9237313 ], [ -48.658638, -20.9238194 ], [ -48.6586214, -20.9238766 ], [ -48.6586003, -20.9239594 ], [ -48.6585867, -20.924027 ], [ -48.6585811, -20.9240613 ], [ -48.658573, -20.924131 ], [ -48.658563, -20.9242549 ], [ -48.6585527, -20.9243604 ], [ -48.6585503, -20.924405 ], [ -48.6585498, -20.9244683 ], [ -48.6585525, -20.9245305 ], [ -48.6585632, -20.9246168 ], [ -48.6585758, -20.9246752 ], [ -48.65859, -20.9247241 ], [ -48.6586059, -20.9247723 ], [ -48.6586305, -20.9248354 ], [ -48.6586508, -20.9248819 ], [ -48.658677, -20.9249353 ], [ -48.6586915, -20.924957 ], [ -48.658697, -20.9249667 ] ] ] } },
{ "type": "Feature", "properties": { "comp_m": 256.22 }, "geometry": { "type": "MultiLineString", "coordinates": [ [ [ -48.6582971, -20.9227771 ], [ -48.658316, -20.922797 ], [ -48.6583446, -20.9228315 ], [ -48.6583926, -20.922895 ], [ -48.6584456, -20.9229837 ], [ -48.6584911, -20.9230661 ], [ -48.6585757, -20.9232244 ], [ -48.6586245, -20.9233237 ], [ -48.6586503, -20.9233864 ], [ -48.6586678, -20.9234341 ], [ -48.6586854, -20.9234998 ], [ -48.6586892, -20.9235346 ], [ -48.6586953, -20.9236227 ], [ -48.6586958, -20.9236585 ], [ -48.6586939, -20.9236943 ], [ -48.658686, -20.9237277 ], [ -48.6586621, -20.9237912 ], [ -48.6586375, -20.9238727 ], [ -48.6586081, -20.9239889 ], [ -48.6585969, -20.9240484 ], [ -48.6585887, -20.9241183 ], [ -48.6585769, -20.9242599 ], [ -48.6585654, -20.9243742 ], [ -48.6585633, -20.924455 ], [ -48.6585659, -20.9245173 ], [ -48.6585735, -20.9245868 ], [ -48.6585835, -20.9246464 ], [ -48.6586034, -20.9247203 ], [ -48.6586227, -20.9247764 ], [ -48.658641, -20.9248238 ], [ -48.6586832, -20.9249165 ], [ -48.6587005, -20.9249462 ], [ -48.6587077, -20.9249616 ] ] ] } },
{ "type": "Feature", "properties": { "comp_m": 246.56 }, "geometry": { "type": "MultiLineString", "coordinates": [ [ [ -48.6582696, -20.9228095 ], [ -48.658303, -20.9228478 ], [ -48.6583566, -20.9229183 ], [ -48.6584092, -20.9230072 ], [ -48.658455, -20.9230895 ], [ -48.6585436, -20.9232554 ], [ -48.6585924, -20.9233548 ], [ -48.6586295, -20.9234495 ], [ -48.6586396, -20.9234909 ], [ -48.6586484, -20.9235419 ], [ -48.6586528, -20.9235945 ], [ -48.6586542, -20.9236391 ], [ -48.6586517, -20.9236745 ], [ -48.6586489, -20.9236917 ], [ -48.6586419, -20.9237163 ], [ -48.6586094, -20.923813 ], [ -48.6585932, -20.9238705 ], [ -48.6585734, -20.9239449 ], [ -48.6585594, -20.9240124 ], [ -48.6585425, -20.9241337 ], [ -48.6585355, -20.9242315 ], [ -48.6585221, -20.9243817 ], [ -48.6585203, -20.9244451 ], [ -48.6585226, -20.9245256 ], [ -48.6585293, -20.9245864 ], [ -48.6585398, -20.9246458 ], [ -48.6585493, -20.9246875 ], [ -48.6585605, -20.9247285 ], [ -48.6585849, -20.9248008 ], [ -48.658624, -20.9248947 ], [ -48.6586358, -20.9249174 ] ] ] } },
{ "type": "Feature", "properties": { "comp_m": 243.88 }, "geometry": { "type": "MultiLineString", "coordinates": [ [ [ -48.658261, -20.9228195 ], [ -48.6583339, -20.9229125 ], [ -48.6583625, -20.9229559 ], [ -48.6584098, -20.9230375 ], [ -48.6585072, -20.9232176 ], [ -48.6585459, -20.9232934 ], [ -48.658579, -20.9233622 ], [ -48.6585958, -20.9234011 ], [ -48.6586159, -20.9234567 ], [ -48.6586243, -20.9234897 ], [ -48.6586325, -20.9235317 ], [ -48.6586372, -20.923575 ], [ -48.6586392, -20.9236195 ], [ -48.6586389, -20.9236463 ], [ -48.6586354, -20.9236814 ], [ -48.6586272, -20.9237146 ], [ -48.6585974, -20.9238029 ], [ -48.658573, -20.9238935 ], [ -48.6585625, -20.9239257 ], [ -48.6585392, -20.9240441 ], [ -48.6585313, -20.9241048 ], [ -48.6585205, -20.9242374 ], [ -48.6585131, -20.9243074 ], [ -48.6585075, -20.9243782 ], [ -48.6585057, -20.9244414 ], [ -48.6585081, -20.9245217 ], [ -48.6585142, -20.9245825 ], [ -48.6585241, -20.924642 ], [ -48.6585349, -20.9246921 ], [ -48.658546, -20.9247331 ], [ -48.6585825, -20.9248367 ], [ -48.6586138, -20.9249072 ] ] ] } },
{ "type": "Feature", "properties": { "comp_m": 239.86 }, "geometry": { "type": "MultiLineString", "coordinates": [ [ [ -48.6582511, -20.9228311 ], [ -48.6582804, -20.9228663 ], [ -48.6583179, -20.9229154 ], [ -48.6583565, -20.9229732 ], [ -48.6583916, -20.9230322 ], [ -48.658497, -20.9232274 ], [ -48.6585501, -20.9233339 ], [ -48.6585713, -20.9233801 ], [ -48.6585872, -20.9234192 ], [ -48.6585962, -20.9234429 ], [ -48.6586081, -20.9234836 ], [ -48.658616, -20.9235258 ], [ -48.6586193, -20.9235516 ], [ -48.6586237, -20.9236221 ], [ -48.658624, -20.9236399 ], [ -48.6586218, -20.9236664 ], [ -48.6586132, -20.9237085 ], [ -48.6585798, -20.9238136 ], [ -48.6585453, -20.9239366 ], [ -48.6585247, -20.9240469 ], [ -48.6585189, -20.9240902 ], [ -48.6585043, -20.9242577 ], [ -48.658499, -20.9243013 ], [ -48.658494, -20.9243723 ], [ -48.6584916, -20.9244443 ], [ -48.6584922, -20.9244801 ], [ -48.6584965, -20.9245507 ], [ -48.6585054, -20.9246195 ], [ -48.658517, -20.9246783 ], [ -48.6585298, -20.9247277 ], [ -48.6585595, -20.9248158 ], [ -48.6585779, -20.924863 ], [ -48.6585895, -20.9248858 ] ] ] } },
{ "type": "Feature", "properties": { "comp_m": 235.52 }, "geometry": { "type": "MultiLineString", "coordinates": [ [ [ -48.6582422, -20.9228415 ], [ -48.6583153, -20.9229364 ], [ -48.6583447, -20.9229795 ], [ -48.6583721, -20.9230234 ], [ -48.658484, -20.9232341 ], [ -48.6585226, -20.9233099 ], [ -48.6585584, -20.9233867 ], [ -48.6585711, -20.923418 ], [ -48.6585901, -20.923474 ], [ -48.6586012, -20.9235239 ], [ -48.6586042, -20.9235499 ], [ -48.6586079, -20.9236297 ], [ -48.6586054, -20.9236649 ], [ -48.6586009, -20.9236905 ], [ -48.6585924, -20.9237235 ], [ -48.6585434, -20.9238862 ], [ -48.6585307, -20.9239358 ], [ -48.6585187, -20.9239948 ], [ -48.6585035, -20.9240982 ], [ -48.6584841, -20.9243093 ], [ -48.6584784, -20.9243892 ], [ -48.6584771, -20.9244609 ], [ -48.6584796, -20.9245231 ], [ -48.6584858, -20.9245839 ], [ -48.6584911, -20.924618 ], [ -48.6585006, -20.9246685 ], [ -48.6585143, -20.9247265 ], [ -48.6585609, -20.9248624 ] ] ] } },
{ "type": "Feature", "properties": { "comp_m": 227.57 }, "geometry": { "type": "MultiLineString", "coordinates": [ [ [ -48.6582142, -20.9228741 ], [ -48.6582721, -20.9229456 ], [ -48.6583055, -20.9229964 ], [ -48.6584224, -20.923206 ], [ -48.6584959, -20.9233504 ], [ -48.6585193, -20.9234049 ], [ -48.6585344, -20.9234445 ], [ -48.6585447, -20.9234769 ], [ -48.6585558, -20.9235179 ], [ -48.6585604, -20.9235433 ], [ -48.6585657, -20.9235866 ], [ -48.6585667, -20.9236314 ], [ -48.658565, -20.923658 ], [ -48.658559, -20.9236922 ], [ -48.6585505, -20.9237254 ], [ -48.6585224, -20.9238055 ], [ -48.6584982, -20.9238872 ], [ -48.6584796, -20.9239712 ], [ -48.6584684, -20.9240399 ], [ -48.658456, -20.9241447 ], [ -48.6584421, -20.9242855 ], [ -48.6584339, -20.9244287 ], [ -48.6584347, -20.9244825 ], [ -48.6584387, -20.9245534 ], [ -48.6584449, -20.9246053 ], [ -48.6584543, -20.9246561 ], [ -48.6584717, -20.924731 ], [ -48.6584966, -20.9248121 ], [ -48.6585036, -20.9248284 ] ] ] } },
{ "type": "Feature", "properties": { "comp_m": 233.57 }, "geometry": { "type": "MultiLineString", "coordinates": [ [ [ -48.6582327, -20.9228525 ], [ -48.6582343, -20.9228547 ], [ -48.6582851, -20.922917 ], [ -48.6583251, -20.9229742 ], [ -48.6583572, -20.9230254 ], [ -48.6584183, -20.923138 ], [ -48.6585008, -20.9232966 ], [ -48.6585434, -20.923389 ], [ -48.6585624, -20.923436 ], [ -48.6585733, -20.9234681 ], [ -48.6585821, -20.9235009 ], [ -48.6585885, -20.9235346 ], [ -48.6585916, -20.9235605 ], [ -48.6585948, -20.9236225 ], [ -48.6585929, -20.9236579 ], [ -48.6585779, -20.9237248 ], [ -48.6585469, -20.9238219 ], [ -48.6585216, -20.9239121 ], [ -48.6585022, -20.9240046 ], [ -48.6584881, -20.9241085 ], [ -48.6584701, -20.9243021 ], [ -48.6584639, -20.9244 ], [ -48.6584628, -20.9244543 ], [ -48.6584639, -20.924499 ], [ -48.6584699, -20.9245689 ], [ -48.6584771, -20.9246204 ], [ -48.6584851, -20.9246625 ], [ -48.6585004, -20.924729 ], [ -48.6585294, -20.9248174 ], [ -48.6585449, -20.9248567 ] ] ] } },
{ "type": "Feature", "properties": { "comp_m": 230.34 }, "geometry": { "type": "MultiLineString", "coordinates": [ [ [ -48.6582257, -20.9228633 ], [ -48.658235, -20.9228779 ], [ -48.6582855, -20.9229404 ], [ -48.6583281, -20.9230058 ], [ -48.6584195, -20.9231705 ], [ -48.6584904, -20.9233067 ], [ -48.658519, -20.9233683 ], [ -48.658548, -20.9234388 ], [ -48.6585673, -20.9235039 ], [ -48.6585759, -20.9235459 ], [ -48.6585792, -20.9235808 ], [ -48.658581, -20.9236252 ], [ -48.6585784, -20.9236603 ], [ -48.6585722, -20.9236945 ], [ -48.658566, -20.9237194 ], [ -48.6585363, -20.923808 ], [ -48.6585084, -20.9239064 ], [ -48.6584874, -20.9240077 ], [ -48.6584737, -20.9241119 ], [ -48.6584557, -20.9242966 ], [ -48.6584502, -20.9243859 ], [ -48.6584484, -20.92444 ], [ -48.6584489, -20.9244759 ], [ -48.658453, -20.9245467 ], [ -48.6584605, -20.9246071 ], [ -48.6584699, -20.9246579 ], [ -48.6584851, -20.9247245 ], [ -48.6585101, -20.9248055 ], [ -48.6585228, -20.9248422 ] ] ] } },
{ "type": "Feature", "properties": { "comp_m": 212.3 }, "geometry": { "type": "MultiLineString", "coordinates": [ [ [ -48.6581956, -20.9229415 ], [ -48.6582022, -20.9229477 ], [ -48.6582283, -20.9229832 ], [ -48.6582741, -20.9230566 ], [ -48.6583531, -20.923199 ], [ -48.6584392, -20.9233659 ], [ -48.658464, -20.9234199 ], [ -48.6584863, -20.9234749 ], [ -48.6585017, -20.9235325 ], [ -48.6585096, -20.9235747 ], [ -48.6585117, -20.9236192 ], [ -48.6585058, -20.9236717 ], [ -48.6584989, -20.9236964 ], [ -48.6584741, -20.9237688 ], [ -48.65845, -20.9238506 ], [ -48.6584341, -20.9239082 ], [ -48.6584194, -20.9239755 ], [ -48.6584034, -20.9240881 ], [ -48.6583784, -20.9243709 ], [ -48.6583772, -20.9244707 ], [ -48.6583797, -20.9245331 ], [ -48.6583875, -20.9246026 ], [ -48.6584014, -20.9246879 ], [ -48.6584151, -20.9247461 ], [ -48.6584235, -20.9247701 ], [ -48.6584236, -20.9247713 ] ] ] } },
{ "type": "Feature", "properties": { "comp_m": 224.31 }, "geometry": { "type": "MultiLineString", "coordinates": [ [ [ -48.6582045, -20.9228855 ], [ -48.6582245, -20.9229082 ], [ -48.6582574, -20.9229501 ], [ -48.6582951, -20.9230082 ], [ -48.6584198, -20.9232325 ], [ -48.6584776, -20.9233463 ], [ -48.6585115, -20.9234239 ], [ -48.6585335, -20.9234879 ], [ -48.6585463, -20.9235463 ], [ -48.6585521, -20.9236073 ], [ -48.6585527, -20.9236433 ], [ -48.6585514, -20.9236611 ], [ -48.6585402, -20.9237113 ], [ -48.6584886, -20.923864 ], [ -48.6584672, -20.9239558 ], [ -48.6584467, -20.9240937 ], [ -48.658425, -20.9243225 ], [ -48.6584196, -20.924439 ], [ -48.6584209, -20.9245017 ], [ -48.6584273, -20.9245806 ], [ -48.6584368, -20.9246402 ], [ -48.6584509, -20.9247072 ], [ -48.6584815, -20.9248127 ] ] ] } },
{ "type": "Feature", "properties": { "comp_m": 221.12 }, "geometry": { "type": "MultiLineString", "coordinates": [ [ [ -48.6581957, -20.9228957 ], [ -48.6581996, -20.9229015 ], [ -48.6582492, -20.9229642 ], [ -48.6582781, -20.9230076 ], [ -48.6583667, -20.9231642 ], [ -48.6584225, -20.9232698 ], [ -48.6584719, -20.9233688 ], [ -48.658499, -20.9234309 ], [ -48.6585211, -20.923495 ], [ -48.6585343, -20.9235532 ], [ -48.6585388, -20.9236329 ], [ -48.6585367, -20.9236682 ], [ -48.6585253, -20.9237094 ], [ -48.6584998, -20.9237813 ], [ -48.6584791, -20.923846 ], [ -48.6584638, -20.9239038 ], [ -48.6584512, -20.9239627 ], [ -48.6584308, -20.9241007 ], [ -48.6584089, -20.9243386 ], [ -48.6584056, -20.9244287 ], [ -48.658406, -20.9244918 ], [ -48.6584119, -20.9245708 ], [ -48.6584223, -20.9246392 ], [ -48.6584338, -20.9246982 ], [ -48.6584555, -20.9247804 ], [ -48.6584629, -20.9247957 ] ] ] } },
{ "type": "Feature", "properties": { "comp_m": 217.37 }, "geometry": { "type": "MultiLineString", "coordinates": [ [ [ -48.6581855, -20.9229077 ], [ -48.658241, -20.9229768 ], [ -48.6582825, -20.9230426 ], [ -48.6583493, -20.923162 ], [ -48.6584133, -20.9232825 ], [ -48.6584653, -20.9233894 ], [ -48.6584955, -20.9234594 ], [ -48.6585085, -20.9234996 ], [ -48.6585225, -20.9235666 ], [ -48.6585248, -20.9235928 ], [ -48.658525, -20.9236288 ], [ -48.6585229, -20.9236553 ], [ -48.6585185, -20.9236809 ], [ -48.6584886, -20.9237692 ], [ -48.6584619, -20.9238588 ], [ -48.658443, -20.9239334 ], [ -48.6584313, -20.9239926 ], [ -48.6584221, -20.9240528 ], [ -48.658414, -20.9241226 ], [ -48.6583933, -20.9243608 ], [ -48.6583916, -20.9244778 ], [ -48.6583972, -20.9245659 ], [ -48.6584057, -20.9246259 ], [ -48.658416, -20.9246852 ], [ -48.6584382, -20.9247762 ] ] ] } },
{ "type": "Feature", "properties": { "comp_m": 212.73 }, "geometry": { "type": "MultiLineString", "coordinates": [ [ [ -48.6581693, -20.9229266 ], [ -48.6581726, -20.922933 ], [ -48.6581947, -20.9229609 ], [ -48.6582248, -20.9230038 ], [ -48.6582615, -20.9230625 ], [ -48.65834, -20.9232049 ], [ -48.6584147, -20.9233488 ], [ -48.6584404, -20.9234025 ], [ -48.6584696, -20.9234729 ], [ -48.6584864, -20.9235299 ], [ -48.6584946, -20.923572 ], [ -48.6584972, -20.9235983 ], [ -48.6584974, -20.923625 ], [ -48.658495, -20.9236517 ], [ -48.6584904, -20.9236772 ], [ -48.6584752, -20.9237259 ], [ -48.6584523, -20.9237899 ], [ -48.6584351, -20.9238469 ], [ -48.6584067, -20.9239635 ], [ -48.6583914, -20.9240671 ], [ -48.6583642, -20.924358 ], [ -48.6583626, -20.9244754 ], [ -48.6583672, -20.9245551 ], [ -48.6583775, -20.9246326 ], [ -48.658393, -20.9247172 ], [ -48.6583967, -20.9247339 ], [ -48.6584045, -20.9247576 ] ] ] } },
{ "type": "Feature", "properties": { "comp_m": 208.98 }, "geometry": { "type": "MultiLineString", "coordinates": [ [ [ -48.6581614, -20.922944 ], [ -48.6582, -20.9229929 ], [ -48.658247, -20.9230659 ], [ -48.6583617, -20.9232765 ], [ -48.658405, -20.9233598 ], [ -48.6584364, -20.9234295 ], [ -48.6584579, -20.9234849 ], [ -48.658472, -20.9235339 ], [ -48.6584794, -20.9235764 ], [ -48.6584818, -20.9236027 ], [ -48.6584823, -20.9236295 ], [ -48.6584801, -20.9236562 ], [ -48.6584769, -20.9236732 ], [ -48.6584648, -20.9237141 ], [ -48.6584381, -20.9237857 ], [ -48.6584189, -20.9238512 ], [ -48.6584025, -20.9239178 ], [ -48.6583921, -20.9239685 ], [ -48.6583762, -20.924072 ], [ -48.6583494, -20.9243634 ], [ -48.6583478, -20.9244629 ], [ -48.658352, -20.9245518 ], [ -48.6583644, -20.9246468 ], [ -48.6583784, -20.924723 ], [ -48.6583843, -20.9247431 ] ] ] } },
{ "type": "Feature", "properties": { "comp_m": 205.88 }, "geometry": { "type": "MultiLineString", "coordinates": [ [ [ -48.6581511, -20.9229528 ], [ -48.6581939, -20.9230093 ], [ -48.6582406, -20.9230825 ], [ -48.6583514, -20.9232857 ], [ -48.6583867, -20.9233541 ], [ -48.6584249, -20.9234394 ], [ -48.658446, -20.923495 ], [ -48.6584571, -20.9235361 ], [ -48.6584642, -20.9235878 ], [ -48.6584671, -20.9236319 ], [ -48.658463, -20.9236666 ], [ -48.6584539, -20.9236997 ], [ -48.6584256, -20.9237799 ], [ -48.6584082, -20.923837 ], [ -48.658395, -20.9238867 ], [ -48.6583858, -20.9239288 ], [ -48.658362, -20.924075 ], [ -48.6583406, -20.9242956 ], [ -48.6583331, -20.9244118 ], [ -48.6583358, -20.9245286 ], [ -48.6583388, -20.9245638 ], [ -48.6583477, -20.9246329 ], [ -48.6583634, -20.9247266 ] ] ] } },
{ "type": "Feature", "properties": { "comp_m": 203.75 }, "geometry": { "type": "MultiLineString", "coordinates": [ [ [ -48.6581405, -20.9229602 ], [ -48.6581429, -20.9229644 ], [ -48.6581803, -20.9230134 ], [ -48.6582223, -20.9230789 ], [ -48.658297, -20.9232135 ], [ -48.6583647, -20.9233417 ], [ -48.658404, -20.9234264 ], [ -48.658429, -20.9234892 ], [ -48.6584434, -20.923538 ], [ -48.6584496, -20.9235808 ], [ -48.6584515, -20.9236342 ], [ -48.658447, -20.9236686 ], [ -48.658435, -20.9237095 ], [ -48.6584124, -20.9237734 ], [ -48.658399, -20.9238228 ], [ -48.6583909, -20.9238469 ], [ -48.658371, -20.9239303 ], [ -48.6583487, -20.9240765 ], [ -48.6583271, -20.924287 ], [ -48.6583195, -20.9243937 ], [ -48.6583189, -20.924457 ], [ -48.6583203, -20.9245106 ], [ -48.6583255, -20.9245718 ], [ -48.6583469, -20.9247164 ] ] ] } },
{ "type": "Feature", "properties": { "comp_m": 74.59 }, "geometry": { "type": "MultiLineString", "coordinates": [ [ [ -48.6582247, -20.9246289 ], [ -48.6582272, -20.9246224 ], [ -48.6582234, -20.9245877 ], [ -48.6582199, -20.924517 ], [ -48.6582181, -20.9244546 ], [ -48.6582192, -20.9243916 ], [ -48.6582246, -20.9243026 ], [ -48.6582341, -20.924197 ], [ -48.658249, -20.9240481 ], [ -48.6582586, -20.923979 ], [ -48.6582716, -20.9239022 ], [ -48.6582856, -20.9238441 ], [ -48.6582995, -20.923795 ], [ -48.6583351, -20.9236911 ], [ -48.6583444, -20.9236704 ], [ -48.6583468, -20.9236487 ], [ -48.6583492, -20.9236151 ], [ -48.6583478, -20.9235877 ], [ -48.6583425, -20.9235532 ], [ -48.6583274, -20.9235041 ], [ -48.6583015, -20.9234408 ], [ -48.6582672, -20.9233716 ], [ -48.6581451, -20.9231436 ], [ -48.6581134, -20.9230916 ], [ -48.6580744, -20.9230374 ] ] ] } },
{ "type": "Feature", "properties": { "comp_m": 200.55 }, "geometry": { "type": "MultiLineString", "coordinates": [ [ [ -48.6581309, -20.9229714 ], [ -48.6581696, -20.9230225 ], [ -48.6582158, -20.9230958 ], [ -48.6583345, -20.9233142 ], [ -48.6583726, -20.9233906 ], [ -48.6584059, -20.9234688 ], [ -48.6584255, -20.9235249 ], [ -48.6584338, -20.9235671 ], [ -48.6584367, -20.9236294 ], [ -48.6584326, -20.9236643 ], [ -48.6584238, -20.9236974 ], [ -48.6584016, -20.9237618 ], [ -48.6583857, -20.9238195 ], [ -48.6583748, -20.9238518 ], [ -48.658359, -20.9239187 ], [ -48.6583495, -20.9239699 ], [ -48.6583313, -20.9241001 ], [ -48.6583127, -20.9242851 ], [ -48.6583057, -20.9243832 ], [ -48.6583053, -20.9244828 ], [ -48.658309, -20.9245538 ], [ -48.6583259, -20.9246744 ], [ -48.6583279, -20.9247004 ] ] ] } },
{ "type": "Feature", "properties": { "comp_m": 303.53 }, "geometry": { "type": "MultiLineString", "coordinates": [ [ [ -48.6581136, -20.9229916 ], [ -48.6581531, -20.9230469 ], [ -48.6581934, -20.9231129 ], [ -48.6582291, -20.9231807 ], [ -48.6582546, -20.9232252 ], [ -48.658333, -20.9233761 ], [ -48.658362, -20.9234373 ], [ -48.6583844, -20.923492 ], [ -48.6583954, -20.923524 ], [ -48.6584059, -20.9235831 ], [ -48.658408, -20.9236272 ], [ -48.658404, -20.923653 ], [ -48.6583905, -20.9237022 ], [ -48.6583467, -20.9238394 ], [ -48.6583325, -20.9238975 ], [ -48.6583253, -20.9239311 ], [ -48.6583154, -20.9239909 ], [ -48.6583037, -20.9240773 ], [ -48.6582916, -20.9242183 ], [ -48.658282, -20.9243056 ], [ -48.6582747, -20.924412 ], [ -48.6582745, -20.9244662 ], [ -48.6582795, -20.9245544 ], [ -48.6582947, -20.9246748 ], [ -48.6582947, -20.924679 ] ] ] } },
{ "type": "Feature", "properties": { "comp_m": 198.1 }, "geometry": { "type": "MultiLineString", "coordinates": [ [ [ -48.6581219, -20.9229819 ], [ -48.6581665, -20.9230422 ], [ -48.6582069, -20.9231085 ], [ -48.6583083, -20.9232965 ], [ -48.6583586, -20.9233952 ], [ -48.6583829, -20.9234494 ], [ -48.6584013, -20.9234968 ], [ -48.6584135, -20.9235374 ], [ -48.6584195, -20.9235713 ], [ -48.6584218, -20.9236247 ], [ -48.6584178, -20.9236597 ], [ -48.6584074, -20.9237011 ], [ -48.6583928, -20.923741 ], [ -48.6583625, -20.9238385 ], [ -48.6583465, -20.9239051 ], [ -48.6583322, -20.9239817 ], [ -48.6583121, -20.9241381 ], [ -48.6582935, -20.924341 ], [ -48.6582893, -20.924449 ], [ -48.6582935, -20.9245469 ], [ -48.6583005, -20.9246075 ], [ -48.6583109, -20.924676 ], [ -48.6583115, -20.9246845 ], [ -48.6583105, -20.9246903 ] ] ] } },
{ "type": "Feature", "properties": { "comp_m": 192.87 }, "geometry": { "type": "MultiLineString", "coordinates": [ [ [ -48.6581042, -20.9230026 ], [ -48.6581433, -20.9230581 ], [ -48.658175, -20.9231095 ], [ -48.6582446, -20.9232372 ], [ -48.6583195, -20.9233809 ], [ -48.658349, -20.9234422 ], [ -48.658374, -20.9235052 ], [ -48.6583837, -20.9235377 ], [ -48.6583908, -20.9235802 ], [ -48.6583929, -20.9236155 ], [ -48.6583891, -20.9236504 ], [ -48.658378, -20.9236916 ], [ -48.6583303, -20.9238461 ], [ -48.6583182, -20.923896 ], [ -48.6583082, -20.9239469 ], [ -48.6582933, -20.9240506 ], [ -48.6582781, -20.9242091 ], [ -48.6582672, -20.9243052 ], [ -48.6582618, -20.9243945 ], [ -48.6582613, -20.9244843 ], [ -48.6582691, -20.9245899 ], [ -48.658279, -20.9246677 ] ] ] } },
{ "type": "Feature", "properties": { "comp_m": 189.92 }, "geometry": { "type": "MultiLineString", "coordinates": [ [ [ -48.658094, -20.9230145 ], [ -48.658124, -20.9230549 ], [ -48.6581649, -20.9231209 ], [ -48.6582222, -20.9232259 ], [ -48.6583096, -20.9233919 ], [ -48.6583348, -20.9234457 ], [ -48.6583598, -20.9235086 ], [ -48.6583698, -20.923541 ], [ -48.658375, -20.9235751 ], [ -48.6583771, -20.9236105 ], [ -48.6583733, -20.9236456 ], [ -48.6583615, -20.9236955 ], [ -48.6583259, -20.923809 ], [ -48.6583061, -20.9238833 ], [ -48.6582932, -20.9239511 ], [ -48.6582774, -20.9240635 ], [ -48.6582616, -20.9242307 ], [ -48.6582529, -20.9243003 ], [ -48.6582476, -20.9243987 ], [ -48.658248, -20.9244975 ], [ -48.6582552, -20.9245941 ], [ -48.6582609, -20.9246462 ], [ -48.6582606, -20.9246546 ] ] ] } },
{ "type": "Feature", "properties": { "comp_m": 182.26 }, "geometry": { "type": "MultiLineString", "coordinates": [ [ [ -48.6580647, -20.9230486 ], [ -48.658065, -20.923049 ], [ -48.658097, -20.9230912 ], [ -48.6581326, -20.9231503 ], [ -48.6582577, -20.9233839 ], [ -48.6582878, -20.9234449 ], [ -48.6583135, -20.9235077 ], [ -48.6583274, -20.9235477 ], [ -48.6583342, -20.9235813 ], [ -48.6583356, -20.923626 ], [ -48.6583347, -20.9236531 ], [ -48.658319, -20.9236925 ], [ -48.658297, -20.9237568 ], [ -48.6582744, -20.92383 ], [ -48.6582551, -20.9239137 ], [ -48.6582371, -20.9240253 ], [ -48.6582097, -20.9243071 ], [ -48.658203, -20.9244049 ], [ -48.6582067, -20.9245662 ], [ -48.6582093, -20.9246014 ], [ -48.658213, -20.9246205 ] ] ] } },
{ "type": "Feature", "properties": { "comp_m": 179.92 }, "geometry": { "type": "MultiLineString", "coordinates": [ [ [ -48.6580545, -20.9230606 ], [ -48.6580798, -20.9230908 ], [ -48.6581125, -20.9231427 ], [ -48.6582276, -20.923356 ], [ -48.6582736, -20.9234487 ], [ -48.6582908, -20.923488 ], [ -48.6583146, -20.9235524 ], [ -48.658319, -20.923569 ], [ -48.6583221, -20.9235952 ], [ -48.6583227, -20.9236318 ], [ -48.6583219, -20.9236401 ], [ -48.6583221, -20.9236559 ], [ -48.6583177, -20.9236687 ], [ -48.6583051, -20.9236887 ], [ -48.6582981, -20.9237055 ], [ -48.6582886, -20.9237366 ], [ -48.6582723, -20.9237854 ], [ -48.6582547, -20.9238522 ], [ -48.6582332, -20.9239544 ], [ -48.6582224, -20.924024 ], [ -48.6581942, -20.9243177 ], [ -48.6581892, -20.9243896 ], [ -48.6581886, -20.9244622 ], [ -48.658192, -20.9245706 ], [ -48.658194, -20.9245973 ], [ -48.6581961, -20.9246084 ] ] ] } },
{ "type": "Feature", "properties": { "comp_m": 174.18 }, "geometry": { "type": "MultiLineString", "coordinates": [ [ [ -48.6580352, -20.9230831 ], [ -48.6580552, -20.9231055 ], [ -48.6580789, -20.923142 ], [ -48.6582093, -20.9233836 ], [ -48.6582436, -20.9234524 ], [ -48.6582682, -20.9235068 ], [ -48.6582864, -20.9235634 ], [ -48.6582912, -20.9235889 ], [ -48.6582919, -20.9236248 ], [ -48.658288, -20.9236598 ], [ -48.6582834, -20.9236763 ], [ -48.6582524, -20.9237556 ], [ -48.6582354, -20.9238129 ], [ -48.6582085, -20.9239306 ], [ -48.6581917, -20.9240339 ], [ -48.6581865, -20.9241053 ], [ -48.6581681, -20.9242814 ], [ -48.6581601, -20.9243884 ], [ -48.6581593, -20.9244336 ], [ -48.6581612, -20.9245599 ], [ -48.6581636, -20.9245852 ] ] ] } },
{ "type": "Feature", "properties": { "comp_m": 170.58 }, "geometry": { "type": "MultiLineString", "coordinates": [ [ [ -48.6580319, -20.923102 ], [ -48.6580491, -20.9231225 ], [ -48.6580676, -20.9231519 ], [ -48.6582146, -20.9234236 ], [ -48.6582479, -20.9234928 ], [ -48.6582645, -20.9235319 ], [ -48.6582742, -20.9235646 ], [ -48.6582778, -20.9235905 ], [ -48.6582773, -20.9236263 ], [ -48.6582736, -20.9236524 ], [ -48.658269, -20.9236689 ], [ -48.6582314, -20.923773 ], [ -48.6582103, -20.9238563 ], [ -48.6581921, -20.9239407 ], [ -48.6581775, -20.924045 ], [ -48.6581486, -20.9243455 ], [ -48.6581454, -20.924445 ], [ -48.6581466, -20.9245443 ], [ -48.6581489, -20.9245746 ] ] ] } },
{ "type": "Feature", "properties": { "comp_m": 166.99 }, "geometry": { "type": "MultiLineString", "coordinates": [ [ [ -48.6580295, -20.9231183 ], [ -48.6580571, -20.9231624 ], [ -48.6581438, -20.9233205 ], [ -48.6582041, -20.923434 ], [ -48.6582522, -20.923534 ], [ -48.6582601, -20.9235582 ], [ -48.6582637, -20.9235841 ], [ -48.658264, -20.9236111 ], [ -48.6582604, -20.9236371 ], [ -48.6582484, -20.9236782 ], [ -48.658221, -20.9237588 ], [ -48.6581989, -20.9238417 ], [ -48.6581809, -20.9239262 ], [ -48.6581663, -20.9240212 ], [ -48.6581591, -20.9240826 ], [ -48.658134, -20.924357 ], [ -48.6581318, -20.9244202 ], [ -48.6581319, -20.9245625 ] ] ] } },
{ "type": "Feature", "properties": { "comp_m": 163.69 }, "geometry": { "type": "MultiLineString", "coordinates": [ [ [ -48.6580174, -20.9231271 ], [ -48.6580367, -20.9231561 ], [ -48.6580745, -20.9232232 ], [ -48.6581803, -20.9234187 ], [ -48.6582363, -20.9235333 ], [ -48.6582449, -20.9235571 ], [ -48.6582492, -20.9235827 ], [ -48.6582492, -20.9236095 ], [ -48.6582453, -20.9236354 ], [ -48.658207, -20.923757 ], [ -48.6581849, -20.9238395 ], [ -48.6581678, -20.9239148 ], [ -48.6581524, -20.9240092 ], [ -48.6581414, -20.9241053 ], [ -48.6581208, -20.9243348 ], [ -48.6581183, -20.9243978 ], [ -48.6581164, -20.9245155 ], [ -48.6581178, -20.9245418 ] ] ] } },
{ "type": "Feature", "properties": { "comp_m": 163.41 }, "geometry": { "type": "MultiLineString", "coordinates": [ [ [ -48.6580037, -20.9231199 ], [ -48.6580071, -20.9231353 ], [ -48.6580211, -20.9231572 ], [ -48.6580721, -20.9232466 ], [ -48.6581763, -20.9234426 ], [ -48.658224, -20.9235421 ], [ -48.6582318, -20.9235663 ], [ -48.6582346, -20.9235836 ], [ -48.6582347, -20.9236102 ], [ -48.6582304, -20.9236359 ], [ -48.6581919, -20.9237575 ], [ -48.6581719, -20.9238317 ], [ -48.6581531, -20.9239155 ], [ -48.6581387, -20.9240011 ], [ -48.6581267, -20.9241059 ], [ -48.6581231, -20.9241593 ], [ -48.6581067, -20.9243264 ], [ -48.6581005, -20.9245159 ], [ -48.6581025, -20.9245329 ] ] ] } },
{ "type": "Feature", "properties": { "comp_m": 160.63 }, "geometry": { "type": "MultiLineString", "coordinates": [ [ [ -48.6579937, -20.9231418 ], [ -48.6580081, -20.9231635 ], [ -48.6580514, -20.9232377 ], [ -48.6581639, -20.9234486 ], [ -48.6582081, -20.9235406 ], [ -48.6582159, -20.9235646 ], [ -48.6582199, -20.9235904 ], [ -48.6582191, -20.9236172 ], [ -48.6582155, -20.9236341 ], [ -48.6582038, -20.923675 ], [ -48.6581727, -20.9237721 ], [ -48.6581514, -20.9238549 ], [ -48.6581391, -20.9239139 ], [ -48.6581238, -20.9240083 ], [ -48.6581176, -20.9240606 ], [ -48.6580936, -20.9243161 ], [ -48.6580894, -20.9243966 ], [ -48.6580881, -20.9244776 ], [ -48.6580893, -20.9245132 ], [ -48.6580869, -20.9245303 ] ] ] } },
{ "type": "Feature", "properties": { "comp_m": 157.23 }, "geometry": { "type": "MultiLineString", "coordinates": [ [ [ -48.6579859, -20.9231565 ], [ -48.6580435, -20.9232524 ], [ -48.658153, -20.923456 ], [ -48.6581947, -20.92354 ], [ -48.658202, -20.9235645 ], [ -48.6582045, -20.9235817 ], [ -48.6582046, -20.9236082 ], [ -48.6582006, -20.9236342 ], [ -48.6581599, -20.9237643 ], [ -48.6581421, -20.9238304 ], [ -48.6581242, -20.9239148 ], [ -48.658109, -20.9240094 ], [ -48.6580803, -20.9243002 ], [ -48.6580736, -20.9244716 ], [ -48.658074, -20.9244983 ], [ -48.6580764, -20.9245155 ] ] ] } },
{ "type": "Feature", "properties": { "comp_m": 99.46 }, "geometry": { "type": "MultiLineString", "coordinates": [ [ [ -48.6580779, -20.9235477 ], [ -48.6580822, -20.9235644 ], [ -48.6580846, -20.923582 ], [ -48.6580848, -20.9235998 ], [ -48.6580829, -20.9236173 ], [ -48.6580769, -20.9236425 ], [ -48.6580421, -20.9237578 ], [ -48.6580273, -20.9238164 ], [ -48.6580082, -20.9239103 ], [ -48.6579946, -20.923997 ], [ -48.6579864, -20.9240676 ], [ -48.6579649, -20.9242897 ], [ -48.6579579, -20.9244069 ], [ -48.6579584, -20.924434 ] ] ] } },
{ "type": "Feature", "properties": { "comp_m": 36.43 }, "geometry": { "type": "MultiLineString", "coordinates": [ [ [ -48.657915, -20.9232578 ], [ -48.6580234, -20.9234583 ], [ -48.6580773, -20.9235492 ] ] ] } },
{ "type": "Feature", "properties": { "comp_m": 153.36 }, "geometry": { "type": "MultiLineString", "coordinates": [ [ [ -48.6579859, -20.9231777 ], [ -48.6579968, -20.9232008 ], [ -48.6580441, -20.9232826 ], [ -48.6581684, -20.9235168 ], [ -48.6581847, -20.9235559 ], [ -48.6581898, -20.9235813 ], [ -48.6581898, -20.923608 ], [ -48.6581858, -20.923634 ], [ -48.6581545, -20.9237312 ], [ -48.6581296, -20.9238219 ], [ -48.6581112, -20.923906 ], [ -48.6580967, -20.9239917 ], [ -48.6580868, -20.9240793 ], [ -48.6580665, -20.9242909 ], [ -48.6580626, -20.9243626 ], [ -48.6580608, -20.9244351 ], [ -48.6580577, -20.9244797 ], [ -48.6580579, -20.9244973 ], [ -48.6580595, -20.924506 ] ] ] } },
{ "type": "Feature", "properties": { "comp_m": 150.91 }, "geometry": { "type": "MultiLineString", "coordinates": [ [ [ -48.6579676, -20.9231846 ], [ -48.6579744, -20.92319 ], [ -48.6579789, -20.9231972 ], [ -48.6580215, -20.9232722 ], [ -48.6581435, -20.923499 ], [ -48.6581585, -20.9235297 ], [ -48.658168, -20.9235534 ], [ -48.6581729, -20.9235697 ], [ -48.6581752, -20.9235871 ], [ -48.6581741, -20.9236136 ], [ -48.6581689, -20.9236392 ], [ -48.6581377, -20.9237367 ], [ -48.6581112, -20.9238363 ], [ -48.658097, -20.923904 ], [ -48.6580836, -20.9239813 ], [ -48.658074, -20.9240601 ], [ -48.6580532, -20.9242722 ], [ -48.6580491, -20.9243349 ], [ -48.658043, -20.9244885 ] ] ] } },
{ "type": "Feature", "properties": { "comp_m": 121.8 }, "geometry": { "type": "MultiLineString", "coordinates": [ [ [ -48.6578456, -20.9233158 ], [ -48.6578566, -20.9233293 ], [ -48.6578655, -20.9233441 ], [ -48.6579597, -20.9235271 ], [ -48.6579698, -20.9235505 ], [ -48.6579779, -20.9235747 ], [ -48.6579833, -20.9236092 ], [ -48.6579823, -20.9236359 ], [ -48.6579743, -20.9236788 ], [ -48.6579379, -20.9238204 ], [ -48.6579257, -20.9238798 ], [ -48.6579156, -20.9239401 ], [ -48.6579009, -20.9240538 ], [ -48.6578924, -20.9241515 ], [ -48.6578749, -20.9243193 ], [ -48.657872, -20.9243638 ], [ -48.6578734, -20.9243774 ] ] ] } },
{ "type": "Feature", "properties": { "comp_m": 150.09 }, "geometry": { "type": "MultiLineString", "coordinates": [ [ [ -48.6579678, -20.9231849 ], [ -48.6579638, -20.9231932 ], [ -48.6579652, -20.9232012 ], [ -48.6580155, -20.9232909 ], [ -48.6581436, -20.9235322 ], [ -48.6581555, -20.923564 ], [ -48.6581596, -20.9235896 ], [ -48.6581592, -20.9236071 ], [ -48.6581546, -20.9236329 ], [ -48.6581197, -20.9237468 ], [ -48.6580943, -20.9238463 ], [ -48.658082, -20.9239053 ], [ -48.6580704, -20.9239738 ], [ -48.6580592, -20.9240607 ], [ -48.65804, -20.9242542 ], [ -48.6580313, -20.9243788 ], [ -48.6580302, -20.9244594 ], [ -48.6580278, -20.9244766 ], [ -48.6580244, -20.9244846 ] ] ] } },
{ "type": "Feature", "properties": { "comp_m": 92.87 }, "geometry": { "type": "MultiLineString", "coordinates": [ [ [ -48.6580372, -20.9235639 ], [ -48.6580382, -20.9235995 ], [ -48.6580347, -20.9236257 ], [ -48.6580039, -20.9237336 ], [ -48.6579844, -20.9238091 ], [ -48.6579716, -20.9238688 ], [ -48.6579551, -20.9239639 ], [ -48.6579463, -20.9240345 ], [ -48.6579289, -20.9242127 ], [ -48.6579142, -20.924392 ] ] ] } },
{ "type": "Feature", "properties": { "comp_m": 147.22 }, "geometry": { "type": "MultiLineString", "coordinates": [ [ [ -48.6579534, -20.9232005 ], [ -48.6579622, -20.9232243 ], [ -48.6580401, -20.9233669 ], [ -48.6581263, -20.9235336 ], [ -48.6581387, -20.9235651 ], [ -48.6581425, -20.9235909 ], [ -48.658141, -20.9236173 ], [ -48.6581359, -20.9236427 ], [ -48.6581046, -20.9237489 ], [ -48.6580754, -20.9238652 ], [ -48.6580652, -20.9239159 ], [ -48.658053, -20.9239933 ], [ -48.6580437, -20.9240718 ], [ -48.6580232, -20.9242831 ], [ -48.6580165, -20.9243809 ], [ -48.6580149, -20.9244787 ] ] ] } },
{ "type": "Feature", "properties": { "comp_m": 34.22 }, "geometry": { "type": "MultiLineString", "coordinates": [ [ [ -48.6578786, -20.9232915 ], [ -48.6578847, -20.9232969 ], [ -48.6578947, -20.9233104 ], [ -48.6579831, -20.9234714 ], [ -48.6580188, -20.9235319 ], [ -48.6580262, -20.9235476 ], [ -48.6580288, -20.9235646 ] ] ] } },
{ "type": "Feature", "properties": { "comp_m": 142.32 }, "geometry": { "type": "MultiLineString", "coordinates": [ [ [ -48.6579415, -20.9232164 ], [ -48.6580484, -20.9234127 ], [ -48.6581106, -20.9235349 ], [ -48.6581237, -20.9235665 ], [ -48.6581277, -20.9235922 ], [ -48.6581271, -20.9236098 ], [ -48.6581224, -20.9236356 ], [ -48.6580891, -20.923751 ], [ -48.6580638, -20.9238511 ], [ -48.65805, -20.9239191 ], [ -48.6580401, -20.9239795 ], [ -48.6580296, -20.9240672 ], [ -48.6580086, -20.9242887 ], [ -48.6580024, -20.9243873 ], [ -48.6580018, -20.9244504 ] ] ] } },
{ "type": "Feature", "properties": { "comp_m": 143.04 }, "geometry": { "type": "MultiLineString", "coordinates": [ [ [ -48.6579209, -20.9232166 ], [ -48.657928, -20.9232241 ], [ -48.6579825, -20.9233215 ], [ -48.6580982, -20.9235411 ], [ -48.6581083, -20.9235645 ], [ -48.658113, -20.92359 ], [ -48.6581127, -20.9236077 ], [ -48.6581081, -20.9236333 ], [ -48.658075, -20.9237484 ], [ -48.6580479, -20.9238565 ], [ -48.6580357, -20.9239158 ], [ -48.6580259, -20.923976 ], [ -48.6580166, -20.9240548 ], [ -48.6579933, -20.9243021 ], [ -48.6579873, -20.9244281 ], [ -48.6579892, -20.9244544 ] ] ] } },
{ "type": "Feature", "properties": { "comp_m": 137.08 }, "geometry": { "type": "MultiLineString", "coordinates": [ [ [ -48.6579278, -20.923251 ], [ -48.6580451, -20.9234682 ], [ -48.6580853, -20.9235464 ], [ -48.6580832, -20.9235467 ], [ -48.6580894, -20.9235526 ], [ -48.658096, -20.9235679 ], [ -48.6580985, -20.9235854 ], [ -48.6580974, -20.9236122 ], [ -48.6580922, -20.9236377 ], [ -48.6580588, -20.9237533 ], [ -48.6580415, -20.92382 ], [ -48.658025, -20.9238963 ], [ -48.6580131, -20.9239653 ], [ -48.6580022, -20.9240531 ], [ -48.6579789, -20.9243017 ], [ -48.6579726, -20.9244374 ] ] ] } },
{ "type": "Feature", "properties": { "comp_m": 131.47 }, "geometry": { "type": "MultiLineString", "coordinates": [ [ [ -48.6579091, -20.9232756 ], [ -48.6580106, -20.9234643 ], [ -48.6580586, -20.923546 ], [ -48.6580675, -20.9235701 ], [ -48.6580711, -20.9235959 ], [ -48.6580699, -20.9236134 ], [ -48.6580663, -20.9236305 ], [ -48.6580379, -20.92372 ], [ -48.6580139, -20.9238111 ], [ -48.6579992, -20.9238786 ], [ -48.6579872, -20.9239471 ], [ -48.6579748, -20.924043 ], [ -48.6579509, -20.924281 ], [ -48.657943, -20.9244154 ] ] ] } },
{ "type": "Feature", "properties": { "comp_m": 129.29 }, "geometry": { "type": "MultiLineString", "coordinates": [ [ [ -48.6578982, -20.9232861 ], [ -48.6579966, -20.9234666 ], [ -48.6580401, -20.9235409 ], [ -48.6580517, -20.9235728 ], [ -48.6580554, -20.9235987 ], [ -48.6580539, -20.923616 ], [ -48.65805, -20.923633 ], [ -48.6580219, -20.9237224 ], [ -48.6579984, -20.9238137 ], [ -48.6579854, -20.9238726 ], [ -48.6579748, -20.9239324 ], [ -48.657966, -20.923993 ], [ -48.6579581, -20.9240631 ], [ -48.657939, -20.9242569 ], [ -48.6579265, -20.9244074 ] ] ] } },
{ "type": "Feature", "properties": { "comp_m": 125.35 }, "geometry": { "type": "MultiLineString", "coordinates": [ [ [ -48.6578756, -20.923294 ], [ -48.6578764, -20.9233025 ], [ -48.6578828, -20.9233181 ], [ -48.6580064, -20.9235451 ], [ -48.6580152, -20.9235691 ], [ -48.6580181, -20.9235952 ], [ -48.6580141, -20.9236396 ], [ -48.6579704, -20.9238062 ], [ -48.6579544, -20.9238826 ], [ -48.6579426, -20.9239515 ], [ -48.6579314, -20.9240391 ], [ -48.6579094, -20.9242605 ], [ -48.6579006, -20.9243857 ] ] ] } },
{ "type": "Feature", "properties": { "comp_m": 123.93 }, "geometry": { "type": "MultiLineString", "coordinates": [ [ [ -48.6578602, -20.9232942 ], [ -48.6578646, -20.9233106 ], [ -48.6578718, -20.9233261 ], [ -48.6579922, -20.9235533 ], [ -48.6579981, -20.9235693 ], [ -48.658002, -20.9235951 ], [ -48.658001, -20.9236219 ], [ -48.6579965, -20.9236479 ], [ -48.6579845, -20.923698 ], [ -48.6579556, -20.9238057 ], [ -48.65794, -20.923882 ], [ -48.6579282, -20.9239507 ], [ -48.6579125, -20.9240821 ], [ -48.6578924, -20.9242852 ], [ -48.6578858, -20.9243742 ] ] ] } },
{ "type": "Feature", "properties": { "comp_m": 118.74 }, "geometry": { "type": "MultiLineString", "coordinates": [ [ [ -48.6578409, -20.9233289 ], [ -48.6578739, -20.9233895 ], [ -48.657944, -20.9235273 ], [ -48.6579618, -20.9235754 ], [ -48.6579684, -20.9236094 ], [ -48.6579669, -20.9236362 ], [ -48.6579612, -20.923671 ], [ -48.6579245, -20.9238128 ], [ -48.6579108, -20.923881 ], [ -48.6578994, -20.9239502 ], [ -48.6578843, -20.9240732 ], [ -48.6578803, -20.9241269 ], [ -48.6578618, -20.9243131 ], [ -48.6578587, -20.9243668 ] ] ] } },
{ "type": "Feature", "properties": { "comp_m": 116.13 }, "geometry": { "type": "MultiLineString", "coordinates": [ [ [ -48.6578306, -20.9233415 ], [ -48.6578521, -20.9233789 ], [ -48.6579039, -20.9234774 ], [ -48.6579299, -20.9235312 ], [ -48.6579388, -20.9235551 ], [ -48.6579457, -20.9235798 ], [ -48.6579501, -20.9236054 ], [ -48.657951, -20.9236229 ], [ -48.6579497, -20.9236495 ], [ -48.6579442, -20.9236842 ], [ -48.6579089, -20.9238167 ], [ -48.6578951, -20.9238846 ], [ -48.6578866, -20.9239362 ], [ -48.6578758, -20.9240236 ], [ -48.657848, -20.9243061 ], [ -48.6578457, -20.9243576 ] ] ] } },
{ "type": "Feature", "properties": { "comp_m": 115.35 }, "geometry": { "type": "MultiLineString", "coordinates": [ [ [ -48.6578178, -20.9233369 ], [ -48.6578197, -20.9233472 ], [ -48.6578232, -20.923355 ], [ -48.6578994, -20.9234995 ], [ -48.6579177, -20.9235382 ], [ -48.6579304, -20.923579 ], [ -48.6579349, -20.9236047 ], [ -48.6579364, -20.9236222 ], [ -48.6579348, -20.9236492 ], [ -48.6579277, -20.9236924 ], [ -48.6578955, -20.9238084 ], [ -48.6578817, -20.9238765 ], [ -48.6578718, -20.923937 ], [ -48.657863, -20.9240071 ], [ -48.6578514, -20.9241315 ], [ -48.6578451, -20.9241842 ], [ -48.6578411, -20.9242379 ], [ -48.6578332, -20.9242992 ], [ -48.6578305, -20.9243468 ] ] ] } },
{ "type": "Feature", "properties": { "comp_m": 111.31 }, "geometry": { "type": "MultiLineString", "coordinates": [ [ [ -48.6578117, -20.9233614 ], [ -48.6578864, -20.9235061 ], [ -48.6579041, -20.9235449 ], [ -48.657917, -20.9235858 ], [ -48.6579209, -20.9236115 ], [ -48.6579215, -20.9236292 ], [ -48.6579197, -20.9236559 ], [ -48.6579152, -20.9236819 ], [ -48.6578789, -20.9238143 ], [ -48.6578575, -20.9239345 ], [ -48.6578486, -20.9240045 ], [ -48.6578265, -20.9242347 ], [ -48.6578167, -20.9243136 ], [ -48.6578162, -20.9243365 ] ] ] } },
{ "type": "Feature", "properties": { "comp_m": 108.28 }, "geometry": { "type": "MultiLineString", "coordinates": [ [ [ -48.6578003, -20.9233731 ], [ -48.6578534, -20.9234719 ], [ -48.6578869, -20.9235413 ], [ -48.6579009, -20.9235819 ], [ -48.6579057, -20.9236075 ], [ -48.6579069, -20.9236251 ], [ -48.6579064, -20.923643 ], [ -48.6579028, -20.9236694 ], [ -48.6578649, -20.923811 ], [ -48.6578422, -20.9239402 ], [ -48.6578345, -20.9240017 ], [ -48.6578046, -20.9242942 ], [ -48.6578034, -20.9243215 ] ] ] } },
{ "type": "Feature", "properties": { "comp_m": 107.45 }, "geometry": { "type": "MultiLineString", "coordinates": [ [ [ -48.6577866, -20.9233779 ], [ -48.6578241, -20.9234454 ], [ -48.6578728, -20.923545 ], [ -48.6578864, -20.9235852 ], [ -48.6578909, -20.9236107 ], [ -48.6578918, -20.9236285 ], [ -48.6578909, -20.9236463 ], [ -48.6578864, -20.923672 ], [ -48.6578562, -20.9237881 ], [ -48.6578468, -20.9238302 ], [ -48.6578252, -20.9239589 ], [ -48.6578176, -20.9240201 ], [ -48.6577996, -20.9242144 ], [ -48.6577901, -20.9242931 ], [ -48.65779, -20.9243104 ], [ -48.6577918, -20.924319 ] ] ] } },
{ "type": "Feature", "properties": { "comp_m": 103.36 }, "geometry": { "type": "MultiLineString", "coordinates": [ [ [ -48.6577709, -20.9233917 ], [ -48.6577819, -20.923396 ], [ -48.6578294, -20.9234875 ], [ -48.6578615, -20.9235572 ], [ -48.6578739, -20.9235985 ], [ -48.6578763, -20.9236157 ], [ -48.6578767, -20.9236332 ], [ -48.6578753, -20.9236507 ], [ -48.6578708, -20.9236767 ], [ -48.6578447, -20.9237766 ], [ -48.6578313, -20.9238357 ], [ -48.6578148, -20.9239302 ], [ -48.6578041, -20.9240088 ], [ -48.6577877, -20.9241863 ], [ -48.6577764, -20.9242919 ] ] ] } },
{ "type": "Feature", "properties": { "comp_m": 99.31 }, "geometry": { "type": "MultiLineString", "coordinates": [ [ [ -48.6577749, -20.9234135 ], [ -48.6578223, -20.923505 ], [ -48.6578509, -20.9235671 ], [ -48.6578566, -20.9235832 ], [ -48.6578603, -20.9236 ], [ -48.6578627, -20.9236355 ], [ -48.6578612, -20.923653 ], [ -48.6578563, -20.9236787 ], [ -48.6578359, -20.9237533 ], [ -48.6578144, -20.9238459 ], [ -48.657798, -20.9239406 ], [ -48.6577888, -20.9240105 ], [ -48.6577772, -20.924144 ], [ -48.6577618, -20.9242851 ] ] ] } },
{ "type": "Feature", "properties": { "comp_m": 98.05 }, "geometry": { "type": "MultiLineString", "coordinates": [ [ [ -48.6577609, -20.923415 ], [ -48.6577711, -20.9234385 ], [ -48.6577959, -20.9234837 ], [ -48.6578375, -20.9235681 ], [ -48.6578463, -20.9235921 ], [ -48.65785, -20.9236179 ], [ -48.6578493, -20.9236357 ], [ -48.6578454, -20.9236616 ], [ -48.657823, -20.9237446 ], [ -48.6578038, -20.9238287 ], [ -48.6577825, -20.9239487 ], [ -48.6577759, -20.9240012 ], [ -48.6577556, -20.9242136 ], [ -48.6577467, -20.9242743 ] ] ] } },
{ "type": "Feature", "properties": { "comp_m": 96.79 }, "geometry": { "type": "MultiLineString", "coordinates": [ [ [ -48.6577439, -20.9234275 ], [ -48.6577507, -20.9234328 ], [ -48.6577558, -20.9234396 ], [ -48.6578167, -20.9235541 ], [ -48.6578327, -20.923594 ], [ -48.6578363, -20.92362 ], [ -48.6578318, -20.9236554 ], [ -48.6578013, -20.9237726 ], [ -48.6577854, -20.9238495 ], [ -48.6577731, -20.9239186 ], [ -48.6577591, -20.924024 ], [ -48.6577429, -20.9242027 ], [ -48.6577326, -20.9242722 ] ] ] } },
{ "type": "Feature", "properties": { "comp_m": 89.74 }, "geometry": { "type": "MultiLineString", "coordinates": [ [ [ -48.6577351, -20.9234565 ], [ -48.6577368, -20.9234647 ], [ -48.6577405, -20.9234722 ], [ -48.6577743, -20.9235323 ], [ -48.6577926, -20.923571 ], [ -48.6577999, -20.9235956 ], [ -48.6578024, -20.9236218 ], [ -48.6577988, -20.9236575 ], [ -48.6577769, -20.9237498 ], [ -48.6577608, -20.9238261 ], [ -48.6577477, -20.9238945 ], [ -48.6577356, -20.9239724 ], [ -48.6577238, -20.9240872 ], [ -48.6577195, -20.92415 ], [ -48.6577088, -20.9242463 ] ] ] } },
{ "type": "Feature", "properties": { "comp_m": 95.3 }, "geometry": { "type": "MultiLineString", "coordinates": [ [ [ -48.6577345, -20.9234341 ], [ -48.6577428, -20.9234445 ], [ -48.6577877, -20.9235283 ], [ -48.6578101, -20.9235748 ], [ -48.6578177, -20.9235995 ], [ -48.6578194, -20.9236263 ], [ -48.6578149, -20.9236616 ], [ -48.657799, -20.92372 ], [ -48.6577793, -20.9238047 ], [ -48.6577545, -20.9239429 ], [ -48.6577412, -20.9240579 ], [ -48.6577289, -20.9242008 ], [ -48.6577218, -20.9242441 ], [ -48.6577214, -20.9242686 ] ] ] } },
{ "type": "Feature", "properties": { "comp_m": 65.9 }, "geometry": { "type": "MultiLineString", "coordinates": [ [ [ -48.657727, -20.9236006 ], [ -48.657727, -20.923637 ], [ -48.6577223, -20.9236721 ], [ -48.6576894, -20.9238173 ], [ -48.6576667, -20.9239479 ], [ -48.6576407, -20.9241891 ] ] ] } },
{ "type": "Feature", "properties": { "comp_m": 85.84 }, "geometry": { "type": "MultiLineString", "coordinates": [ [ [ -48.6577275, -20.9234773 ], [ -48.6577503, -20.9235146 ], [ -48.6577724, -20.9235613 ], [ -48.6577831, -20.9235942 ], [ -48.6577861, -20.9236115 ], [ -48.6577868, -20.9236295 ], [ -48.6577836, -20.9236563 ], [ -48.6577447, -20.9238356 ], [ -48.6577263, -20.9239396 ], [ -48.6577155, -20.9240281 ], [ -48.6576962, -20.9242338 ] ] ] } },
{ "type": "Feature", "properties": { "comp_m": 85.23 }, "geometry": { "type": "MultiLineString", "coordinates": [ [ [ -48.6577191, -20.9234891 ], [ -48.6577409, -20.9235267 ], [ -48.6577586, -20.9235659 ], [ -48.657768, -20.9235994 ], [ -48.6577708, -20.9236345 ], [ -48.6577648, -20.9236782 ], [ -48.6577433, -20.9237715 ], [ -48.6577241, -20.9238657 ], [ -48.6577087, -20.9239614 ], [ -48.6577015, -20.9240234 ], [ -48.6576873, -20.9241753 ], [ -48.657685, -20.9242113 ], [ -48.6576847, -20.9242424 ] ] ] } },
{ "type": "Feature", "properties": { "comp_m": 10.27 }, "geometry": { "type": "MultiLineString", "coordinates": [ [ [ -48.6576783, -20.9234998 ], [ -48.6576787, -20.9235064 ], [ -48.657683, -20.9235175 ], [ -48.657709, -20.9235611 ], [ -48.6577172, -20.9235842 ] ] ] } },
{ "type": "Feature", "properties": { "comp_m": 83.41 }, "geometry": { "type": "MultiLineString", "coordinates": [ [ [ -48.6577067, -20.9234935 ], [ -48.6577345, -20.9235475 ], [ -48.6577473, -20.9235793 ], [ -48.6577553, -20.9236136 ], [ -48.6577563, -20.92364 ], [ -48.6577507, -20.9236747 ], [ -48.6577128, -20.923845 ], [ -48.6576981, -20.9239318 ], [ -48.6576861, -20.9240289 ], [ -48.657681, -20.9240918 ], [ -48.6576724, -20.9241718 ], [ -48.657669, -20.9242311 ] ] ] } },
{ "type": "Feature", "properties": { "comp_m": 79.93 }, "geometry": { "type": "MultiLineString", "coordinates": [ [ [ -48.6576962, -20.9235072 ], [ -48.6577244, -20.9235606 ], [ -48.6577345, -20.9235847 ], [ -48.6577406, -20.9236101 ], [ -48.6577419, -20.9236364 ], [ -48.6577369, -20.9236712 ], [ -48.657702, -20.9238247 ], [ -48.6576862, -20.9239112 ], [ -48.6576746, -20.9239995 ], [ -48.6576535, -20.9242136 ] ] ] } },
{ "type": "Feature", "properties": { "comp_m": 74.72 }, "geometry": { "type": "MultiLineString", "coordinates": [ [ [ -48.6576699, -20.9235287 ], [ -48.657681, -20.9235421 ], [ -48.6576905, -20.9235568 ], [ -48.6577107, -20.923595 ], [ -48.6577152, -20.9236116 ], [ -48.6577156, -20.9236384 ], [ -48.6577114, -20.9236645 ], [ -48.6576956, -20.9237229 ], [ -48.657684, -20.9237737 ], [ -48.6576564, -20.9239198 ], [ -48.657648, -20.9239812 ], [ -48.6576337, -20.9241235 ], [ -48.6576261, -20.9241852 ] ] ] } },
{ "type": "Feature", "properties": { "comp_m": 65.78 }, "geometry": { "type": "MultiLineString", "coordinates": [ [ [ -48.6576528, -20.9235725 ], [ -48.6576645, -20.9235957 ], [ -48.6576694, -20.9236125 ], [ -48.6576711, -20.9236301 ], [ -48.6576702, -20.9236478 ], [ -48.6576653, -20.9236737 ], [ -48.6576445, -20.9237498 ], [ -48.6576222, -20.9238623 ], [ -48.6576042, -20.9239859 ], [ -48.657591, -20.9241116 ], [ -48.6575886, -20.9241566 ] ] ] } },
{ "type": "Feature", "properties": { "comp_m": 72.83 }, "geometry": { "type": "MultiLineString", "coordinates": [ [ [ -48.6576528, -20.9235295 ], [ -48.6576735, -20.9235551 ], [ -48.6576918, -20.9235851 ], [ -48.6577004, -20.9236097 ], [ -48.6577023, -20.923636 ], [ -48.6576982, -20.923662 ], [ -48.6576815, -20.9237206 ], [ -48.6576694, -20.9237715 ], [ -48.6576452, -20.923901 ], [ -48.6576315, -20.9239978 ], [ -48.6576142, -20.9241674 ] ] ] } },
{ "type": "Feature", "properties": { "comp_m": 70.06 }, "geometry": { "type": "MultiLineString", "coordinates": [ [ [ -48.6576441, -20.9235397 ], [ -48.6576692, -20.9235734 ], [ -48.657678, -20.9235887 ], [ -48.6576862, -20.9236135 ], [ -48.657687, -20.9236397 ], [ -48.6576822, -20.9236657 ], [ -48.6576678, -20.923716 ], [ -48.6576553, -20.9237668 ], [ -48.6576341, -20.923879 ], [ -48.6576158, -20.9240112 ], [ -48.6576027, -20.9241547 ] ] ] } },
{ "type": "Feature", "properties": { "comp_m": 68.05 }, "geometry": { "type": "MultiLineString", "coordinates": [ [ [ -48.6576336, -20.923552 ], [ -48.6576398, -20.9235565 ], [ -48.6576422, -20.9235645 ], [ -48.6576441, -20.9235816 ], [ -48.6576544, -20.9236236 ], [ -48.6576543, -20.92365 ], [ -48.6576492, -20.923676 ], [ -48.6576238, -20.9237771 ], [ -48.657603, -20.9238894 ], [ -48.6575884, -20.9239949 ], [ -48.6575727, -20.9241556 ] ] ] } },
{ "type": "Feature", "properties": { "comp_m": 65.76 }, "geometry": { "type": "MultiLineString", "coordinates": [ [ [ -48.6576252, -20.923569 ], [ -48.6576381, -20.9236287 ], [ -48.6576383, -20.9236551 ], [ -48.6576352, -20.9236725 ], [ -48.6576175, -20.9237402 ], [ -48.6576061, -20.9237915 ], [ -48.6575819, -20.923931 ], [ -48.6575727, -20.924002 ], [ -48.6575599, -20.9241276 ], [ -48.6575598, -20.9241453 ], [ -48.6575625, -20.9241549 ] ] ] } },
{ "type": "Feature", "properties": { "comp_m": 60.37 }, "geometry": { "type": "MultiLineString", "coordinates": [ [ [ -48.6576185, -20.9236046 ], [ -48.6576235, -20.9236392 ], [ -48.6576214, -20.9236655 ], [ -48.6575947, -20.9237752 ], [ -48.6575735, -20.9238871 ], [ -48.6575635, -20.9239572 ], [ -48.6575459, -20.9241261 ], [ -48.6575462, -20.9241433 ] ] ] } },
{ "type": "Feature", "properties": { "comp_m": 57.34 }, "geometry": { "type": "MultiLineString", "coordinates": [ [ [ -48.6576038, -20.9236156 ], [ -48.6576081, -20.9236339 ], [ -48.657608, -20.9236519 ], [ -48.6575779, -20.9237898 ], [ -48.6575614, -20.923877 ], [ -48.6575488, -20.9239656 ], [ -48.6575302, -20.9241269 ] ] ] } },
{ "type": "Feature", "properties": { "comp_m": 55.52 }, "geometry": { "type": "MultiLineString", "coordinates": [ [ [ -48.6575938, -20.923629 ], [ -48.6575938, -20.9236491 ], [ -48.657591, -20.9236596 ], [ -48.6575864, -20.9236688 ], [ -48.657586, -20.9236684 ], [ -48.6575506, -20.9238581 ], [ -48.657538, -20.9239364 ], [ -48.6575288, -20.9240254 ], [ -48.6575182, -20.9241047 ], [ -48.6575181, -20.9241222 ], [ -48.6575182, -20.9241232 ] ] ] } },
{ "type": "Feature", "properties": { "comp_m": 48.2 }, "geometry": { "type": "MultiLineString", "coordinates": [ [ [ -48.6575692, -20.9236774 ], [ -48.6575304, -20.923887 ], [ -48.6575088, -20.924066 ], [ -48.6575043, -20.9240829 ], [ -48.6574937, -20.9241057 ] ] ] } },
{ "type": "Feature", "properties": { "comp_m": 41.86 }, "geometry": { "type": "MultiLineString", "coordinates": [ [ [ -48.6575481, -20.9237069 ], [ -48.6575286, -20.9238123 ], [ -48.6575156, -20.9238921 ], [ -48.6575045, -20.9239727 ], [ -48.657492, -20.924081 ] ] ] } },
{ "type": "Feature", "properties": { "comp_m": 43.53 }, "geometry": { "type": "MultiLineString", "coordinates": [ [ [ -48.6575414, -20.9237052 ], [ -48.6575353, -20.9237113 ], [ -48.6575298, -20.9237277 ], [ -48.6575146, -20.9238066 ], [ -48.6575045, -20.9238687 ], [ -48.6574774, -20.9240656 ], [ -48.6574796, -20.9240826 ], [ -48.6574839, -20.9240904 ] ] ] } },
{ "type": "Feature", "properties": { "comp_m": 37.63 }, "geometry": { "type": "MultiLineString", "coordinates": [ [ [ -48.6575107, -20.9237413 ], [ -48.657489, -20.9238733 ], [ -48.6574612, -20.9240779 ] ] ] } },
{ "type": "Feature", "properties": { "comp_m": 32.35 }, "geometry": { "type": "MultiLineString", "coordinates": [ [ [ -48.6574919, -20.9237688 ], [ -48.6574758, -20.9238581 ], [ -48.657449, -20.924058 ] ] ] } },
{ "type": "Feature", "properties": { "comp_m": 26.75 }, "geometry": { "type": "MultiLineString", "coordinates": [ [ [ -48.6574649, -20.9238095 ], [ -48.6574564, -20.9238926 ], [ -48.6574352, -20.9240493 ] ] ] } },
{ "type": "Feature", "properties": { "comp_m": 23.87 }, "geometry": { "type": "MultiLineString", "coordinates": [ [ [ -48.6574484, -20.923826 ], [ -48.6574374, -20.9239291 ], [ -48.6574213, -20.9240399 ] ] ] } },
{ "type": "Feature", "properties": { "comp_m": 24.17 }, "geometry": { "type": "MultiLineString", "coordinates": [ [ [ -48.6574302, -20.9238267 ], [ -48.657423, -20.9239273 ], [ -48.6574072, -20.9240438 ] ] ] } },
{ "type": "Feature", "properties": { "comp_m": 17.32 }, "geometry": { "type": "MultiLineString", "coordinates": [ [ [ -48.6574102, -20.9238784 ], [ -48.6574083, -20.9239209 ], [ -48.6573963, -20.9240048 ], [ -48.6573934, -20.9240338 ] ] ] } },
{ "type": "Feature", "properties": { "comp_m": 186.74 }, "geometry": { "type": "MultiLineString", "coordinates": [ [ [ -48.6580842, -20.923026 ], [ -48.6581209, -20.9230764 ], [ -48.6581613, -20.9231435 ], [ -48.6582874, -20.9233796 ], [ -48.658321, -20.9234493 ], [ -48.6583461, -20.923513 ], [ -48.6583536, -20.9235375 ], [ -48.658359, -20.9235629 ], [ -48.6583615, -20.9235894 ], [ -48.6583616, -20.9236162 ], [ -48.6583581, -20.9236475 ], [ -48.6583535, -20.9236729 ], [ -48.6583476, -20.9236919 ], [ -48.658309, -20.9238143 ], [ -48.6582898, -20.9238895 ], [ -48.6582757, -20.9239669 ], [ -48.6582617, -20.9240719 ], [ -48.6582464, -20.9242318 ], [ -48.6582391, -20.9242934 ], [ -48.6582331, -20.9244109 ], [ -48.6582327, -20.9244564 ], [ -48.6582344, -20.9245106 ], [ -48.6582407, -20.9245994 ], [ -48.6582455, -20.924634 ] ] ] } },
{ "type": "Feature", "properties": { "comp_m": 177.21 }, "geometry": { "type": "MultiLineString", "coordinates": [ [ [ -48.6580454, -20.9230735 ], [ -48.6580694, -20.9231003 ], [ -48.6580971, -20.923145 ], [ -48.6582247, -20.9233817 ], [ -48.6582554, -20.9234436 ], [ -48.6582801, -20.9234985 ], [ -48.6583004, -20.9235552 ], [ -48.6583067, -20.9235895 ], [ -48.658308, -20.9236392 ], [ -48.6583037, -20.9236629 ], [ -48.6582924, -20.9236872 ], [ -48.6582782, -20.9237217 ], [ -48.6582753, -20.923737 ], [ -48.6582523, -20.9238037 ], [ -48.6582264, -20.9239132 ], [ -48.658207, -20.9240252 ], [ -48.6581993, -20.9241236 ], [ -48.6581818, -20.9242917 ], [ -48.658175, -20.9243813 ], [ -48.6581739, -20.9244449 ], [ -48.6581766, -20.9245624 ], [ -48.658178, -20.9245801 ], [ -48.6581818, -20.9245969 ] ] ] } },
{ "type": "Feature", "properties": { "comp_m": 404.35 }, "geometry": { "type": "MultiLineString", "coordinates": [ [ [ -48.6634052, -20.9253423 ], [ -48.6634082, -20.9253445 ] ] ] } },
{ "type": "Feature", "properties": { "comp_m": 400.29 }, "geometry": { "type": "MultiLineString", "coordinates": [ [ [ -48.6633958, -20.9253541 ], [ -48.6634046, -20.925361 ] ] ] } },
{ "type": "Feature", "properties": { "comp_m": 395.03 }, "geometry": { "type": "MultiLineString", "coordinates": [ [ [ -48.6633776, -20.925377 ], [ -48.6633811, -20.9253799 ] ] ] } },
{ "type": "Feature", "properties": { "comp_m": 719.65 }, "geometry": { "type": "MultiLineString", "coordinates": [ [ [ -48.6631516, -20.9256209 ], [ -48.6631505, -20.9256202 ], [ -48.6631007, -20.925581 ], [ -48.6629984, -20.9255086 ], [ -48.6629267, -20.9254537 ], [ -48.6625546, -20.9251887 ], [ -48.6623737, -20.9250552 ], [ -48.6622054, -20.9249367 ], [ -48.6620249, -20.9248026 ], [ -48.6617929, -20.924633 ], [ -48.6617049, -20.9245715 ], [ -48.6615598, -20.9244656 ], [ -48.6613915, -20.9243472 ], [ -48.661188, -20.9241999 ], [ -48.6608815, -20.9239815 ], [ -48.6608097, -20.923927 ], [ -48.6607215, -20.9238661 ], [ -48.6606792, -20.9238322 ], [ -48.6605484, -20.9237375 ], [ -48.6604529, -20.9236713 ], [ -48.6604322, -20.9236538 ] ] ] } },
{ "type": "Feature", "properties": { "comp_m": 281.41 }, "geometry": { "type": "MultiLineString", "coordinates": [ [ [ -48.6615719, -20.9262645 ], [ -48.6616021, -20.9264479 ], [ -48.6616107, -20.9265176 ], [ -48.6616161, -20.9265793 ], [ -48.66162, -20.9266597 ], [ -48.661623, -20.9267771 ], [ -48.661625, -20.9270849 ] ] ] } },
{ "type": "Feature", "properties": { "comp_m": 281.41 }, "geometry": { "type": "MultiLineString", "coordinates": [ [ [ -48.661898, -20.9264903 ], [ -48.6619036, -20.9265574 ], [ -48.6619069, -20.92663 ], [ -48.6619129, -20.9269416 ], [ -48.6619171, -20.9270823 ] ] ] } },
{ "type": "Feature", "properties": { "comp_m": 198.04 }, "geometry": { "type": "MultiLineString", "coordinates": [ [ [ -48.6608981, -20.9247593 ], [ -48.6609064, -20.9247673 ], [ -48.6609509, -20.9247983 ], [ -48.6609791, -20.924822 ], [ -48.6610469, -20.9248869 ], [ -48.6610967, -20.9249411 ], [ -48.6611534, -20.9250113 ], [ -48.6612864, -20.92519 ], [ -48.6613167, -20.9252335 ], [ -48.6613334, -20.9252638 ] ] ] } },
{ "type": "Feature", "properties": { "comp_m": 79.85 }, "geometry": { "type": "MultiLineString", "coordinates": [ [ [ -48.6600648, -20.9240966 ], [ -48.6600617, -20.9241043 ], [ -48.6600553, -20.9241295 ], [ -48.6600299, -20.9242024 ], [ -48.6600215, -20.9242362 ], [ -48.6600172, -20.9242714 ], [ -48.6600174, -20.9242985 ], [ -48.6600218, -20.9243246 ], [ -48.6600276, -20.9243408 ], [ -48.6600405, -20.9243631 ], [ -48.6600689, -20.924398 ], [ -48.6601014, -20.9244316 ], [ -48.6601296, -20.9244559 ], [ -48.660152, -20.9244713 ], [ -48.6601757, -20.9244838 ], [ -48.6601924, -20.9244903 ], [ -48.6602356, -20.9245036 ], [ -48.660252, -20.9245107 ] ] ] } },
{ "type": "Feature", "properties": { "comp_m": 281.41 }, "geometry": { "type": "MultiLineString", "coordinates": [ [ [ -48.6600819, -20.9234162 ], [ -48.660085, -20.9235241 ], [ -48.6600847, -20.9235695 ], [ -48.6600864, -20.9236167 ] ] ] } },
{ "type": "Feature", "properties": { "comp_m": 94.78 }, "geometry": { "type": "MultiLineString", "coordinates": [ [ [ -48.6604233, -20.9239894 ], [ -48.6604321, -20.9239958 ] ] ] } },
{ "type": "Feature", "properties": { "comp_m": 421.77 }, "geometry": { "type": "MultiLineString", "coordinates": [ [ [ -48.6602519, -20.9229584 ], [ -48.6602718, -20.9229739 ] ] ] } },
{ "type": "Feature", "properties": { "comp_m": 409.22 }, "geometry": { "type": "MultiLineString", "coordinates": [ [ [ -48.6603124, -20.9230854 ], [ -48.6603164, -20.9230892 ] ] ] } },
{ "type": "Feature", "properties": { "comp_m": 470.78 }, "geometry": { "type": "MultiLineString", "coordinates": [ [ [ -48.6601203, -20.9227638 ], [ -48.6601356, -20.9227727 ], [ -48.6604996, -20.9230362 ], [ -48.6608192, -20.9232702 ], [ -48.6609222, -20.9233416 ], [ -48.6610308, -20.9234221 ], [ -48.6611043, -20.9234734 ], [ -48.6611836, -20.9235333 ], [ -48.6614393, -20.923716 ], [ -48.6614824, -20.923749 ], [ -48.6615852, -20.9238211 ], [ -48.6616355, -20.9238587 ], [ -48.6616581, -20.9238729 ], [ -48.6617094, -20.9239093 ], [ -48.6619277, -20.9240678 ], [ -48.6622274, -20.9242817 ], [ -48.6624666, -20.9244583 ], [ -48.6627949, -20.9246943 ], [ -48.6628732, -20.9247564 ], [ -48.6629253, -20.9247907 ], [ -48.6632321, -20.9250104 ], [ -48.6634127, -20.9251454 ], [ -48.66345, -20.9251699 ], [ -48.6635008, -20.9252071 ], [ -48.6635079, -20.9252129 ], [ -48.6635127, -20.9252203 ] ] ] } },
{ "type": "Feature", "properties": { "comp_m": 210.97 }, "geometry": { "type": "MultiLineString", "coordinates": [ [ [ -48.6615276, -20.9248865 ], [ -48.6615372, -20.9248947 ], [ -48.6615598, -20.9249087 ], [ -48.6615967, -20.9249345 ], [ -48.6617416, -20.9250429 ], [ -48.661866, -20.9251325 ], [ -48.661931, -20.9251817 ], [ -48.6619828, -20.9252175 ], [ -48.6624937, -20.925589 ], [ -48.6626114, -20.925672 ], [ -48.6627638, -20.9257852 ], [ -48.6629105, -20.92589 ] ] ] } },
{ "type": "Feature", "properties": { "comp_m": 210.97 }, "geometry": { "type": "MultiLineString", "coordinates": [ [ [ -48.6615671, -20.9249484 ], [ -48.6615755, -20.9249531 ], [ -48.6616332, -20.924998 ], [ -48.6618093, -20.9251266 ], [ -48.6619928, -20.9252603 ], [ -48.6620815, -20.9253231 ], [ -48.6621178, -20.9253508 ], [ -48.6622511, -20.9254444 ], [ -48.662309, -20.9254891 ], [ -48.6624343, -20.9255788 ], [ -48.6624851, -20.9256175 ], [ -48.6625522, -20.9256635 ], [ -48.662603, -20.9257016 ], [ -48.6626028, -20.9257013 ], [ -48.662646, -20.9257325 ], [ -48.6626619, -20.9257498 ], [ -48.662664, -20.925748 ], [ -48.6627189, -20.9257846 ], [ -48.6628414, -20.9258748 ], [ -48.6629035, -20.9259181 ] ] ] } },
{ "type": "Feature", "properties": { "comp_m": 133.16 }, "geometry": { "type": "MultiLineString", "coordinates": [ [ [ -48.6617363, -20.9253647 ], [ -48.6617443, -20.9253684 ], [ -48.6617462, -20.9253699 ] ] ] } },
{ "type": "Feature", "properties": { "comp_m": 130.7 }, "geometry": { "type": "MultiLineString", "coordinates": [ [ [ -48.6617441, -20.9253886 ], [ -48.6617485, -20.9253912 ] ] ] } },
{ "type": "Feature", "properties": { "comp_m": 210.97 }, "geometry": { "type": "MultiLineString", "coordinates": [ [ [ -48.6618592, -20.9260532 ], [ -48.6619034, -20.9260824 ], [ -48.6620174, -20.9261663 ] ] ] } }
]
}
